Facility Name,Facility ID,State,Measure Name,Number of Discharges,Excess Readmission Ratio,Number of Readmissions,HCAHPS Measure ID,HCAHPS Question,HCAHPS Answer Description,Patient Survey Star Rating,Number of Completed Surveys,Survey Response Rate Percent
RUSSELL COUNTY HOSPITAL,490002,VA,READM-30-PN-HRRP,91.0,1.0352,18,H_COMP_1_STAR_RATING,Nurse communication - star rating,Nurse communication - star rating,4.0,132.0,19.0
RUSSELL COUNTY HOSPITAL,490002,VA,READM-30-PN-HRRP,91.0,1.0352,18,H_COMP_2_STAR_RATING,Doctor communication - star rating,Doctor communication - star rating,2.0,132.0,19.0
RUSSELL COUNTY HOSPITAL,490002,VA,READM-30-PN-HRRP,91.0,1.0352,18,H_COMP_5_STAR_RATING,Communication about medicines - star rating,Communication about medicines - star rating,3.0,132.0,19.0
RUSSELL COUNTY HOSPITAL,490002,VA,READM-30-PN-HRRP,91.0,1.0352,18,H_COMP_6_STAR_RATING,Discharge information - star rating,Discharge information - star rating,3.0,132.0,19.0
RUSSELL COUNTY HOSPITAL,490002,VA,READM-30-PN-HRRP,91.0,1.0352,18,H_CLEAN_STAR_RATING,Cleanliness - star rating,Cleanliness - star rating,4.0,132.0,19.0
RUSSELL COUNTY HOSPITAL,490002,VA,READM-30-PN-HRRP,91.0,1.0352,18,H_QUIET_STAR_RATING,Quietness - star rating,Quietness - star rating,4.0,132.0,19.0
RUSSELL COUNTY HOSPITAL,490002,VA,READM-30-PN-HRRP,91.0,1.0352,18,H_HSP_RATING_STAR_RATING,Overall hospital rating - star rating,Overall hospital rating - star rating,3.0,132.0,19.0
RUSSELL COUNTY HOSPITAL,490002,VA,READM-30-PN-HRRP,91.0,1.0352,18,H_RECMND_STAR_RATING,Recommend hospital - star rating,Recommend hospital - star rating,3.0,132.0,19.0
RUSSELL COUNTY HOSPITAL,490002,VA,READM-30-PN-HRRP,91.0,1.0352,18,H_STAR_RATING,Summary star rating,Summary star rating,3.0,132.0,19.0
RUSSELL COUNTY HOSPITAL,490002,VA,READM-30-HF-HRRP,41.0,1.0391,11,H_COMP_1_STAR_RATING,Nurse communication - star rating,Nurse communication - star rating,4.0,132.0,19.0
RUSSELL COUNTY HOSPITAL,490002,VA,READM-30-HF-HRRP,41.0,1.0391,11,H_COMP_2_STAR_RATING,Doctor communication - star rating,Doctor communication - star rating,2.0,132.0,19.0
RUSSELL COUNTY HOSPITAL,490002,VA,READM-30-HF-HRRP,41.0,1.0391,11,H_COMP_5_STAR_RATING,Communication about medicines - star rating,Communication about medicines - star rating,3.0,132.0,19.0
RUSSELL COUNTY HOSPITAL,490002,VA,READM-30-HF-HRRP,41.0,1.0391,11,H_COMP_6_STAR_RATING,Discharge information - star rating,Discharge information - star rating,3.0,132.0,19.0
RUSSELL COUNTY HOSPITAL,490002,VA,READM-30-HF-HRRP,41.0,1.0391,11,H_CLEAN_STAR_RATING,Cleanliness - star rating,Cleanliness - star rating,4.0,132.0,19.0
RUSSELL COUNTY HOSPITAL,490002,VA,READM-30-HF-HRRP,41.0,1.0391,11,H_QUIET_STAR_RATING,Quietness - star rating,Quietness - star rating,4.0,132.0,19.0
RUSSELL COUNTY HOSPITAL,490002,VA,READM-30-HF-HRRP,41.0,1.0391,11,H_HSP_RATING_STAR_RATING,Overall hospital rating - star rating,Overall hospital rating - star rating,3.0,132.0,19.0
RUSSELL COUNTY HOSPITAL,490002,VA,READM-30-HF-HRRP,41.0,1.0391,11,H_RECMND_STAR_RATING,Recommend hospital - star rating,Recommend hospital - star rating,3.0,132.0,19.0
RUSSELL COUNTY HOSPITAL,490002,VA,READM-30-HF-HRRP,41.0,1.0391,11,H_STAR_RATING,Summary star rating,Summary star rating,3.0,132.0,19.0
RUSSELL COUNTY HOSPITAL,490002,VA,READM-30-COPD-HRRP,28.0,1.0766,11,H_COMP_1_STAR_RATING,Nurse communication - star rating,Nurse communication - star rating,4.0,132.0,19.0
RUSSELL COUNTY HOSPITAL,490002,VA,READM-30-COPD-HRRP,28.0,1.0766,11,H_COMP_2_STAR_RATING,Doctor communication - star rating,Doctor communication - star rating,2.0,132.0,19.0
RUSSELL COUNTY HOSPITAL,490002,VA,READM-30-COPD-HRRP,28.0,1.0766,11,H_COMP_5_STAR_RATING,Communication about medicines - star rating,Communication about medicines - star rating,3.0,132.0,19.0
RUSSELL COUNTY HOSPITAL,490002,VA,READM-30-COPD-HRRP,28.0,1.0766,11,H_COMP_6_STAR_RATING,Discharge information - star rating,Discharge information - star rating,3.0,132.0,19.0
RUSSELL COUNTY HOSPITAL,490002,VA,READM-30-COPD-HRRP,28.0,1.0766,11,H_CLEAN_STAR_RATING,Cleanliness - star rating,Cleanliness - star rating,4.0,132.0,19.0
RUSSELL COUNTY HOSPITAL,490002,VA,READM-30-COPD-HRRP,28.0,1.0766,11,H_QUIET_STAR_RATING,Quietness - star rating,Quietness - star rating,4.0,132.0,19.0
RUSSELL COUNTY HOSPITAL,490002,VA,READM-30-COPD-HRRP,28.0,1.0766,11,H_HSP_RATING_STAR_RATING,Overall hospital rating - star rating,Overall hospital rating - star rating,3.0,132.0,19.0
RUSSELL COUNTY HOSPITAL,490002,VA,READM-30-COPD-HRRP,28.0,1.0766,11,H_RECMND_STAR_RATING,Recommend hospital - star rating,Recommend hospital - star rating,3.0,132.0,19.0
RUSSELL COUNTY HOSPITAL,490002,VA,READM-30-COPD-HRRP,28.0,1.0766,11,H_STAR_RATING,Summary star rating,Summary star rating,3.0,132.0,19.0
SENTARA RMH MEDICAL CENTER,490004,VA,READM-30-PN-HRRP,653.0,0.9823,101,H_COMP_1_STAR_RATING,Nurse communication - star rating,Nurse communication - star rating,4.0,571.0,23.0
SENTARA RMH MEDICAL CENTER,490004,VA,READM-30-PN-HRRP,653.0,0.9823,101,H_COMP_2_STAR_RATING,Doctor communication - star rating,Doctor communication - star rating,4.0,571.0,23.0
SENTARA RMH MEDICAL CENTER,490004,VA,READM-30-PN-HRRP,653.0,0.9823,101,H_COMP_5_STAR_RATING,Communication about medicines - star rating,Communication about medicines - star rating,2.0,571.0,23.0
SENTARA RMH MEDICAL CENTER,490004,VA,READM-30-PN-HRRP,653.0,0.9823,101,H_COMP_6_STAR_RATING,Discharge information - star rating,Discharge information - star rating,3.0,571.0,23.0
SENTARA RMH MEDICAL CENTER,490004,VA,READM-30-PN-HRRP,653.0,0.9823,101,H_CLEAN_STAR_RATING,Cleanliness - star rating,Cleanliness - star rating,3.0,571.0,23.0
SENTARA RMH MEDICAL CENTER,490004,VA,READM-30-PN-HRRP,653.0,0.9823,101,H_QUIET_STAR_RATING,Quietness - star rating,Quietness - star rating,3.0,571.0,23.0
SENTARA RMH MEDICAL CENTER,490004,VA,READM-30-PN-HRRP,653.0,0.9823,101,H_HSP_RATING_STAR_RATING,Overall hospital rating - star rating,Overall hospital rating - star rating,4.0,571.0,23.0
SENTARA RMH MEDICAL CENTER,490004,VA,READM-30-PN-HRRP,653.0,0.9823,101,H_RECMND_STAR_RATING,Recommend hospital - star rating,Recommend hospital - star rating,4.0,571.0,23.0
SENTARA RMH MEDICAL CENTER,490004,VA,READM-30-PN-HRRP,653.0,0.9823,101,H_STAR_RATING,Summary star rating,Summary star rating,3.0,571.0,23.0
SENTARA RMH MEDICAL CENTER,490004,VA,READM-30-HF-HRRP,976.0,1.0191,198,H_COMP_1_STAR_RATING,Nurse communication - star rating,Nurse communication - star rating,4.0,571.0,23.0
SENTARA RMH MEDICAL CENTER,490004,VA,READM-30-HF-HRRP,976.0,1.0191,198,H_COMP_2_STAR_RATING,Doctor communication - star rating,Doctor communication - star rating,4.0,571.0,23.0
SENTARA RMH MEDICAL CENTER,490004,VA,READM-30-HF-HRRP,976.0,1.0191,198,H_COMP_5_STAR_RATING,Communication about medicines - star rating,Communication about medicines - star rating,2.0,571.0,23.0
SENTARA RMH MEDICAL CENTER,490004,VA,READM-30-HF-HRRP,976.0,1.0191,198,H_COMP_6_STAR_RATING,Discharge information - star rating,Discharge information - star rating,3.0,571.0,23.0
SENTARA RMH MEDICAL CENTER,490004,VA,READM-30-HF-HRRP,976.0,1.0191,198,H_CLEAN_STAR_RATING,Cleanliness - star rating,Cleanliness - star rating,3.0,571.0,23.0
SENTARA RMH MEDICAL CENTER,490004,VA,READM-30-HF-HRRP,976.0,1.0191,198,H_QUIET_STAR_RATING,Quietness - star rating,Quietness - star rating,3.0,571.0,23.0
SENTARA RMH MEDICAL CENTER,490004,VA,READM-30-HF-HRRP,976.0,1.0191,198,H_HSP_RATING_STAR_RATING,Overall hospital rating - star rating,Overall hospital rating - star rating,4.0,571.0,23.0
SENTARA RMH MEDICAL CENTER,490004,VA,READM-30-HF-HRRP,976.0,1.0191,198,H_RECMND_STAR_RATING,Recommend hospital - star rating,Recommend hospital - star rating,4.0,571.0,23.0
SENTARA RMH MEDICAL CENTER,490004,VA,READM-30-HF-HRRP,976.0,1.0191,198,H_STAR_RATING,Summary star rating,Summary star rating,3.0,571.0,23.0
SENTARA RMH MEDICAL CENTER,490004,VA,READM-30-COPD-HRRP,160.0,0.963,28,H_COMP_1_STAR_RATING,Nurse communication - star rating,Nurse communication - star rating,4.0,571.0,23.0
SENTARA RMH MEDICAL CENTER,490004,VA,READM-30-COPD-HRRP,160.0,0.963,28,H_COMP_2_STAR_RATING,Doctor communication - star rating,Doctor communication - star rating,4.0,571.0,23.0
SENTARA RMH MEDICAL CENTER,490004,VA,READM-30-COPD-HRRP,160.0,0.963,28,H_COMP_5_STAR_RATING,Communication about medicines - star rating,Communication about medicines - star rating,2.0,571.0,23.0
SENTARA RMH MEDICAL CENTER,490004,VA,READM-30-COPD-HRRP,160.0,0.963,28,H_COMP_6_STAR_RATING,Discharge information - star rating,Discharge information - star rating,3.0,571.0,23.0
SENTARA RMH MEDICAL CENTER,490004,VA,READM-30-COPD-HRRP,160.0,0.963,28,H_CLEAN_STAR_RATING,Cleanliness - star rating,Cleanliness - star rating,3.0,571.0,23.0
SENTARA RMH MEDICAL CENTER,490004,VA,READM-30-COPD-HRRP,160.0,0.963,28,H_QUIET_STAR_RATING,Quietness - star rating,Quietness - star rating,3.0,571.0,23.0
SENTARA RMH MEDICAL CENTER,490004,VA,READM-30-COPD-HRRP,160.0,0.963,28,H_HSP_RATING_STAR_RATING,Overall hospital rating - star rating,Overall hospital rating - star rating,4.0,571.0,23.0
SENTARA RMH MEDICAL CENTER,490004,VA,READM-30-COPD-HRRP,160.0,0.963,28,H_RECMND_STAR_RATING,Recommend hospital - star rating,Recommend hospital - star rating,4.0,571.0,23.0
SENTARA RMH MEDICAL CENTER,490004,VA,READM-30-COPD-HRRP,160.0,0.963,28,H_STAR_RATING,Summary star rating,Summary star rating,3.0,571.0,23.0
SENTARA RMH MEDICAL CENTER,490004,VA,READM-30-AMI-HRRP,210.0,0.9131,20,H_COMP_1_STAR_RATING,Nurse communication - star rating,Nurse communication - star rating,4.0,571.0,23.0
SENTARA RMH MEDICAL CENTER,490004,VA,READM-30-AMI-HRRP,210.0,0.9131,20,H_COMP_2_STAR_RATING,Doctor communication - star rating,Doctor communication - star rating,4.0,571.0,23.0
SENTARA RMH MEDICAL CENTER,490004,VA,READM-30-AMI-HRRP,210.0,0.9131,20,H_COMP_5_STAR_RATING,Communication about medicines - star rating,Communication about medicines - star rating,2.0,571.0,23.0
SENTARA RMH MEDICAL CENTER,490004,VA,READM-30-AMI-HRRP,210.0,0.9131,20,H_COMP_6_STAR_RATING,Discharge information - star rating,Discharge information - star rating,3.0,571.0,23.0
SENTARA RMH MEDICAL CENTER,490004,VA,READM-30-AMI-HRRP,210.0,0.9131,20,H_CLEAN_STAR_RATING,Cleanliness - star rating,Cleanliness - star rating,3.0,571.0,23.0
SENTARA RMH MEDICAL CENTER,490004,VA,READM-30-AMI-HRRP,210.0,0.9131,20,H_QUIET_STAR_RATING,Quietness - star rating,Quietness - star rating,3.0,571.0,23.0
SENTARA RMH MEDICAL CENTER,490004,VA,READM-30-AMI-HRRP,210.0,0.9131,20,H_HSP_RATING_STAR_RATING,Overall hospital rating - star rating,Overall hospital rating - star rating,4.0,571.0,23.0
SENTARA RMH MEDICAL CENTER,490004,VA,READM-30-AMI-HRRP,210.0,0.9131,20,H_RECMND_STAR_RATING,Recommend hospital - star rating,Recommend hospital - star rating,4.0,571.0,23.0
SENTARA RMH MEDICAL CENTER,490004,VA,READM-30-AMI-HRRP,210.0,0.9131,20,H_STAR_RATING,Summary star rating,Summary star rating,3.0,571.0,23.0
WINCHESTER MEDICAL CENTER,490005,VA,READM-30-PN-HRRP,876.0,1.0739,147,H_COMP_1_STAR_RATING,Nurse communication - star rating,Nurse communication - star rating,4.0,1022.0,23.0
WINCHESTER MEDICAL CENTER,490005,VA,READM-30-PN-HRRP,876.0,1.0739,147,H_COMP_2_STAR_RATING,Doctor communication - star rating,Doctor communication - star rating,3.0,1022.0,23.0
WINCHESTER MEDICAL CENTER,490005,VA,READM-30-PN-HRRP,876.0,1.0739,147,H_COMP_5_STAR_RATING,Communication about medicines - star rating,Communication about medicines - star rating,2.0,1022.0,23.0
WINCHESTER MEDICAL CENTER,490005,VA,READM-30-PN-HRRP,876.0,1.0739,147,H_COMP_6_STAR_RATING,Discharge information - star rating,Discharge information - star rating,3.0,1022.0,23.0
WINCHESTER MEDICAL CENTER,490005,VA,READM-30-PN-HRRP,876.0,1.0739,147,H_CLEAN_STAR_RATING,Cleanliness - star rating,Cleanliness - star rating,4.0,1022.0,23.0
WINCHESTER MEDICAL CENTER,490005,VA,READM-30-PN-HRRP,876.0,1.0739,147,H_QUIET_STAR_RATING,Quietness - star rating,Quietness - star rating,3.0,1022.0,23.0
WINCHESTER MEDICAL CENTER,490005,VA,READM-30-PN-HRRP,876.0,1.0739,147,H_HSP_RATING_STAR_RATING,Overall hospital rating - star rating,Overall hospital rating - star rating,3.0,1022.0,23.0
WINCHESTER MEDICAL CENTER,490005,VA,READM-30-PN-HRRP,876.0,1.0739,147,H_RECMND_STAR_RATING,Recommend hospital - star rating,Recommend hospital - star rating,4.0,1022.0,23.0
WINCHESTER MEDICAL CENTER,490005,VA,READM-30-PN-HRRP,876.0,1.0739,147,H_STAR_RATING,Summary star rating,Summary star rating,3.0,1022.0,23.0
WINCHESTER MEDICAL CENTER,490005,VA,READM-30-HIP-KNEE-HRRP,165.0,1.0352,11,H_COMP_1_STAR_RATING,Nurse communication - star rating,Nurse communication - star rating,4.0,1022.0,23.0
WINCHESTER MEDICAL CENTER,490005,VA,READM-30-HIP-KNEE-HRRP,165.0,1.0352,11,H_COMP_2_STAR_RATING,Doctor communication - star rating,Doctor communication - star rating,3.0,1022.0,23.0
WINCHESTER MEDICAL CENTER,490005,VA,READM-30-HIP-KNEE-HRRP,165.0,1.0352,11,H_COMP_5_STAR_RATING,Communication about medicines - star rating,Communication about medicines - star rating,2.0,1022.0,23.0
WINCHESTER MEDICAL CENTER,490005,VA,READM-30-HIP-KNEE-HRRP,165.0,1.0352,11,H_COMP_6_STAR_RATING,Discharge information - star rating,Discharge information - star rating,3.0,1022.0,23.0
WINCHESTER MEDICAL CENTER,490005,VA,READM-30-HIP-KNEE-HRRP,165.0,1.0352,11,H_CLEAN_STAR_RATING,Cleanliness - star rating,Cleanliness - star rating,4.0,1022.0,23.0
WINCHESTER MEDICAL CENTER,490005,VA,READM-30-HIP-KNEE-HRRP,165.0,1.0352,11,H_QUIET_STAR_RATING,Quietness - star rating,Quietness - star rating,3.0,1022.0,23.0
WINCHESTER MEDICAL CENTER,490005,VA,READM-30-HIP-KNEE-HRRP,165.0,1.0352,11,H_HSP_RATING_STAR_RATING,Overall hospital rating - star rating,Overall hospital rating - star rating,3.0,1022.0,23.0
WINCHESTER MEDICAL CENTER,490005,VA,READM-30-HIP-KNEE-HRRP,165.0,1.0352,11,H_RECMND_STAR_RATING,Recommend hospital - star rating,Recommend hospital - star rating,4.0,1022.0,23.0
WINCHESTER MEDICAL CENTER,490005,VA,READM-30-HIP-KNEE-HRRP,165.0,1.0352,11,H_STAR_RATING,Summary star rating,Summary star rating,3.0,1022.0,23.0
WINCHESTER MEDICAL CENTER,490005,VA,READM-30-HF-HRRP,1324.0,1.0076,260,H_COMP_1_STAR_RATING,Nurse communication - star rating,Nurse communication - star rating,4.0,1022.0,23.0
WINCHESTER MEDICAL CENTER,490005,VA,READM-30-HF-HRRP,1324.0,1.0076,260,H_COMP_2_STAR_RATING,Doctor communication - star rating,Doctor communication - star rating,3.0,1022.0,23.0
WINCHESTER MEDICAL CENTER,490005,VA,READM-30-HF-HRRP,1324.0,1.0076,260,H_COMP_5_STAR_RATING,Communication about medicines - star rating,Communication about medicines - star rating,2.0,1022.0,23.0
WINCHESTER MEDICAL CENTER,490005,VA,READM-30-HF-HRRP,1324.0,1.0076,260,H_COMP_6_STAR_RATING,Discharge information - star rating,Discharge information - star rating,3.0,1022.0,23.0
WINCHESTER MEDICAL CENTER,490005,VA,READM-30-HF-HRRP,1324.0,1.0076,260,H_CLEAN_STAR_RATING,Cleanliness - star rating,Cleanliness - star rating,4.0,1022.0,23.0
WINCHESTER MEDICAL CENTER,490005,VA,READM-30-HF-HRRP,1324.0,1.0076,260,H_QUIET_STAR_RATING,Quietness - star rating,Quietness - star rating,3.0,1022.0,23.0
WINCHESTER MEDICAL CENTER,490005,VA,READM-30-HF-HRRP,1324.0,1.0076,260,H_HSP_RATING_STAR_RATING,Overall hospital rating - star rating,Overall hospital rating - star rating,3.0,1022.0,23.0
WINCHESTER MEDICAL CENTER,490005,VA,READM-30-HF-HRRP,1324.0,1.0076,260,H_RECMND_STAR_RATING,Recommend hospital - star rating,Recommend hospital - star rating,4.0,1022.0,23.0
WINCHESTER MEDICAL CENTER,490005,VA,READM-30-HF-HRRP,1324.0,1.0076,260,H_STAR_RATING,Summary star rating,Summary star rating,3.0,1022.0,23.0
WINCHESTER MEDICAL CENTER,490005,VA,READM-30-COPD-HRRP,373.0,0.9969,63,H_COMP_1_STAR_RATING,Nurse communication - star rating,Nurse communication - star rating,4.0,1022.0,23.0
WINCHESTER MEDICAL CENTER,490005,VA,READM-30-COPD-HRRP,373.0,0.9969,63,H_COMP_2_STAR_RATING,Doctor communication - star rating,Doctor communication - star rating,3.0,1022.0,23.0
WINCHESTER MEDICAL CENTER,490005,VA,READM-30-COPD-HRRP,373.0,0.9969,63,H_COMP_5_STAR_RATING,Communication about medicines - star rating,Communication about medicines - star rating,2.0,1022.0,23.0
WINCHESTER MEDICAL CENTER,490005,VA,READM-30-COPD-HRRP,373.0,0.9969,63,H_COMP_6_STAR_RATING,Discharge information - star rating,Discharge information - star rating,3.0,1022.0,23.0
WINCHESTER MEDICAL CENTER,490005,VA,READM-30-COPD-HRRP,373.0,0.9969,63,H_CLEAN_STAR_RATING,Cleanliness - star rating,Cleanliness - star rating,4.0,1022.0,23.0
WINCHESTER MEDICAL CENTER,490005,VA,READM-30-COPD-HRRP,373.0,0.9969,63,H_QUIET_STAR_RATING,Quietness - star rating,Quietness - star rating,3.0,1022.0,23.0
WINCHESTER MEDICAL CENTER,490005,VA,READM-30-COPD-HRRP,373.0,0.9969,63,H_HSP_RATING_STAR_RATING,Overall hospital rating - star rating,Overall hospital rating - star rating,3.0,1022.0,23.0
WINCHESTER MEDICAL CENTER,490005,VA,READM-30-COPD-HRRP,373.0,0.9969,63,H_RECMND_STAR_RATING,Recommend hospital - star rating,Recommend hospital - star rating,4.0,1022.0,23.0
WINCHESTER MEDICAL CENTER,490005,VA,READM-30-COPD-HRRP,373.0,0.9969,63,H_STAR_RATING,Summary star rating,Summary star rating,3.0,1022.0,23.0
WINCHESTER MEDICAL CENTER,490005,VA,READM-30-CABG-HRRP,140.0,0.9904,15,H_COMP_1_STAR_RATING,Nurse communication - star rating,Nurse communication - star rating,4.0,1022.0,23.0
WINCHESTER MEDICAL CENTER,490005,VA,READM-30-CABG-HRRP,140.0,0.9904,15,H_COMP_2_STAR_RATING,Doctor communication - star rating,Doctor communication - star rating,3.0,1022.0,23.0
WINCHESTER MEDICAL CENTER,490005,VA,READM-30-CABG-HRRP,140.0,0.9904,15,H_COMP_5_STAR_RATING,Communication about medicines - star rating,Communication about medicines - star rating,2.0,1022.0,23.0
WINCHESTER MEDICAL CENTER,490005,VA,READM-30-CABG-HRRP,140.0,0.9904,15,H_COMP_6_STAR_RATING,Discharge information - star rating,Discharge information - star rating,3.0,1022.0,23.0
WINCHESTER MEDICAL CENTER,490005,VA,READM-30-CABG-HRRP,140.0,0.9904,15,H_CLEAN_STAR_RATING,Cleanliness - star rating,Cleanliness - star rating,4.0,1022.0,23.0
WINCHESTER MEDICAL CENTER,490005,VA,READM-30-CABG-HRRP,140.0,0.9904,15,H_QUIET_STAR_RATING,Quietness - star rating,Quietness - star rating,3.0,1022.0,23.0
WINCHESTER MEDICAL CENTER,490005,VA,READM-30-CABG-HRRP,140.0,0.9904,15,H_HSP_RATING_STAR_RATING,Overall hospital rating - star rating,Overall hospital rating - star rating,3.0,1022.0,23.0
WINCHESTER MEDICAL CENTER,490005,VA,READM-30-CABG-HRRP,140.0,0.9904,15,H_RECMND_STAR_RATING,Recommend hospital - star rating,Recommend hospital - star rating,4.0,1022.0,23.0
WINCHESTER MEDICAL CENTER,490005,VA,READM-30-CABG-HRRP,140.0,0.9904,15,H_STAR_RATING,Summary star rating,Summary star rating,3.0,1022.0,23.0
WINCHESTER MEDICAL CENTER,490005,VA,READM-30-AMI-HRRP,491.0,1.0044,61,H_COMP_1_STAR_RATING,Nurse communication - star rating,Nurse communication - star rating,4.0,1022.0,23.0
WINCHESTER MEDICAL CENTER,490005,VA,READM-30-AMI-HRRP,491.0,1.0044,61,H_COMP_2_STAR_RATING,Doctor communication - star rating,Doctor communication - star rating,3.0,1022.0,23.0
WINCHESTER MEDICAL CENTER,490005,VA,READM-30-AMI-HRRP,491.0,1.0044,61,H_COMP_5_STAR_RATING,Communication about medicines - star rating,Communication about medicines - star rating,2.0,1022.0,23.0
WINCHESTER MEDICAL CENTER,490005,VA,READM-30-AMI-HRRP,491.0,1.0044,61,H_COMP_6_STAR_RATING,Discharge information - star rating,Discharge information - star rating,3.0,1022.0,23.0
WINCHESTER MEDICAL CENTER,490005,VA,READM-30-AMI-HRRP,491.0,1.0044,61,H_CLEAN_STAR_RATING,Cleanliness - star rating,Cleanliness - star rating,4.0,1022.0,23.0
WINCHESTER MEDICAL CENTER,490005,VA,READM-30-AMI-HRRP,491.0,1.0044,61,H_QUIET_STAR_RATING,Quietness - star rating,Quietness - star rating,3.0,1022.0,23.0
WINCHESTER MEDICAL CENTER,490005,VA,READM-30-AMI-HRRP,491.0,1.0044,61,H_HSP_RATING_STAR_RATING,Overall hospital rating - star rating,Overall hospital rating - star rating,3.0,1022.0,23.0
WINCHESTER MEDICAL CENTER,490005,VA,READM-30-AMI-HRRP,491.0,1.0044,61,H_RECMND_STAR_RATING,Recommend hospital - star rating,Recommend hospital - star rating,4.0,1022.0,23.0
WINCHESTER MEDICAL CENTER,490005,VA,READM-30-AMI-HRRP,491.0,1.0044,61,H_STAR_RATING,Summary star rating,Summary star rating,3.0,1022.0,23.0
SENTARA NORFOLK GENERAL HOSPITAL,490007,VA,READM-30-PN-HRRP,304.0,0.9932,52,H_COMP_1_STAR_RATING,Nurse communication - star rating,Nurse communication - star rating,4.0,876.0,19.0
SENTARA NORFOLK GENERAL HOSPITAL,490007,VA,READM-30-PN-HRRP,304.0,0.9932,52,H_COMP_2_STAR_RATING,Doctor communication - star rating,Doctor communication - star rating,3.0,876.0,19.0
SENTARA NORFOLK GENERAL HOSPITAL,490007,VA,READM-30-PN-HRRP,304.0,0.9932,52,H_COMP_5_STAR_RATING,Communication about medicines - star rating,Communication about medicines - star rating,2.0,876.0,19.0
SENTARA NORFOLK GENERAL HOSPITAL,490007,VA,READM-30-PN-HRRP,304.0,0.9932,52,H_COMP_6_STAR_RATING,Discharge information - star rating,Discharge information - star rating,3.0,876.0,19.0
SENTARA NORFOLK GENERAL HOSPITAL,490007,VA,READM-30-PN-HRRP,304.0,0.9932,52,H_CLEAN_STAR_RATING,Cleanliness - star rating,Cleanliness - star rating,3.0,876.0,19.0
SENTARA NORFOLK GENERAL HOSPITAL,490007,VA,READM-30-PN-HRRP,304.0,0.9932,52,H_QUIET_STAR_RATING,Quietness - star rating,Quietness - star rating,3.0,876.0,19.0
SENTARA NORFOLK GENERAL HOSPITAL,490007,VA,READM-30-PN-HRRP,304.0,0.9932,52,H_HSP_RATING_STAR_RATING,Overall hospital rating - star rating,Overall hospital rating - star rating,4.0,876.0,19.0
SENTARA NORFOLK GENERAL HOSPITAL,490007,VA,READM-30-PN-HRRP,304.0,0.9932,52,H_RECMND_STAR_RATING,Recommend hospital - star rating,Recommend hospital - star rating,5.0,876.0,19.0
SENTARA NORFOLK GENERAL HOSPITAL,490007,VA,READM-30-PN-HRRP,304.0,0.9932,52,H_STAR_RATING,Summary star rating,Summary star rating,3.0,876.0,19.0
SENTARA NORFOLK GENERAL HOSPITAL,490007,VA,READM-30-HF-HRRP,808.0,0.9704,168,H_COMP_1_STAR_RATING,Nurse communication - star rating,Nurse communication - star rating,4.0,876.0,19.0
SENTARA NORFOLK GENERAL HOSPITAL,490007,VA,READM-30-HF-HRRP,808.0,0.9704,168,H_COMP_2_STAR_RATING,Doctor communication - star rating,Doctor communication - star rating,3.0,876.0,19.0
SENTARA NORFOLK GENERAL HOSPITAL,490007,VA,READM-30-HF-HRRP,808.0,0.9704,168,H_COMP_5_STAR_RATING,Communication about medicines - star rating,Communication about medicines - star rating,2.0,876.0,19.0
SENTARA NORFOLK GENERAL HOSPITAL,490007,VA,READM-30-HF-HRRP,808.0,0.9704,168,H_COMP_6_STAR_RATING,Discharge information - star rating,Discharge information - star rating,3.0,876.0,19.0
SENTARA NORFOLK GENERAL HOSPITAL,490007,VA,READM-30-HF-HRRP,808.0,0.9704,168,H_CLEAN_STAR_RATING,Cleanliness - star rating,Cleanliness - star rating,3.0,876.0,19.0
SENTARA NORFOLK GENERAL HOSPITAL,490007,VA,READM-30-HF-HRRP,808.0,0.9704,168,H_QUIET_STAR_RATING,Quietness - star rating,Quietness - star rating,3.0,876.0,19.0
SENTARA NORFOLK GENERAL HOSPITAL,490007,VA,READM-30-HF-HRRP,808.0,0.9704,168,H_HSP_RATING_STAR_RATING,Overall hospital rating - star rating,Overall hospital rating - star rating,4.0,876.0,19.0
SENTARA NORFOLK GENERAL HOSPITAL,490007,VA,READM-30-HF-HRRP,808.0,0.9704,168,H_RECMND_STAR_RATING,Recommend hospital - star rating,Recommend hospital - star rating,5.0,876.0,19.0
SENTARA NORFOLK GENERAL HOSPITAL,490007,VA,READM-30-HF-HRRP,808.0,0.9704,168,H_STAR_RATING,Summary star rating,Summary star rating,3.0,876.0,19.0
SENTARA NORFOLK GENERAL HOSPITAL,490007,VA,READM-30-COPD-HRRP,76.0,1.0158,19,H_COMP_1_STAR_RATING,Nurse communication - star rating,Nurse communication - star rating,4.0,876.0,19.0
SENTARA NORFOLK GENERAL HOSPITAL,490007,VA,READM-30-COPD-HRRP,76.0,1.0158,19,H_COMP_2_STAR_RATING,Doctor communication - star rating,Doctor communication - star rating,3.0,876.0,19.0
SENTARA NORFOLK GENERAL HOSPITAL,490007,VA,READM-30-COPD-HRRP,76.0,1.0158,19,H_COMP_5_STAR_RATING,Communication about medicines - star rating,Communication about medicines - star rating,2.0,876.0,19.0
SENTARA NORFOLK GENERAL HOSPITAL,490007,VA,READM-30-COPD-HRRP,76.0,1.0158,19,H_COMP_6_STAR_RATING,Discharge information - star rating,Discharge information - star rating,3.0,876.0,19.0
SENTARA NORFOLK GENERAL HOSPITAL,490007,VA,READM-30-COPD-HRRP,76.0,1.0158,19,H_CLEAN_STAR_RATING,Cleanliness - star rating,Cleanliness - star rating,3.0,876.0,19.0
SENTARA NORFOLK GENERAL HOSPITAL,490007,VA,READM-30-COPD-HRRP,76.0,1.0158,19,H_QUIET_STAR_RATING,Quietness - star rating,Quietness - star rating,3.0,876.0,19.0
SENTARA NORFOLK GENERAL HOSPITAL,490007,VA,READM-30-COPD-HRRP,76.0,1.0158,19,H_HSP_RATING_STAR_RATING,Overall hospital rating - star rating,Overall hospital rating - star rating,4.0,876.0,19.0
SENTARA NORFOLK GENERAL HOSPITAL,490007,VA,READM-30-COPD-HRRP,76.0,1.0158,19,H_RECMND_STAR_RATING,Recommend hospital - star rating,Recommend hospital - star rating,5.0,876.0,19.0
SENTARA NORFOLK GENERAL HOSPITAL,490007,VA,READM-30-COPD-HRRP,76.0,1.0158,19,H_STAR_RATING,Summary star rating,Summary star rating,3.0,876.0,19.0
SENTARA NORFOLK GENERAL HOSPITAL,490007,VA,READM-30-CABG-HRRP,458.0,0.9456,44,H_COMP_1_STAR_RATING,Nurse communication - star rating,Nurse communication - star rating,4.0,876.0,19.0
SENTARA NORFOLK GENERAL HOSPITAL,490007,VA,READM-30-CABG-HRRP,458.0,0.9456,44,H_COMP_2_STAR_RATING,Doctor communication - star rating,Doctor communication - star rating,3.0,876.0,19.0
SENTARA NORFOLK GENERAL HOSPITAL,490007,VA,READM-30-CABG-HRRP,458.0,0.9456,44,H_COMP_5_STAR_RATING,Communication about medicines - star rating,Communication about medicines - star rating,2.0,876.0,19.0
SENTARA NORFOLK GENERAL HOSPITAL,490007,VA,READM-30-CABG-HRRP,458.0,0.9456,44,H_COMP_6_STAR_RATING,Discharge information - star rating,Discharge information - star rating,3.0,876.0,19.0
SENTARA NORFOLK GENERAL HOSPITAL,490007,VA,READM-30-CABG-HRRP,458.0,0.9456,44,H_CLEAN_STAR_RATING,Cleanliness - star rating,Cleanliness - star rating,3.0,876.0,19.0
SENTARA NORFOLK GENERAL HOSPITAL,490007,VA,READM-30-CABG-HRRP,458.0,0.9456,44,H_QUIET_STAR_RATING,Quietness - star rating,Quietness - star rating,3.0,876.0,19.0
SENTARA NORFOLK GENERAL HOSPITAL,490007,VA,READM-30-CABG-HRRP,458.0,0.9456,44,H_HSP_RATING_STAR_RATING,Overall hospital rating - star rating,Overall hospital rating - star rating,4.0,876.0,19.0
SENTARA NORFOLK GENERAL HOSPITAL,490007,VA,READM-30-CABG-HRRP,458.0,0.9456,44,H_RECMND_STAR_RATING,Recommend hospital - star rating,Recommend hospital - star rating,5.0,876.0,19.0
SENTARA NORFOLK GENERAL HOSPITAL,490007,VA,READM-30-CABG-HRRP,458.0,0.9456,44,H_STAR_RATING,Summary star rating,Summary star rating,3.0,876.0,19.0
SENTARA NORFOLK GENERAL HOSPITAL,490007,VA,READM-30-AMI-HRRP,612.0,0.9981,88,H_COMP_1_STAR_RATING,Nurse communication - star rating,Nurse communication - star rating,4.0,876.0,19.0
SENTARA NORFOLK GENERAL HOSPITAL,490007,VA,READM-30-AMI-HRRP,612.0,0.9981,88,H_COMP_2_STAR_RATING,Doctor communication - star rating,Doctor communication - star rating,3.0,876.0,19.0
SENTARA NORFOLK GENERAL HOSPITAL,490007,VA,READM-30-AMI-HRRP,612.0,0.9981,88,H_COMP_5_STAR_RATING,Communication about medicines - star rating,Communication about medicines - star rating,2.0,876.0,19.0
SENTARA NORFOLK GENERAL HOSPITAL,490007,VA,READM-30-AMI-HRRP,612.0,0.9981,88,H_COMP_6_STAR_RATING,Discharge information - star rating,Discharge information - star rating,3.0,876.0,19.0
SENTARA NORFOLK GENERAL HOSPITAL,490007,VA,READM-30-AMI-HRRP,612.0,0.9981,88,H_CLEAN_STAR_RATING,Cleanliness - star rating,Cleanliness - star rating,3.0,876.0,19.0
SENTARA NORFOLK GENERAL HOSPITAL,490007,VA,READM-30-AMI-HRRP,612.0,0.9981,88,H_QUIET_STAR_RATING,Quietness - star rating,Quietness - star rating,3.0,876.0,19.0
SENTARA NORFOLK GENERAL HOSPITAL,490007,VA,READM-30-AMI-HRRP,612.0,0.9981,88,H_HSP_RATING_STAR_RATING,Overall hospital rating - star rating,Overall hospital rating - star rating,4.0,876.0,19.0
SENTARA NORFOLK GENERAL HOSPITAL,490007,VA,READM-30-AMI-HRRP,612.0,0.9981,88,H_RECMND_STAR_RATING,Recommend hospital - star rating,Recommend hospital - star rating,5.0,876.0,19.0
SENTARA NORFOLK GENERAL HOSPITAL,490007,VA,READM-30-AMI-HRRP,612.0,0.9981,88,H_STAR_RATING,Summary star rating,Summary star rating,3.0,876.0,19.0
UNIVERSITY OF VIRGINIA MEDICAL CENTER,490009,VA,READM-30-PN-HRRP,418.0,0.9085,55,H_COMP_1_STAR_RATING,Nurse communication - star rating,Nurse communication - star rating,4.0,1223.0,22.0
UNIVERSITY OF VIRGINIA MEDICAL CENTER,490009,VA,READM-30-PN-HRRP,418.0,0.9085,55,H_COMP_2_STAR_RATING,Doctor communication - star rating,Doctor communication - star rating,4.0,1223.0,22.0
UNIVERSITY OF VIRGINIA MEDICAL CENTER,490009,VA,READM-30-PN-HRRP,418.0,0.9085,55,H_COMP_5_STAR_RATING,Communication about medicines - star rating,Communication about medicines - star rating,3.0,1223.0,22.0
UNIVERSITY OF VIRGINIA MEDICAL CENTER,490009,VA,READM-30-PN-HRRP,418.0,0.9085,55,H_COMP_6_STAR_RATING,Discharge information - star rating,Discharge information - star rating,4.0,1223.0,22.0
UNIVERSITY OF VIRGINIA MEDICAL CENTER,490009,VA,READM-30-PN-HRRP,418.0,0.9085,55,H_CLEAN_STAR_RATING,Cleanliness - star rating,Cleanliness - star rating,4.0,1223.0,22.0
UNIVERSITY OF VIRGINIA MEDICAL CENTER,490009,VA,READM-30-PN-HRRP,418.0,0.9085,55,H_QUIET_STAR_RATING,Quietness - star rating,Quietness - star rating,2.0,1223.0,22.0
UNIVERSITY OF VIRGINIA MEDICAL CENTER,490009,VA,READM-30-PN-HRRP,418.0,0.9085,55,H_HSP_RATING_STAR_RATING,Overall hospital rating - star rating,Overall hospital rating - star rating,4.0,1223.0,22.0
UNIVERSITY OF VIRGINIA MEDICAL CENTER,490009,VA,READM-30-PN-HRRP,418.0,0.9085,55,H_RECMND_STAR_RATING,Recommend hospital - star rating,Recommend hospital - star rating,5.0,1223.0,22.0
UNIVERSITY OF VIRGINIA MEDICAL CENTER,490009,VA,READM-30-PN-HRRP,418.0,0.9085,55,H_STAR_RATING,Summary star rating,Summary star rating,4.0,1223.0,22.0
UNIVERSITY OF VIRGINIA MEDICAL CENTER,490009,VA,READM-30-HF-HRRP,779.0,0.9164,142,H_COMP_1_STAR_RATING,Nurse communication - star rating,Nurse communication - star rating,4.0,1223.0,22.0
UNIVERSITY OF VIRGINIA MEDICAL CENTER,490009,VA,READM-30-HF-HRRP,779.0,0.9164,142,H_COMP_2_STAR_RATING,Doctor communication - star rating,Doctor communication - star rating,4.0,1223.0,22.0
UNIVERSITY OF VIRGINIA MEDICAL CENTER,490009,VA,READM-30-HF-HRRP,779.0,0.9164,142,H_COMP_5_STAR_RATING,Communication about medicines - star rating,Communication about medicines - star rating,3.0,1223.0,22.0
UNIVERSITY OF VIRGINIA MEDICAL CENTER,490009,VA,READM-30-HF-HRRP,779.0,0.9164,142,H_COMP_6_STAR_RATING,Discharge information - star rating,Discharge information - star rating,4.0,1223.0,22.0
UNIVERSITY OF VIRGINIA MEDICAL CENTER,490009,VA,READM-30-HF-HRRP,779.0,0.9164,142,H_CLEAN_STAR_RATING,Cleanliness - star rating,Cleanliness - star rating,4.0,1223.0,22.0
UNIVERSITY OF VIRGINIA MEDICAL CENTER,490009,VA,READM-30-HF-HRRP,779.0,0.9164,142,H_QUIET_STAR_RATING,Quietness - star rating,Quietness - star rating,2.0,1223.0,22.0
UNIVERSITY OF VIRGINIA MEDICAL CENTER,490009,VA,READM-30-HF-HRRP,779.0,0.9164,142,H_HSP_RATING_STAR_RATING,Overall hospital rating - star rating,Overall hospital rating - star rating,4.0,1223.0,22.0
UNIVERSITY OF VIRGINIA MEDICAL CENTER,490009,VA,READM-30-HF-HRRP,779.0,0.9164,142,H_RECMND_STAR_RATING,Recommend hospital - star rating,Recommend hospital - star rating,5.0,1223.0,22.0
UNIVERSITY OF VIRGINIA MEDICAL CENTER,490009,VA,READM-30-HF-HRRP,779.0,0.9164,142,H_STAR_RATING,Summary star rating,Summary star rating,4.0,1223.0,22.0
UNIVERSITY OF VIRGINIA MEDICAL CENTER,490009,VA,READM-30-COPD-HRRP,128.0,1.0396,28,H_COMP_1_STAR_RATING,Nurse communication - star rating,Nurse communication - star rating,4.0,1223.0,22.0
UNIVERSITY OF VIRGINIA MEDICAL CENTER,490009,VA,READM-30-COPD-HRRP,128.0,1.0396,28,H_COMP_2_STAR_RATING,Doctor communication - star rating,Doctor communication - star rating,4.0,1223.0,22.0
UNIVERSITY OF VIRGINIA MEDICAL CENTER,490009,VA,READM-30-COPD-HRRP,128.0,1.0396,28,H_COMP_5_STAR_RATING,Communication about medicines - star rating,Communication about medicines - star rating,3.0,1223.0,22.0
UNIVERSITY OF VIRGINIA MEDICAL CENTER,490009,VA,READM-30-COPD-HRRP,128.0,1.0396,28,H_COMP_6_STAR_RATING,Discharge information - star rating,Discharge information - star rating,4.0,1223.0,22.0
UNIVERSITY OF VIRGINIA MEDICAL CENTER,490009,VA,READM-30-COPD-HRRP,128.0,1.0396,28,H_CLEAN_STAR_RATING,Cleanliness - star rating,Cleanliness - star rating,4.0,1223.0,22.0
UNIVERSITY OF VIRGINIA MEDICAL CENTER,490009,VA,READM-30-COPD-HRRP,128.0,1.0396,28,H_QUIET_STAR_RATING,Quietness - star rating,Quietness - star rating,2.0,1223.0,22.0
UNIVERSITY OF VIRGINIA MEDICAL CENTER,490009,VA,READM-30-COPD-HRRP,128.0,1.0396,28,H_HSP_RATING_STAR_RATING,Overall hospital rating - star rating,Overall hospital rating - star rating,4.0,1223.0,22.0
UNIVERSITY OF VIRGINIA MEDICAL CENTER,490009,VA,READM-30-COPD-HRRP,128.0,1.0396,28,H_RECMND_STAR_RATING,Recommend hospital - star rating,Recommend hospital - star rating,5.0,1223.0,22.0
UNIVERSITY OF VIRGINIA MEDICAL CENTER,490009,VA,READM-30-COPD-HRRP,128.0,1.0396,28,H_STAR_RATING,Summary star rating,Summary star rating,4.0,1223.0,22.0
UNIVERSITY OF VIRGINIA MEDICAL CENTER,490009,VA,READM-30-CABG-HRRP,246.0,0.8722,18,H_COMP_1_STAR_RATING,Nurse communication - star rating,Nurse communication - star rating,4.0,1223.0,22.0
UNIVERSITY OF VIRGINIA MEDICAL CENTER,490009,VA,READM-30-CABG-HRRP,246.0,0.8722,18,H_COMP_2_STAR_RATING,Doctor communication - star rating,Doctor communication - star rating,4.0,1223.0,22.0
UNIVERSITY OF VIRGINIA MEDICAL CENTER,490009,VA,READM-30-CABG-HRRP,246.0,0.8722,18,H_COMP_5_STAR_RATING,Communication about medicines - star rating,Communication about medicines - star rating,3.0,1223.0,22.0
UNIVERSITY OF VIRGINIA MEDICAL CENTER,490009,VA,READM-30-CABG-HRRP,246.0,0.8722,18,H_COMP_6_STAR_RATING,Discharge information - star rating,Discharge information - star rating,4.0,1223.0,22.0
UNIVERSITY OF VIRGINIA MEDICAL CENTER,490009,VA,READM-30-CABG-HRRP,246.0,0.8722,18,H_CLEAN_STAR_RATING,Cleanliness - star rating,Cleanliness - star rating,4.0,1223.0,22.0
UNIVERSITY OF VIRGINIA MEDICAL CENTER,490009,VA,READM-30-CABG-HRRP,246.0,0.8722,18,H_QUIET_STAR_RATING,Quietness - star rating,Quietness - star rating,2.0,1223.0,22.0
UNIVERSITY OF VIRGINIA MEDICAL CENTER,490009,VA,READM-30-CABG-HRRP,246.0,0.8722,18,H_HSP_RATING_STAR_RATING,Overall hospital rating - star rating,Overall hospital rating - star rating,4.0,1223.0,22.0
UNIVERSITY OF VIRGINIA MEDICAL CENTER,490009,VA,READM-30-CABG-HRRP,246.0,0.8722,18,H_RECMND_STAR_RATING,Recommend hospital - star rating,Recommend hospital - star rating,5.0,1223.0,22.0
UNIVERSITY OF VIRGINIA MEDICAL CENTER,490009,VA,READM-30-CABG-HRRP,246.0,0.8722,18,H_STAR_RATING,Summary star rating,Summary star rating,4.0,1223.0,22.0
UNIVERSITY OF VIRGINIA MEDICAL CENTER,490009,VA,READM-30-AMI-HRRP,345.0,1.0063,47,H_COMP_1_STAR_RATING,Nurse communication - star rating,Nurse communication - star rating,4.0,1223.0,22.0
UNIVERSITY OF VIRGINIA MEDICAL CENTER,490009,VA,READM-30-AMI-HRRP,345.0,1.0063,47,H_COMP_2_STAR_RATING,Doctor communication - star rating,Doctor communication - star rating,4.0,1223.0,22.0
UNIVERSITY OF VIRGINIA MEDICAL CENTER,490009,VA,READM-30-AMI-HRRP,345.0,1.0063,47,H_COMP_5_STAR_RATING,Communication about medicines - star rating,Communication about medicines - star rating,3.0,1223.0,22.0
UNIVERSITY OF VIRGINIA MEDICAL CENTER,490009,VA,READM-30-AMI-HRRP,345.0,1.0063,47,H_COMP_6_STAR_RATING,Discharge information - star rating,Discharge information - star rating,4.0,1223.0,22.0
UNIVERSITY OF VIRGINIA MEDICAL CENTER,490009,VA,READM-30-AMI-HRRP,345.0,1.0063,47,H_CLEAN_STAR_RATING,Cleanliness - star rating,Cleanliness - star rating,4.0,1223.0,22.0
UNIVERSITY OF VIRGINIA MEDICAL CENTER,490009,VA,READM-30-AMI-HRRP,345.0,1.0063,47,H_QUIET_STAR_RATING,Quietness - star rating,Quietness - star rating,2.0,1223.0,22.0
UNIVERSITY OF VIRGINIA MEDICAL CENTER,490009,VA,READM-30-AMI-HRRP,345.0,1.0063,47,H_HSP_RATING_STAR_RATING,Overall hospital rating - star rating,Overall hospital rating - star rating,4.0,1223.0,22.0
UNIVERSITY OF VIRGINIA MEDICAL CENTER,490009,VA,READM-30-AMI-HRRP,345.0,1.0063,47,H_RECMND_STAR_RATING,Recommend hospital - star rating,Recommend hospital - star rating,5.0,1223.0,22.0
UNIVERSITY OF VIRGINIA MEDICAL CENTER,490009,VA,READM-30-AMI-HRRP,345.0,1.0063,47,H_STAR_RATING,Summary star rating,Summary star rating,4.0,1223.0,22.0
SENTARA HALIFAX REGIONAL HOSPITAL,490013,VA,READM-30-PN-HRRP,169.0,0.9414,21,H_COMP_1_STAR_RATING,Nurse communication - star rating,Nurse communication - star rating,5.0,490.0,24.0
SENTARA HALIFAX REGIONAL HOSPITAL,490013,VA,READM-30-PN-HRRP,169.0,0.9414,21,H_COMP_2_STAR_RATING,Doctor communication - star rating,Doctor communication - star rating,4.0,490.0,24.0
SENTARA HALIFAX REGIONAL HOSPITAL,490013,VA,READM-30-PN-HRRP,169.0,0.9414,21,H_COMP_5_STAR_RATING,Communication about medicines - star rating,Communication about medicines - star rating,3.0,490.0,24.0
SENTARA HALIFAX REGIONAL HOSPITAL,490013,VA,READM-30-PN-HRRP,169.0,0.9414,21,H_COMP_6_STAR_RATING,Discharge information - star rating,Discharge information - star rating,3.0,490.0,24.0
SENTARA HALIFAX REGIONAL HOSPITAL,490013,VA,READM-30-PN-HRRP,169.0,0.9414,21,H_CLEAN_STAR_RATING,Cleanliness - star rating,Cleanliness - star rating,3.0,490.0,24.0
SENTARA HALIFAX REGIONAL HOSPITAL,490013,VA,READM-30-PN-HRRP,169.0,0.9414,21,H_QUIET_STAR_RATING,Quietness - star rating,Quietness - star rating,4.0,490.0,24.0
SENTARA HALIFAX REGIONAL HOSPITAL,490013,VA,READM-30-PN-HRRP,169.0,0.9414,21,H_HSP_RATING_STAR_RATING,Overall hospital rating - star rating,Overall hospital rating - star rating,4.0,490.0,24.0
SENTARA HALIFAX REGIONAL HOSPITAL,490013,VA,READM-30-PN-HRRP,169.0,0.9414,21,H_RECMND_STAR_RATING,Recommend hospital - star rating,Recommend hospital - star rating,3.0,490.0,24.0
SENTARA HALIFAX REGIONAL HOSPITAL,490013,VA,READM-30-PN-HRRP,169.0,0.9414,21,H_STAR_RATING,Summary star rating,Summary star rating,4.0,490.0,24.0
SENTARA HALIFAX REGIONAL HOSPITAL,490013,VA,READM-30-HF-HRRP,292.0,0.9451,48,H_COMP_1_STAR_RATING,Nurse communication - star rating,Nurse communication - star rating,5.0,490.0,24.0
SENTARA HALIFAX REGIONAL HOSPITAL,490013,VA,READM-30-HF-HRRP,292.0,0.9451,48,H_COMP_2_STAR_RATING,Doctor communication - star rating,Doctor communication - star rating,4.0,490.0,24.0
SENTARA HALIFAX REGIONAL HOSPITAL,490013,VA,READM-30-HF-HRRP,292.0,0.9451,48,H_COMP_5_STAR_RATING,Communication about medicines - star rating,Communication about medicines - star rating,3.0,490.0,24.0
SENTARA HALIFAX REGIONAL HOSPITAL,490013,VA,READM-30-HF-HRRP,292.0,0.9451,48,H_COMP_6_STAR_RATING,Discharge information - star rating,Discharge information - star rating,3.0,490.0,24.0
SENTARA HALIFAX REGIONAL HOSPITAL,490013,VA,READM-30-HF-HRRP,292.0,0.9451,48,H_CLEAN_STAR_RATING,Cleanliness - star rating,Cleanliness - star rating,3.0,490.0,24.0
SENTARA HALIFAX REGIONAL HOSPITAL,490013,VA,READM-30-HF-HRRP,292.0,0.9451,48,H_QUIET_STAR_RATING,Quietness - star rating,Quietness - star rating,4.0,490.0,24.0
SENTARA HALIFAX REGIONAL HOSPITAL,490013,VA,READM-30-HF-HRRP,292.0,0.9451,48,H_HSP_RATING_STAR_RATING,Overall hospital rating - star rating,Overall hospital rating - star rating,4.0,490.0,24.0
SENTARA HALIFAX REGIONAL HOSPITAL,490013,VA,READM-30-HF-HRRP,292.0,0.9451,48,H_RECMND_STAR_RATING,Recommend hospital - star rating,Recommend hospital - star rating,3.0,490.0,24.0
SENTARA HALIFAX REGIONAL HOSPITAL,490013,VA,READM-30-HF-HRRP,292.0,0.9451,48,H_STAR_RATING,Summary star rating,Summary star rating,4.0,490.0,24.0
SENTARA HALIFAX REGIONAL HOSPITAL,490013,VA,READM-30-COPD-HRRP,159.0,1.0072,28,H_COMP_1_STAR_RATING,Nurse communication - star rating,Nurse communication - star rating,5.0,490.0,24.0
SENTARA HALIFAX REGIONAL HOSPITAL,490013,VA,READM-30-COPD-HRRP,159.0,1.0072,28,H_COMP_2_STAR_RATING,Doctor communication - star rating,Doctor communication - star rating,4.0,490.0,24.0
SENTARA HALIFAX REGIONAL HOSPITAL,490013,VA,READM-30-COPD-HRRP,159.0,1.0072,28,H_COMP_5_STAR_RATING,Communication about medicines - star rating,Communication about medicines - star rating,3.0,490.0,24.0
SENTARA HALIFAX REGIONAL HOSPITAL,490013,VA,READM-30-COPD-HRRP,159.0,1.0072,28,H_COMP_6_STAR_RATING,Discharge information - star rating,Discharge information - star rating,3.0,490.0,24.0
SENTARA HALIFAX REGIONAL HOSPITAL,490013,VA,READM-30-COPD-HRRP,159.0,1.0072,28,H_CLEAN_STAR_RATING,Cleanliness - star rating,Cleanliness - star rating,3.0,490.0,24.0
SENTARA HALIFAX REGIONAL HOSPITAL,490013,VA,READM-30-COPD-HRRP,159.0,1.0072,28,H_QUIET_STAR_RATING,Quietness - star rating,Quietness - star rating,4.0,490.0,24.0
SENTARA HALIFAX REGIONAL HOSPITAL,490013,VA,READM-30-COPD-HRRP,159.0,1.0072,28,H_HSP_RATING_STAR_RATING,Overall hospital rating - star rating,Overall hospital rating - star rating,4.0,490.0,24.0
SENTARA HALIFAX REGIONAL HOSPITAL,490013,VA,READM-30-COPD-HRRP,159.0,1.0072,28,H_RECMND_STAR_RATING,Recommend hospital - star rating,Recommend hospital - star rating,3.0,490.0,24.0
SENTARA HALIFAX REGIONAL HOSPITAL,490013,VA,READM-30-COPD-HRRP,159.0,1.0072,28,H_STAR_RATING,Summary star rating,Summary star rating,4.0,490.0,24.0
BON SECOURS MARYVIEW MEDICAL CENTER,490017,VA,READM-30-PN-HRRP,219.0,0.972,33,H_COMP_1_STAR_RATING,Nurse communication - star rating,Nurse communication - star rating,3.0,665.0,16.0
BON SECOURS MARYVIEW MEDICAL CENTER,490017,VA,READM-30-PN-HRRP,219.0,0.972,33,H_COMP_2_STAR_RATING,Doctor communication - star rating,Doctor communication - star rating,3.0,665.0,16.0
BON SECOURS MARYVIEW MEDICAL CENTER,490017,VA,READM-30-PN-HRRP,219.0,0.972,33,H_COMP_5_STAR_RATING,Communication about medicines - star rating,Communication about medicines - star rating,2.0,665.0,16.0
BON SECOURS MARYVIEW MEDICAL CENTER,490017,VA,READM-30-PN-HRRP,219.0,0.972,33,H_COMP_6_STAR_RATING,Discharge information - star rating,Discharge information - star rating,3.0,665.0,16.0
BON SECOURS MARYVIEW MEDICAL CENTER,490017,VA,READM-30-PN-HRRP,219.0,0.972,33,H_CLEAN_STAR_RATING,Cleanliness - star rating,Cleanliness - star rating,2.0,665.0,16.0
BON SECOURS MARYVIEW MEDICAL CENTER,490017,VA,READM-30-PN-HRRP,219.0,0.972,33,H_QUIET_STAR_RATING,Quietness - star rating,Quietness - star rating,2.0,665.0,16.0
BON SECOURS MARYVIEW MEDICAL CENTER,490017,VA,READM-30-PN-HRRP,219.0,0.972,33,H_HSP_RATING_STAR_RATING,Overall hospital rating - star rating,Overall hospital rating - star rating,3.0,665.0,16.0
BON SECOURS MARYVIEW MEDICAL CENTER,490017,VA,READM-30-PN-HRRP,219.0,0.972,33,H_RECMND_STAR_RATING,Recommend hospital - star rating,Recommend hospital - star rating,2.0,665.0,16.0
BON SECOURS MARYVIEW MEDICAL CENTER,490017,VA,READM-30-PN-HRRP,219.0,0.972,33,H_STAR_RATING,Summary star rating,Summary star rating,3.0,665.0,16.0
BON SECOURS MARYVIEW MEDICAL CENTER,490017,VA,READM-30-HF-HRRP,381.0,1.0762,90,H_COMP_1_STAR_RATING,Nurse communication - star rating,Nurse communication - star rating,3.0,665.0,16.0
BON SECOURS MARYVIEW MEDICAL CENTER,490017,VA,READM-30-HF-HRRP,381.0,1.0762,90,H_COMP_2_STAR_RATING,Doctor communication - star rating,Doctor communication - star rating,3.0,665.0,16.0
BON SECOURS MARYVIEW MEDICAL CENTER,490017,VA,READM-30-HF-HRRP,381.0,1.0762,90,H_COMP_5_STAR_RATING,Communication about medicines - star rating,Communication about medicines - star rating,2.0,665.0,16.0
BON SECOURS MARYVIEW MEDICAL CENTER,490017,VA,READM-30-HF-HRRP,381.0,1.0762,90,H_COMP_6_STAR_RATING,Discharge information - star rating,Discharge information - star rating,3.0,665.0,16.0
BON SECOURS MARYVIEW MEDICAL CENTER,490017,VA,READM-30-HF-HRRP,381.0,1.0762,90,H_CLEAN_STAR_RATING,Cleanliness - star rating,Cleanliness - star rating,2.0,665.0,16.0
BON SECOURS MARYVIEW MEDICAL CENTER,490017,VA,READM-30-HF-HRRP,381.0,1.0762,90,H_QUIET_STAR_RATING,Quietness - star rating,Quietness - star rating,2.0,665.0,16.0
BON SECOURS MARYVIEW MEDICAL CENTER,490017,VA,READM-30-HF-HRRP,381.0,1.0762,90,H_HSP_RATING_STAR_RATING,Overall hospital rating - star rating,Overall hospital rating - star rating,3.0,665.0,16.0
BON SECOURS MARYVIEW MEDICAL CENTER,490017,VA,READM-30-HF-HRRP,381.0,1.0762,90,H_RECMND_STAR_RATING,Recommend hospital - star rating,Recommend hospital - star rating,2.0,665.0,16.0
BON SECOURS MARYVIEW MEDICAL CENTER,490017,VA,READM-30-HF-HRRP,381.0,1.0762,90,H_STAR_RATING,Summary star rating,Summary star rating,3.0,665.0,16.0
BON SECOURS MARYVIEW MEDICAL CENTER,490017,VA,READM-30-COPD-HRRP,65.0,1.0515,16,H_COMP_1_STAR_RATING,Nurse communication - star rating,Nurse communication - star rating,3.0,665.0,16.0
BON SECOURS MARYVIEW MEDICAL CENTER,490017,VA,READM-30-COPD-HRRP,65.0,1.0515,16,H_COMP_2_STAR_RATING,Doctor communication - star rating,Doctor communication - star rating,3.0,665.0,16.0
BON SECOURS MARYVIEW MEDICAL CENTER,490017,VA,READM-30-COPD-HRRP,65.0,1.0515,16,H_COMP_5_STAR_RATING,Communication about medicines - star rating,Communication about medicines - star rating,2.0,665.0,16.0
BON SECOURS MARYVIEW MEDICAL CENTER,490017,VA,READM-30-COPD-HRRP,65.0,1.0515,16,H_COMP_6_STAR_RATING,Discharge information - star rating,Discharge information - star rating,3.0,665.0,16.0
BON SECOURS MARYVIEW MEDICAL CENTER,490017,VA,READM-30-COPD-HRRP,65.0,1.0515,16,H_CLEAN_STAR_RATING,Cleanliness - star rating,Cleanliness - star rating,2.0,665.0,16.0
BON SECOURS MARYVIEW MEDICAL CENTER,490017,VA,READM-30-COPD-HRRP,65.0,1.0515,16,H_QUIET_STAR_RATING,Quietness - star rating,Quietness - star rating,2.0,665.0,16.0
BON SECOURS MARYVIEW MEDICAL CENTER,490017,VA,READM-30-COPD-HRRP,65.0,1.0515,16,H_HSP_RATING_STAR_RATING,Overall hospital rating - star rating,Overall hospital rating - star rating,3.0,665.0,16.0
BON SECOURS MARYVIEW MEDICAL CENTER,490017,VA,READM-30-COPD-HRRP,65.0,1.0515,16,H_RECMND_STAR_RATING,Recommend hospital - star rating,Recommend hospital - star rating,2.0,665.0,16.0
BON SECOURS MARYVIEW MEDICAL CENTER,490017,VA,READM-30-COPD-HRRP,65.0,1.0515,16,H_STAR_RATING,Summary star rating,Summary star rating,3.0,665.0,16.0
BON SECOURS MARYVIEW MEDICAL CENTER,490017,VA,READM-30-AMI-HRRP,128.0,1.0232,21,H_COMP_1_STAR_RATING,Nurse communication - star rating,Nurse communication - star rating,3.0,665.0,16.0
BON SECOURS MARYVIEW MEDICAL CENTER,490017,VA,READM-30-AMI-HRRP,128.0,1.0232,21,H_COMP_2_STAR_RATING,Doctor communication - star rating,Doctor communication - star rating,3.0,665.0,16.0
BON SECOURS MARYVIEW MEDICAL CENTER,490017,VA,READM-30-AMI-HRRP,128.0,1.0232,21,H_COMP_5_STAR_RATING,Communication about medicines - star rating,Communication about medicines - star rating,2.0,665.0,16.0
BON SECOURS MARYVIEW MEDICAL CENTER,490017,VA,READM-30-AMI-HRRP,128.0,1.0232,21,H_COMP_6_STAR_RATING,Discharge information - star rating,Discharge information - star rating,3.0,665.0,16.0
BON SECOURS MARYVIEW MEDICAL CENTER,490017,VA,READM-30-AMI-HRRP,128.0,1.0232,21,H_CLEAN_STAR_RATING,Cleanliness - star rating,Cleanliness - star rating,2.0,665.0,16.0
BON SECOURS MARYVIEW MEDICAL CENTER,490017,VA,READM-30-AMI-HRRP,128.0,1.0232,21,H_QUIET_STAR_RATING,Quietness - star rating,Quietness - star rating,2.0,665.0,16.0
BON SECOURS MARYVIEW MEDICAL CENTER,490017,VA,READM-30-AMI-HRRP,128.0,1.0232,21,H_HSP_RATING_STAR_RATING,Overall hospital rating - star rating,Overall hospital rating - star rating,3.0,665.0,16.0
BON SECOURS MARYVIEW MEDICAL CENTER,490017,VA,READM-30-AMI-HRRP,128.0,1.0232,21,H_RECMND_STAR_RATING,Recommend hospital - star rating,Recommend hospital - star rating,2.0,665.0,16.0
BON SECOURS MARYVIEW MEDICAL CENTER,490017,VA,READM-30-AMI-HRRP,128.0,1.0232,21,H_STAR_RATING,Summary star rating,Summary star rating,3.0,665.0,16.0
AUGUSTA HEALTH,490018,VA,READM-30-PN-HRRP,392.0,0.7967,28,H_COMP_1_STAR_RATING,Nurse communication - star rating,Nurse communication - star rating,3.0,1118.0,37.0
AUGUSTA HEALTH,490018,VA,READM-30-PN-HRRP,392.0,0.7967,28,H_COMP_2_STAR_RATING,Doctor communication - star rating,Doctor communication - star rating,4.0,1118.0,37.0
AUGUSTA HEALTH,490018,VA,READM-30-PN-HRRP,392.0,0.7967,28,H_COMP_5_STAR_RATING,Communication about medicines - star rating,Communication about medicines - star rating,3.0,1118.0,37.0
AUGUSTA HEALTH,490018,VA,READM-30-PN-HRRP,392.0,0.7967,28,H_COMP_6_STAR_RATING,Discharge information - star rating,Discharge information - star rating,4.0,1118.0,37.0
AUGUSTA HEALTH,490018,VA,READM-30-PN-HRRP,392.0,0.7967,28,H_CLEAN_STAR_RATING,Cleanliness - star rating,Cleanliness - star rating,2.0,1118.0,37.0
AUGUSTA HEALTH,490018,VA,READM-30-PN-HRRP,392.0,0.7967,28,H_QUIET_STAR_RATING,Quietness - star rating,Quietness - star rating,2.0,1118.0,37.0
AUGUSTA HEALTH,490018,VA,READM-30-PN-HRRP,392.0,0.7967,28,H_HSP_RATING_STAR_RATING,Overall hospital rating - star rating,Overall hospital rating - star rating,4.0,1118.0,37.0
AUGUSTA HEALTH,490018,VA,READM-30-PN-HRRP,392.0,0.7967,28,H_RECMND_STAR_RATING,Recommend hospital - star rating,Recommend hospital - star rating,4.0,1118.0,37.0
AUGUSTA HEALTH,490018,VA,READM-30-PN-HRRP,392.0,0.7967,28,H_STAR_RATING,Summary star rating,Summary star rating,3.0,1118.0,37.0
AUGUSTA HEALTH,490018,VA,READM-30-HF-HRRP,603.0,0.9339,96,H_COMP_1_STAR_RATING,Nurse communication - star rating,Nurse communication - star rating,3.0,1118.0,37.0
AUGUSTA HEALTH,490018,VA,READM-30-HF-HRRP,603.0,0.9339,96,H_COMP_2_STAR_RATING,Doctor communication - star rating,Doctor communication - star rating,4.0,1118.0,37.0
AUGUSTA HEALTH,490018,VA,READM-30-HF-HRRP,603.0,0.9339,96,H_COMP_5_STAR_RATING,Communication about medicines - star rating,Communication about medicines - star rating,3.0,1118.0,37.0
AUGUSTA HEALTH,490018,VA,READM-30-HF-HRRP,603.0,0.9339,96,H_COMP_6_STAR_RATING,Discharge information - star rating,Discharge information - star rating,4.0,1118.0,37.0
AUGUSTA HEALTH,490018,VA,READM-30-HF-HRRP,603.0,0.9339,96,H_CLEAN_STAR_RATING,Cleanliness - star rating,Cleanliness - star rating,2.0,1118.0,37.0
AUGUSTA HEALTH,490018,VA,READM-30-HF-HRRP,603.0,0.9339,96,H_QUIET_STAR_RATING,Quietness - star rating,Quietness - star rating,2.0,1118.0,37.0
AUGUSTA HEALTH,490018,VA,READM-30-HF-HRRP,603.0,0.9339,96,H_HSP_RATING_STAR_RATING,Overall hospital rating - star rating,Overall hospital rating - star rating,4.0,1118.0,37.0
AUGUSTA HEALTH,490018,VA,READM-30-HF-HRRP,603.0,0.9339,96,H_RECMND_STAR_RATING,Recommend hospital - star rating,Recommend hospital - star rating,4.0,1118.0,37.0
AUGUSTA HEALTH,490018,VA,READM-30-HF-HRRP,603.0,0.9339,96,H_STAR_RATING,Summary star rating,Summary star rating,3.0,1118.0,37.0
AUGUSTA HEALTH,490018,VA,READM-30-COPD-HRRP,187.0,0.8736,15,H_COMP_1_STAR_RATING,Nurse communication - star rating,Nurse communication - star rating,3.0,1118.0,37.0
AUGUSTA HEALTH,490018,VA,READM-30-COPD-HRRP,187.0,0.8736,15,H_COMP_2_STAR_RATING,Doctor communication - star rating,Doctor communication - star rating,4.0,1118.0,37.0
AUGUSTA HEALTH,490018,VA,READM-30-COPD-HRRP,187.0,0.8736,15,H_COMP_5_STAR_RATING,Communication about medicines - star rating,Communication about medicines - star rating,3.0,1118.0,37.0
AUGUSTA HEALTH,490018,VA,READM-30-COPD-HRRP,187.0,0.8736,15,H_COMP_6_STAR_RATING,Discharge information - star rating,Discharge information - star rating,4.0,1118.0,37.0
AUGUSTA HEALTH,490018,VA,READM-30-COPD-HRRP,187.0,0.8736,15,H_CLEAN_STAR_RATING,Cleanliness - star rating,Cleanliness - star rating,2.0,1118.0,37.0
AUGUSTA HEALTH,490018,VA,READM-30-COPD-HRRP,187.0,0.8736,15,H_QUIET_STAR_RATING,Quietness - star rating,Quietness - star rating,2.0,1118.0,37.0
AUGUSTA HEALTH,490018,VA,READM-30-COPD-HRRP,187.0,0.8736,15,H_HSP_RATING_STAR_RATING,Overall hospital rating - star rating,Overall hospital rating - star rating,4.0,1118.0,37.0
AUGUSTA HEALTH,490018,VA,READM-30-COPD-HRRP,187.0,0.8736,15,H_RECMND_STAR_RATING,Recommend hospital - star rating,Recommend hospital - star rating,4.0,1118.0,37.0
AUGUSTA HEALTH,490018,VA,READM-30-COPD-HRRP,187.0,0.8736,15,H_STAR_RATING,Summary star rating,Summary star rating,3.0,1118.0,37.0
AUGUSTA HEALTH,490018,VA,READM-30-AMI-HRRP,247.0,0.857,18,H_COMP_1_STAR_RATING,Nurse communication - star rating,Nurse communication - star rating,3.0,1118.0,37.0
AUGUSTA HEALTH,490018,VA,READM-30-AMI-HRRP,247.0,0.857,18,H_COMP_2_STAR_RATING,Doctor communication - star rating,Doctor communication - star rating,4.0,1118.0,37.0
AUGUSTA HEALTH,490018,VA,READM-30-AMI-HRRP,247.0,0.857,18,H_COMP_5_STAR_RATING,Communication about medicines - star rating,Communication about medicines - star rating,3.0,1118.0,37.0
AUGUSTA HEALTH,490018,VA,READM-30-AMI-HRRP,247.0,0.857,18,H_COMP_6_STAR_RATING,Discharge information - star rating,Discharge information - star rating,4.0,1118.0,37.0
AUGUSTA HEALTH,490018,VA,READM-30-AMI-HRRP,247.0,0.857,18,H_CLEAN_STAR_RATING,Cleanliness - star rating,Cleanliness - star rating,2.0,1118.0,37.0
AUGUSTA HEALTH,490018,VA,READM-30-AMI-HRRP,247.0,0.857,18,H_QUIET_STAR_RATING,Quietness - star rating,Quietness - star rating,2.0,1118.0,37.0
AUGUSTA HEALTH,490018,VA,READM-30-AMI-HRRP,247.0,0.857,18,H_HSP_RATING_STAR_RATING,Overall hospital rating - star rating,Overall hospital rating - star rating,4.0,1118.0,37.0
AUGUSTA HEALTH,490018,VA,READM-30-AMI-HRRP,247.0,0.857,18,H_RECMND_STAR_RATING,Recommend hospital - star rating,Recommend hospital - star rating,4.0,1118.0,37.0
AUGUSTA HEALTH,490018,VA,READM-30-AMI-HRRP,247.0,0.857,18,H_STAR_RATING,Summary star rating,Summary star rating,3.0,1118.0,37.0
UVA HEALTH CULPEPER MEDICAL CENTER,490019,VA,READM-30-PN-HRRP,295.0,1.0662,50,H_COMP_1_STAR_RATING,Nurse communication - star rating,Nurse communication - star rating,3.0,469.0,18.0
UVA HEALTH CULPEPER MEDICAL CENTER,490019,VA,READM-30-PN-HRRP,295.0,1.0662,50,H_COMP_2_STAR_RATING,Doctor communication - star rating,Doctor communication - star rating,2.0,469.0,18.0
UVA HEALTH CULPEPER MEDICAL CENTER,490019,VA,READM-30-PN-HRRP,295.0,1.0662,50,H_COMP_5_STAR_RATING,Communication about medicines - star rating,Communication about medicines - star rating,2.0,469.0,18.0
UVA HEALTH CULPEPER MEDICAL CENTER,490019,VA,READM-30-PN-HRRP,295.0,1.0662,50,H_COMP_6_STAR_RATING,Discharge information - star rating,Discharge information - star rating,2.0,469.0,18.0
UVA HEALTH CULPEPER MEDICAL CENTER,490019,VA,READM-30-PN-HRRP,295.0,1.0662,50,H_CLEAN_STAR_RATING,Cleanliness - star rating,Cleanliness - star rating,2.0,469.0,18.0
UVA HEALTH CULPEPER MEDICAL CENTER,490019,VA,READM-30-PN-HRRP,295.0,1.0662,50,H_QUIET_STAR_RATING,Quietness - star rating,Quietness - star rating,2.0,469.0,18.0
UVA HEALTH CULPEPER MEDICAL CENTER,490019,VA,READM-30-PN-HRRP,295.0,1.0662,50,H_HSP_RATING_STAR_RATING,Overall hospital rating - star rating,Overall hospital rating - star rating,3.0,469.0,18.0
UVA HEALTH CULPEPER MEDICAL CENTER,490019,VA,READM-30-PN-HRRP,295.0,1.0662,50,H_RECMND_STAR_RATING,Recommend hospital - star rating,Recommend hospital - star rating,3.0,469.0,18.0
UVA HEALTH CULPEPER MEDICAL CENTER,490019,VA,READM-30-PN-HRRP,295.0,1.0662,50,H_STAR_RATING,Summary star rating,Summary star rating,2.0,469.0,18.0
UVA HEALTH CULPEPER MEDICAL CENTER,490019,VA,READM-30-HF-HRRP,243.0,0.9997,45,H_COMP_1_STAR_RATING,Nurse communication - star rating,Nurse communication - star rating,3.0,469.0,18.0
UVA HEALTH CULPEPER MEDICAL CENTER,490019,VA,READM-30-HF-HRRP,243.0,0.9997,45,H_COMP_2_STAR_RATING,Doctor communication - star rating,Doctor communication - star rating,2.0,469.0,18.0
UVA HEALTH CULPEPER MEDICAL CENTER,490019,VA,READM-30-HF-HRRP,243.0,0.9997,45,H_COMP_5_STAR_RATING,Communication about medicines - star rating,Communication about medicines - star rating,2.0,469.0,18.0
UVA HEALTH CULPEPER MEDICAL CENTER,490019,VA,READM-30-HF-HRRP,243.0,0.9997,45,H_COMP_6_STAR_RATING,Discharge information - star rating,Discharge information - star rating,2.0,469.0,18.0
UVA HEALTH CULPEPER MEDICAL CENTER,490019,VA,READM-30-HF-HRRP,243.0,0.9997,45,H_CLEAN_STAR_RATING,Cleanliness - star rating,Cleanliness - star rating,2.0,469.0,18.0
UVA HEALTH CULPEPER MEDICAL CENTER,490019,VA,READM-30-HF-HRRP,243.0,0.9997,45,H_QUIET_STAR_RATING,Quietness - star rating,Quietness - star rating,2.0,469.0,18.0
UVA HEALTH CULPEPER MEDICAL CENTER,490019,VA,READM-30-HF-HRRP,243.0,0.9997,45,H_HSP_RATING_STAR_RATING,Overall hospital rating - star rating,Overall hospital rating - star rating,3.0,469.0,18.0
UVA HEALTH CULPEPER MEDICAL CENTER,490019,VA,READM-30-HF-HRRP,243.0,0.9997,45,H_RECMND_STAR_RATING,Recommend hospital - star rating,Recommend hospital - star rating,3.0,469.0,18.0
UVA HEALTH CULPEPER MEDICAL CENTER,490019,VA,READM-30-HF-HRRP,243.0,0.9997,45,H_STAR_RATING,Summary star rating,Summary star rating,2.0,469.0,18.0
UVA HEALTH CULPEPER MEDICAL CENTER,490019,VA,READM-30-COPD-HRRP,99.0,1.0134,17,H_COMP_1_STAR_RATING,Nurse communication - star rating,Nurse communication - star rating,3.0,469.0,18.0
UVA HEALTH CULPEPER MEDICAL CENTER,490019,VA,READM-30-COPD-HRRP,99.0,1.0134,17,H_COMP_2_STAR_RATING,Doctor communication - star rating,Doctor communication - star rating,2.0,469.0,18.0
UVA HEALTH CULPEPER MEDICAL CENTER,490019,VA,READM-30-COPD-HRRP,99.0,1.0134,17,H_COMP_5_STAR_RATING,Communication about medicines - star rating,Communication about medicines - star rating,2.0,469.0,18.0
UVA HEALTH CULPEPER MEDICAL CENTER,490019,VA,READM-30-COPD-HRRP,99.0,1.0134,17,H_COMP_6_STAR_RATING,Discharge information - star rating,Discharge information - star rating,2.0,469.0,18.0
UVA HEALTH CULPEPER MEDICAL CENTER,490019,VA,READM-30-COPD-HRRP,99.0,1.0134,17,H_CLEAN_STAR_RATING,Cleanliness - star rating,Cleanliness - star rating,2.0,469.0,18.0
UVA HEALTH CULPEPER MEDICAL CENTER,490019,VA,READM-30-COPD-HRRP,99.0,1.0134,17,H_QUIET_STAR_RATING,Quietness - star rating,Quietness - star rating,2.0,469.0,18.0
UVA HEALTH CULPEPER MEDICAL CENTER,490019,VA,READM-30-COPD-HRRP,99.0,1.0134,17,H_HSP_RATING_STAR_RATING,Overall hospital rating - star rating,Overall hospital rating - star rating,3.0,469.0,18.0
UVA HEALTH CULPEPER MEDICAL CENTER,490019,VA,READM-30-COPD-HRRP,99.0,1.0134,17,H_RECMND_STAR_RATING,Recommend hospital - star rating,Recommend hospital - star rating,3.0,469.0,18.0
UVA HEALTH CULPEPER MEDICAL CENTER,490019,VA,READM-30-COPD-HRRP,99.0,1.0134,17,H_STAR_RATING,Summary star rating,Summary star rating,2.0,469.0,18.0
JOHN RANDOLPH MEDICAL CENTER,490020,VA,READM-30-PN-HRRP,196.0,0.9649,26,H_COMP_1_STAR_RATING,Nurse communication - star rating,Nurse communication - star rating,4.0,448.0,17.0
JOHN RANDOLPH MEDICAL CENTER,490020,VA,READM-30-PN-HRRP,196.0,0.9649,26,H_COMP_2_STAR_RATING,Doctor communication - star rating,Doctor communication - star rating,3.0,448.0,17.0
JOHN RANDOLPH MEDICAL CENTER,490020,VA,READM-30-PN-HRRP,196.0,0.9649,26,H_COMP_5_STAR_RATING,Communication about medicines - star rating,Communication about medicines - star rating,2.0,448.0,17.0
JOHN RANDOLPH MEDICAL CENTER,490020,VA,READM-30-PN-HRRP,196.0,0.9649,26,H_COMP_6_STAR_RATING,Discharge information - star rating,Discharge information - star rating,2.0,448.0,17.0
JOHN RANDOLPH MEDICAL CENTER,490020,VA,READM-30-PN-HRRP,196.0,0.9649,26,H_CLEAN_STAR_RATING,Cleanliness - star rating,Cleanliness - star rating,3.0,448.0,17.0
JOHN RANDOLPH MEDICAL CENTER,490020,VA,READM-30-PN-HRRP,196.0,0.9649,26,H_QUIET_STAR_RATING,Quietness - star rating,Quietness - star rating,4.0,448.0,17.0
JOHN RANDOLPH MEDICAL CENTER,490020,VA,READM-30-PN-HRRP,196.0,0.9649,26,H_HSP_RATING_STAR_RATING,Overall hospital rating - star rating,Overall hospital rating - star rating,3.0,448.0,17.0
JOHN RANDOLPH MEDICAL CENTER,490020,VA,READM-30-PN-HRRP,196.0,0.9649,26,H_RECMND_STAR_RATING,Recommend hospital - star rating,Recommend hospital - star rating,3.0,448.0,17.0
JOHN RANDOLPH MEDICAL CENTER,490020,VA,READM-30-PN-HRRP,196.0,0.9649,26,H_STAR_RATING,Summary star rating,Summary star rating,3.0,448.0,17.0
JOHN RANDOLPH MEDICAL CENTER,490020,VA,READM-30-HF-HRRP,195.0,1.0391,41,H_COMP_1_STAR_RATING,Nurse communication - star rating,Nurse communication - star rating,4.0,448.0,17.0
JOHN RANDOLPH MEDICAL CENTER,490020,VA,READM-30-HF-HRRP,195.0,1.0391,41,H_COMP_2_STAR_RATING,Doctor communication - star rating,Doctor communication - star rating,3.0,448.0,17.0
JOHN RANDOLPH MEDICAL CENTER,490020,VA,READM-30-HF-HRRP,195.0,1.0391,41,H_COMP_5_STAR_RATING,Communication about medicines - star rating,Communication about medicines - star rating,2.0,448.0,17.0
JOHN RANDOLPH MEDICAL CENTER,490020,VA,READM-30-HF-HRRP,195.0,1.0391,41,H_COMP_6_STAR_RATING,Discharge information - star rating,Discharge information - star rating,2.0,448.0,17.0
JOHN RANDOLPH MEDICAL CENTER,490020,VA,READM-30-HF-HRRP,195.0,1.0391,41,H_CLEAN_STAR_RATING,Cleanliness - star rating,Cleanliness - star rating,3.0,448.0,17.0
JOHN RANDOLPH MEDICAL CENTER,490020,VA,READM-30-HF-HRRP,195.0,1.0391,41,H_QUIET_STAR_RATING,Quietness - star rating,Quietness - star rating,4.0,448.0,17.0
JOHN RANDOLPH MEDICAL CENTER,490020,VA,READM-30-HF-HRRP,195.0,1.0391,41,H_HSP_RATING_STAR_RATING,Overall hospital rating - star rating,Overall hospital rating - star rating,3.0,448.0,17.0
JOHN RANDOLPH MEDICAL CENTER,490020,VA,READM-30-HF-HRRP,195.0,1.0391,41,H_RECMND_STAR_RATING,Recommend hospital - star rating,Recommend hospital - star rating,3.0,448.0,17.0
JOHN RANDOLPH MEDICAL CENTER,490020,VA,READM-30-HF-HRRP,195.0,1.0391,41,H_STAR_RATING,Summary star rating,Summary star rating,3.0,448.0,17.0
JOHN RANDOLPH MEDICAL CENTER,490020,VA,READM-30-COPD-HRRP,66.0,1.0264,13,H_COMP_1_STAR_RATING,Nurse communication - star rating,Nurse communication - star rating,4.0,448.0,17.0
JOHN RANDOLPH MEDICAL CENTER,490020,VA,READM-30-COPD-HRRP,66.0,1.0264,13,H_COMP_2_STAR_RATING,Doctor communication - star rating,Doctor communication - star rating,3.0,448.0,17.0
JOHN RANDOLPH MEDICAL CENTER,490020,VA,READM-30-COPD-HRRP,66.0,1.0264,13,H_COMP_5_STAR_RATING,Communication about medicines - star rating,Communication about medicines - star rating,2.0,448.0,17.0
JOHN RANDOLPH MEDICAL CENTER,490020,VA,READM-30-COPD-HRRP,66.0,1.0264,13,H_COMP_6_STAR_RATING,Discharge information - star rating,Discharge information - star rating,2.0,448.0,17.0
JOHN RANDOLPH MEDICAL CENTER,490020,VA,READM-30-COPD-HRRP,66.0,1.0264,13,H_CLEAN_STAR_RATING,Cleanliness - star rating,Cleanliness - star rating,3.0,448.0,17.0
JOHN RANDOLPH MEDICAL CENTER,490020,VA,READM-30-COPD-HRRP,66.0,1.0264,13,H_QUIET_STAR_RATING,Quietness - star rating,Quietness - star rating,4.0,448.0,17.0
JOHN RANDOLPH MEDICAL CENTER,490020,VA,READM-30-COPD-HRRP,66.0,1.0264,13,H_HSP_RATING_STAR_RATING,Overall hospital rating - star rating,Overall hospital rating - star rating,3.0,448.0,17.0
JOHN RANDOLPH MEDICAL CENTER,490020,VA,READM-30-COPD-HRRP,66.0,1.0264,13,H_RECMND_STAR_RATING,Recommend hospital - star rating,Recommend hospital - star rating,3.0,448.0,17.0
JOHN RANDOLPH MEDICAL CENTER,490020,VA,READM-30-COPD-HRRP,66.0,1.0264,13,H_STAR_RATING,Summary star rating,Summary star rating,3.0,448.0,17.0
CENTRA HEALTH -  LYNCHBURG GEN HOSPITAL,490021,VA,READM-30-PN-HRRP,681.0,0.9284,92,H_COMP_1_STAR_RATING,Nurse communication - star rating,Nurse communication - star rating,3.0,1263.0,22.0
CENTRA HEALTH -  LYNCHBURG GEN HOSPITAL,490021,VA,READM-30-PN-HRRP,681.0,0.9284,92,H_COMP_2_STAR_RATING,Doctor communication - star rating,Doctor communication - star rating,3.0,1263.0,22.0
CENTRA HEALTH -  LYNCHBURG GEN HOSPITAL,490021,VA,READM-30-PN-HRRP,681.0,0.9284,92,H_COMP_5_STAR_RATING,Communication about medicines - star rating,Communication about medicines - star rating,2.0,1263.0,22.0
CENTRA HEALTH -  LYNCHBURG GEN HOSPITAL,490021,VA,READM-30-PN-HRRP,681.0,0.9284,92,H_COMP_6_STAR_RATING,Discharge information - star rating,Discharge information - star rating,3.0,1263.0,22.0
CENTRA HEALTH -  LYNCHBURG GEN HOSPITAL,490021,VA,READM-30-PN-HRRP,681.0,0.9284,92,H_CLEAN_STAR_RATING,Cleanliness - star rating,Cleanliness - star rating,2.0,1263.0,22.0
CENTRA HEALTH -  LYNCHBURG GEN HOSPITAL,490021,VA,READM-30-PN-HRRP,681.0,0.9284,92,H_QUIET_STAR_RATING,Quietness - star rating,Quietness - star rating,3.0,1263.0,22.0
CENTRA HEALTH -  LYNCHBURG GEN HOSPITAL,490021,VA,READM-30-PN-HRRP,681.0,0.9284,92,H_HSP_RATING_STAR_RATING,Overall hospital rating - star rating,Overall hospital rating - star rating,3.0,1263.0,22.0
CENTRA HEALTH -  LYNCHBURG GEN HOSPITAL,490021,VA,READM-30-PN-HRRP,681.0,0.9284,92,H_RECMND_STAR_RATING,Recommend hospital - star rating,Recommend hospital - star rating,3.0,1263.0,22.0
CENTRA HEALTH -  LYNCHBURG GEN HOSPITAL,490021,VA,READM-30-PN-HRRP,681.0,0.9284,92,H_STAR_RATING,Summary star rating,Summary star rating,3.0,1263.0,22.0
CENTRA HEALTH -  LYNCHBURG GEN HOSPITAL,490021,VA,READM-30-HF-HRRP,1132.0,0.8509,176,H_COMP_1_STAR_RATING,Nurse communication - star rating,Nurse communication - star rating,3.0,1263.0,22.0
CENTRA HEALTH -  LYNCHBURG GEN HOSPITAL,490021,VA,READM-30-HF-HRRP,1132.0,0.8509,176,H_COMP_2_STAR_RATING,Doctor communication - star rating,Doctor communication - star rating,3.0,1263.0,22.0
CENTRA HEALTH -  LYNCHBURG GEN HOSPITAL,490021,VA,READM-30-HF-HRRP,1132.0,0.8509,176,H_COMP_5_STAR_RATING,Communication about medicines - star rating,Communication about medicines - star rating,2.0,1263.0,22.0
CENTRA HEALTH -  LYNCHBURG GEN HOSPITAL,490021,VA,READM-30-HF-HRRP,1132.0,0.8509,176,H_COMP_6_STAR_RATING,Discharge information - star rating,Discharge information - star rating,3.0,1263.0,22.0
CENTRA HEALTH -  LYNCHBURG GEN HOSPITAL,490021,VA,READM-30-HF-HRRP,1132.0,0.8509,176,H_CLEAN_STAR_RATING,Cleanliness - star rating,Cleanliness - star rating,2.0,1263.0,22.0
CENTRA HEALTH -  LYNCHBURG GEN HOSPITAL,490021,VA,READM-30-HF-HRRP,1132.0,0.8509,176,H_QUIET_STAR_RATING,Quietness - star rating,Quietness - star rating,3.0,1263.0,22.0
CENTRA HEALTH -  LYNCHBURG GEN HOSPITAL,490021,VA,READM-30-HF-HRRP,1132.0,0.8509,176,H_HSP_RATING_STAR_RATING,Overall hospital rating - star rating,Overall hospital rating - star rating,3.0,1263.0,22.0
CENTRA HEALTH -  LYNCHBURG GEN HOSPITAL,490021,VA,READM-30-HF-HRRP,1132.0,0.8509,176,H_RECMND_STAR_RATING,Recommend hospital - star rating,Recommend hospital - star rating,3.0,1263.0,22.0
CENTRA HEALTH -  LYNCHBURG GEN HOSPITAL,490021,VA,READM-30-HF-HRRP,1132.0,0.8509,176,H_STAR_RATING,Summary star rating,Summary star rating,3.0,1263.0,22.0
CENTRA HEALTH -  LYNCHBURG GEN HOSPITAL,490021,VA,READM-30-COPD-HRRP,235.0,0.9778,39,H_COMP_1_STAR_RATING,Nurse communication - star rating,Nurse communication - star rating,3.0,1263.0,22.0
CENTRA HEALTH -  LYNCHBURG GEN HOSPITAL,490021,VA,READM-30-COPD-HRRP,235.0,0.9778,39,H_COMP_2_STAR_RATING,Doctor communication - star rating,Doctor communication - star rating,3.0,1263.0,22.0
CENTRA HEALTH -  LYNCHBURG GEN HOSPITAL,490021,VA,READM-30-COPD-HRRP,235.0,0.9778,39,H_COMP_5_STAR_RATING,Communication about medicines - star rating,Communication about medicines - star rating,2.0,1263.0,22.0
CENTRA HEALTH -  LYNCHBURG GEN HOSPITAL,490021,VA,READM-30-COPD-HRRP,235.0,0.9778,39,H_COMP_6_STAR_RATING,Discharge information - star rating,Discharge information - star rating,3.0,1263.0,22.0
CENTRA HEALTH -  LYNCHBURG GEN HOSPITAL,490021,VA,READM-30-COPD-HRRP,235.0,0.9778,39,H_CLEAN_STAR_RATING,Cleanliness - star rating,Cleanliness - star rating,2.0,1263.0,22.0
CENTRA HEALTH -  LYNCHBURG GEN HOSPITAL,490021,VA,READM-30-COPD-HRRP,235.0,0.9778,39,H_QUIET_STAR_RATING,Quietness - star rating,Quietness - star rating,3.0,1263.0,22.0
CENTRA HEALTH -  LYNCHBURG GEN HOSPITAL,490021,VA,READM-30-COPD-HRRP,235.0,0.9778,39,H_HSP_RATING_STAR_RATING,Overall hospital rating - star rating,Overall hospital rating - star rating,3.0,1263.0,22.0
CENTRA HEALTH -  LYNCHBURG GEN HOSPITAL,490021,VA,READM-30-COPD-HRRP,235.0,0.9778,39,H_RECMND_STAR_RATING,Recommend hospital - star rating,Recommend hospital - star rating,3.0,1263.0,22.0
CENTRA HEALTH -  LYNCHBURG GEN HOSPITAL,490021,VA,READM-30-COPD-HRRP,235.0,0.9778,39,H_STAR_RATING,Summary star rating,Summary star rating,3.0,1263.0,22.0
CENTRA HEALTH -  LYNCHBURG GEN HOSPITAL,490021,VA,READM-30-CABG-HRRP,147.0,1.0268,15,H_COMP_1_STAR_RATING,Nurse communication - star rating,Nurse communication - star rating,3.0,1263.0,22.0
CENTRA HEALTH -  LYNCHBURG GEN HOSPITAL,490021,VA,READM-30-CABG-HRRP,147.0,1.0268,15,H_COMP_2_STAR_RATING,Doctor communication - star rating,Doctor communication - star rating,3.0,1263.0,22.0
CENTRA HEALTH -  LYNCHBURG GEN HOSPITAL,490021,VA,READM-30-CABG-HRRP,147.0,1.0268,15,H_COMP_5_STAR_RATING,Communication about medicines - star rating,Communication about medicines - star rating,2.0,1263.0,22.0
CENTRA HEALTH -  LYNCHBURG GEN HOSPITAL,490021,VA,READM-30-CABG-HRRP,147.0,1.0268,15,H_COMP_6_STAR_RATING,Discharge information - star rating,Discharge information - star rating,3.0,1263.0,22.0
CENTRA HEALTH -  LYNCHBURG GEN HOSPITAL,490021,VA,READM-30-CABG-HRRP,147.0,1.0268,15,H_CLEAN_STAR_RATING,Cleanliness - star rating,Cleanliness - star rating,2.0,1263.0,22.0
CENTRA HEALTH -  LYNCHBURG GEN HOSPITAL,490021,VA,READM-30-CABG-HRRP,147.0,1.0268,15,H_QUIET_STAR_RATING,Quietness - star rating,Quietness - star rating,3.0,1263.0,22.0
CENTRA HEALTH -  LYNCHBURG GEN HOSPITAL,490021,VA,READM-30-CABG-HRRP,147.0,1.0268,15,H_HSP_RATING_STAR_RATING,Overall hospital rating - star rating,Overall hospital rating - star rating,3.0,1263.0,22.0
CENTRA HEALTH -  LYNCHBURG GEN HOSPITAL,490021,VA,READM-30-CABG-HRRP,147.0,1.0268,15,H_RECMND_STAR_RATING,Recommend hospital - star rating,Recommend hospital - star rating,3.0,1263.0,22.0
CENTRA HEALTH -  LYNCHBURG GEN HOSPITAL,490021,VA,READM-30-CABG-HRRP,147.0,1.0268,15,H_STAR_RATING,Summary star rating,Summary star rating,3.0,1263.0,22.0
CENTRA HEALTH -  LYNCHBURG GEN HOSPITAL,490021,VA,READM-30-AMI-HRRP,622.0,0.8758,65,H_COMP_1_STAR_RATING,Nurse communication - star rating,Nurse communication - star rating,3.0,1263.0,22.0
CENTRA HEALTH -  LYNCHBURG GEN HOSPITAL,490021,VA,READM-30-AMI-HRRP,622.0,0.8758,65,H_COMP_2_STAR_RATING,Doctor communication - star rating,Doctor communication - star rating,3.0,1263.0,22.0
CENTRA HEALTH -  LYNCHBURG GEN HOSPITAL,490021,VA,READM-30-AMI-HRRP,622.0,0.8758,65,H_COMP_5_STAR_RATING,Communication about medicines - star rating,Communication about medicines - star rating,2.0,1263.0,22.0
CENTRA HEALTH -  LYNCHBURG GEN HOSPITAL,490021,VA,READM-30-AMI-HRRP,622.0,0.8758,65,H_COMP_6_STAR_RATING,Discharge information - star rating,Discharge information - star rating,3.0,1263.0,22.0
CENTRA HEALTH -  LYNCHBURG GEN HOSPITAL,490021,VA,READM-30-AMI-HRRP,622.0,0.8758,65,H_CLEAN_STAR_RATING,Cleanliness - star rating,Cleanliness - star rating,2.0,1263.0,22.0
CENTRA HEALTH -  LYNCHBURG GEN HOSPITAL,490021,VA,READM-30-AMI-HRRP,622.0,0.8758,65,H_QUIET_STAR_RATING,Quietness - star rating,Quietness - star rating,3.0,1263.0,22.0
CENTRA HEALTH -  LYNCHBURG GEN HOSPITAL,490021,VA,READM-30-AMI-HRRP,622.0,0.8758,65,H_HSP_RATING_STAR_RATING,Overall hospital rating - star rating,Overall hospital rating - star rating,3.0,1263.0,22.0
CENTRA HEALTH -  LYNCHBURG GEN HOSPITAL,490021,VA,READM-30-AMI-HRRP,622.0,0.8758,65,H_RECMND_STAR_RATING,Recommend hospital - star rating,Recommend hospital - star rating,3.0,1263.0,22.0
CENTRA HEALTH -  LYNCHBURG GEN HOSPITAL,490021,VA,READM-30-AMI-HRRP,622.0,0.8758,65,H_STAR_RATING,Summary star rating,Summary star rating,3.0,1263.0,22.0
MARY WASHINGTON HOSPITAL,490022,VA,READM-30-PN-HRRP,1178.0,1.238,251,H_COMP_1_STAR_RATING,Nurse communication - star rating,Nurse communication - star rating,2.0,2096.0,19.0
MARY WASHINGTON HOSPITAL,490022,VA,READM-30-PN-HRRP,1178.0,1.238,251,H_COMP_2_STAR_RATING,Doctor communication - star rating,Doctor communication - star rating,2.0,2096.0,19.0
MARY WASHINGTON HOSPITAL,490022,VA,READM-30-PN-HRRP,1178.0,1.238,251,H_COMP_5_STAR_RATING,Communication about medicines - star rating,Communication about medicines - star rating,2.0,2096.0,19.0
MARY WASHINGTON HOSPITAL,490022,VA,READM-30-PN-HRRP,1178.0,1.238,251,H_COMP_6_STAR_RATING,Discharge information - star rating,Discharge information - star rating,3.0,2096.0,19.0
MARY WASHINGTON HOSPITAL,490022,VA,READM-30-PN-HRRP,1178.0,1.238,251,H_CLEAN_STAR_RATING,Cleanliness - star rating,Cleanliness - star rating,2.0,2096.0,19.0
MARY WASHINGTON HOSPITAL,490022,VA,READM-30-PN-HRRP,1178.0,1.238,251,H_QUIET_STAR_RATING,Quietness - star rating,Quietness - star rating,2.0,2096.0,19.0
MARY WASHINGTON HOSPITAL,490022,VA,READM-30-PN-HRRP,1178.0,1.238,251,H_HSP_RATING_STAR_RATING,Overall hospital rating - star rating,Overall hospital rating - star rating,3.0,2096.0,19.0
MARY WASHINGTON HOSPITAL,490022,VA,READM-30-PN-HRRP,1178.0,1.238,251,H_RECMND_STAR_RATING,Recommend hospital - star rating,Recommend hospital - star rating,2.0,2096.0,19.0
MARY WASHINGTON HOSPITAL,490022,VA,READM-30-PN-HRRP,1178.0,1.238,251,H_STAR_RATING,Summary star rating,Summary star rating,2.0,2096.0,19.0
MARY WASHINGTON HOSPITAL,490022,VA,READM-30-HF-HRRP,1076.0,1.079,240,H_COMP_1_STAR_RATING,Nurse communication - star rating,Nurse communication - star rating,2.0,2096.0,19.0
MARY WASHINGTON HOSPITAL,490022,VA,READM-30-HF-HRRP,1076.0,1.079,240,H_COMP_2_STAR_RATING,Doctor communication - star rating,Doctor communication - star rating,2.0,2096.0,19.0
MARY WASHINGTON HOSPITAL,490022,VA,READM-30-HF-HRRP,1076.0,1.079,240,H_COMP_5_STAR_RATING,Communication about medicines - star rating,Communication about medicines - star rating,2.0,2096.0,19.0
MARY WASHINGTON HOSPITAL,490022,VA,READM-30-HF-HRRP,1076.0,1.079,240,H_COMP_6_STAR_RATING,Discharge information - star rating,Discharge information - star rating,3.0,2096.0,19.0
MARY WASHINGTON HOSPITAL,490022,VA,READM-30-HF-HRRP,1076.0,1.079,240,H_CLEAN_STAR_RATING,Cleanliness - star rating,Cleanliness - star rating,2.0,2096.0,19.0
MARY WASHINGTON HOSPITAL,490022,VA,READM-30-HF-HRRP,1076.0,1.079,240,H_QUIET_STAR_RATING,Quietness - star rating,Quietness - star rating,2.0,2096.0,19.0
MARY WASHINGTON HOSPITAL,490022,VA,READM-30-HF-HRRP,1076.0,1.079,240,H_HSP_RATING_STAR_RATING,Overall hospital rating - star rating,Overall hospital rating - star rating,3.0,2096.0,19.0
MARY WASHINGTON HOSPITAL,490022,VA,READM-30-HF-HRRP,1076.0,1.079,240,H_RECMND_STAR_RATING,Recommend hospital - star rating,Recommend hospital - star rating,2.0,2096.0,19.0
MARY WASHINGTON HOSPITAL,490022,VA,READM-30-HF-HRRP,1076.0,1.079,240,H_STAR_RATING,Summary star rating,Summary star rating,2.0,2096.0,19.0
MARY WASHINGTON HOSPITAL,490022,VA,READM-30-COPD-HRRP,327.0,1.133,74,H_COMP_1_STAR_RATING,Nurse communication - star rating,Nurse communication - star rating,2.0,2096.0,19.0
MARY WASHINGTON HOSPITAL,490022,VA,READM-30-COPD-HRRP,327.0,1.133,74,H_COMP_2_STAR_RATING,Doctor communication - star rating,Doctor communication - star rating,2.0,2096.0,19.0
MARY WASHINGTON HOSPITAL,490022,VA,READM-30-COPD-HRRP,327.0,1.133,74,H_COMP_5_STAR_RATING,Communication about medicines - star rating,Communication about medicines - star rating,2.0,2096.0,19.0
MARY WASHINGTON HOSPITAL,490022,VA,READM-30-COPD-HRRP,327.0,1.133,74,H_COMP_6_STAR_RATING,Discharge information - star rating,Discharge information - star rating,3.0,2096.0,19.0
MARY WASHINGTON HOSPITAL,490022,VA,READM-30-COPD-HRRP,327.0,1.133,74,H_CLEAN_STAR_RATING,Cleanliness - star rating,Cleanliness - star rating,2.0,2096.0,19.0
MARY WASHINGTON HOSPITAL,490022,VA,READM-30-COPD-HRRP,327.0,1.133,74,H_QUIET_STAR_RATING,Quietness - star rating,Quietness - star rating,2.0,2096.0,19.0
MARY WASHINGTON HOSPITAL,490022,VA,READM-30-COPD-HRRP,327.0,1.133,74,H_HSP_RATING_STAR_RATING,Overall hospital rating - star rating,Overall hospital rating - star rating,3.0,2096.0,19.0
MARY WASHINGTON HOSPITAL,490022,VA,READM-30-COPD-HRRP,327.0,1.133,74,H_RECMND_STAR_RATING,Recommend hospital - star rating,Recommend hospital - star rating,2.0,2096.0,19.0
MARY WASHINGTON HOSPITAL,490022,VA,READM-30-COPD-HRRP,327.0,1.133,74,H_STAR_RATING,Summary star rating,Summary star rating,2.0,2096.0,19.0
MARY WASHINGTON HOSPITAL,490022,VA,READM-30-CABG-HRRP,118.0,1.0197,13,H_COMP_1_STAR_RATING,Nurse communication - star rating,Nurse communication - star rating,2.0,2096.0,19.0
MARY WASHINGTON HOSPITAL,490022,VA,READM-30-CABG-HRRP,118.0,1.0197,13,H_COMP_2_STAR_RATING,Doctor communication - star rating,Doctor communication - star rating,2.0,2096.0,19.0
MARY WASHINGTON HOSPITAL,490022,VA,READM-30-CABG-HRRP,118.0,1.0197,13,H_COMP_5_STAR_RATING,Communication about medicines - star rating,Communication about medicines - star rating,2.0,2096.0,19.0
MARY WASHINGTON HOSPITAL,490022,VA,READM-30-CABG-HRRP,118.0,1.0197,13,H_COMP_6_STAR_RATING,Discharge information - star rating,Discharge information - star rating,3.0,2096.0,19.0
MARY WASHINGTON HOSPITAL,490022,VA,READM-30-CABG-HRRP,118.0,1.0197,13,H_CLEAN_STAR_RATING,Cleanliness - star rating,Cleanliness - star rating,2.0,2096.0,19.0
MARY WASHINGTON HOSPITAL,490022,VA,READM-30-CABG-HRRP,118.0,1.0197,13,H_QUIET_STAR_RATING,Quietness - star rating,Quietness - star rating,2.0,2096.0,19.0
MARY WASHINGTON HOSPITAL,490022,VA,READM-30-CABG-HRRP,118.0,1.0197,13,H_HSP_RATING_STAR_RATING,Overall hospital rating - star rating,Overall hospital rating - star rating,3.0,2096.0,19.0
MARY WASHINGTON HOSPITAL,490022,VA,READM-30-CABG-HRRP,118.0,1.0197,13,H_RECMND_STAR_RATING,Recommend hospital - star rating,Recommend hospital - star rating,2.0,2096.0,19.0
MARY WASHINGTON HOSPITAL,490022,VA,READM-30-CABG-HRRP,118.0,1.0197,13,H_STAR_RATING,Summary star rating,Summary star rating,2.0,2096.0,19.0
MARY WASHINGTON HOSPITAL,490022,VA,READM-30-AMI-HRRP,367.0,1.1192,59,H_COMP_1_STAR_RATING,Nurse communication - star rating,Nurse communication - star rating,2.0,2096.0,19.0
MARY WASHINGTON HOSPITAL,490022,VA,READM-30-AMI-HRRP,367.0,1.1192,59,H_COMP_2_STAR_RATING,Doctor communication - star rating,Doctor communication - star rating,2.0,2096.0,19.0
MARY WASHINGTON HOSPITAL,490022,VA,READM-30-AMI-HRRP,367.0,1.1192,59,H_COMP_5_STAR_RATING,Communication about medicines - star rating,Communication about medicines - star rating,2.0,2096.0,19.0
MARY WASHINGTON HOSPITAL,490022,VA,READM-30-AMI-HRRP,367.0,1.1192,59,H_COMP_6_STAR_RATING,Discharge information - star rating,Discharge information - star rating,3.0,2096.0,19.0
MARY WASHINGTON HOSPITAL,490022,VA,READM-30-AMI-HRRP,367.0,1.1192,59,H_CLEAN_STAR_RATING,Cleanliness - star rating,Cleanliness - star rating,2.0,2096.0,19.0
MARY WASHINGTON HOSPITAL,490022,VA,READM-30-AMI-HRRP,367.0,1.1192,59,H_QUIET_STAR_RATING,Quietness - star rating,Quietness - star rating,2.0,2096.0,19.0
MARY WASHINGTON HOSPITAL,490022,VA,READM-30-AMI-HRRP,367.0,1.1192,59,H_HSP_RATING_STAR_RATING,Overall hospital rating - star rating,Overall hospital rating - star rating,3.0,2096.0,19.0
MARY WASHINGTON HOSPITAL,490022,VA,READM-30-AMI-HRRP,367.0,1.1192,59,H_RECMND_STAR_RATING,Recommend hospital - star rating,Recommend hospital - star rating,2.0,2096.0,19.0
MARY WASHINGTON HOSPITAL,490022,VA,READM-30-AMI-HRRP,367.0,1.1192,59,H_STAR_RATING,Summary star rating,Summary star rating,2.0,2096.0,19.0
FAUQUIER HOSPITAL,490023,VA,READM-30-PN-HRRP,192.0,0.98,24,H_COMP_1_STAR_RATING,Nurse communication - star rating,Nurse communication - star rating,3.0,406.0,18.0
FAUQUIER HOSPITAL,490023,VA,READM-30-PN-HRRP,192.0,0.98,24,H_COMP_2_STAR_RATING,Doctor communication - star rating,Doctor communication - star rating,3.0,406.0,18.0
FAUQUIER HOSPITAL,490023,VA,READM-30-PN-HRRP,192.0,0.98,24,H_COMP_5_STAR_RATING,Communication about medicines - star rating,Communication about medicines - star rating,2.0,406.0,18.0
FAUQUIER HOSPITAL,490023,VA,READM-30-PN-HRRP,192.0,0.98,24,H_COMP_6_STAR_RATING,Discharge information - star rating,Discharge information - star rating,4.0,406.0,18.0
FAUQUIER HOSPITAL,490023,VA,READM-30-PN-HRRP,192.0,0.98,24,H_CLEAN_STAR_RATING,Cleanliness - star rating,Cleanliness - star rating,3.0,406.0,18.0
FAUQUIER HOSPITAL,490023,VA,READM-30-PN-HRRP,192.0,0.98,24,H_QUIET_STAR_RATING,Quietness - star rating,Quietness - star rating,3.0,406.0,18.0
FAUQUIER HOSPITAL,490023,VA,READM-30-PN-HRRP,192.0,0.98,24,H_HSP_RATING_STAR_RATING,Overall hospital rating - star rating,Overall hospital rating - star rating,3.0,406.0,18.0
FAUQUIER HOSPITAL,490023,VA,READM-30-PN-HRRP,192.0,0.98,24,H_RECMND_STAR_RATING,Recommend hospital - star rating,Recommend hospital - star rating,2.0,406.0,18.0
FAUQUIER HOSPITAL,490023,VA,READM-30-PN-HRRP,192.0,0.98,24,H_STAR_RATING,Summary star rating,Summary star rating,3.0,406.0,18.0
FAUQUIER HOSPITAL,490023,VA,READM-30-HF-HRRP,173.0,1.0867,40,H_COMP_1_STAR_RATING,Nurse communication - star rating,Nurse communication - star rating,3.0,406.0,18.0
FAUQUIER HOSPITAL,490023,VA,READM-30-HF-HRRP,173.0,1.0867,40,H_COMP_2_STAR_RATING,Doctor communication - star rating,Doctor communication - star rating,3.0,406.0,18.0
FAUQUIER HOSPITAL,490023,VA,READM-30-HF-HRRP,173.0,1.0867,40,H_COMP_5_STAR_RATING,Communication about medicines - star rating,Communication about medicines - star rating,2.0,406.0,18.0
FAUQUIER HOSPITAL,490023,VA,READM-30-HF-HRRP,173.0,1.0867,40,H_COMP_6_STAR_RATING,Discharge information - star rating,Discharge information - star rating,4.0,406.0,18.0
FAUQUIER HOSPITAL,490023,VA,READM-30-HF-HRRP,173.0,1.0867,40,H_CLEAN_STAR_RATING,Cleanliness - star rating,Cleanliness - star rating,3.0,406.0,18.0
FAUQUIER HOSPITAL,490023,VA,READM-30-HF-HRRP,173.0,1.0867,40,H_QUIET_STAR_RATING,Quietness - star rating,Quietness - star rating,3.0,406.0,18.0
FAUQUIER HOSPITAL,490023,VA,READM-30-HF-HRRP,173.0,1.0867,40,H_HSP_RATING_STAR_RATING,Overall hospital rating - star rating,Overall hospital rating - star rating,3.0,406.0,18.0
FAUQUIER HOSPITAL,490023,VA,READM-30-HF-HRRP,173.0,1.0867,40,H_RECMND_STAR_RATING,Recommend hospital - star rating,Recommend hospital - star rating,2.0,406.0,18.0
FAUQUIER HOSPITAL,490023,VA,READM-30-HF-HRRP,173.0,1.0867,40,H_STAR_RATING,Summary star rating,Summary star rating,3.0,406.0,18.0
FAUQUIER HOSPITAL,490023,VA,READM-30-COPD-HRRP,87.0,0.9631,11,H_COMP_1_STAR_RATING,Nurse communication - star rating,Nurse communication - star rating,3.0,406.0,18.0
FAUQUIER HOSPITAL,490023,VA,READM-30-COPD-HRRP,87.0,0.9631,11,H_COMP_2_STAR_RATING,Doctor communication - star rating,Doctor communication - star rating,3.0,406.0,18.0
FAUQUIER HOSPITAL,490023,VA,READM-30-COPD-HRRP,87.0,0.9631,11,H_COMP_5_STAR_RATING,Communication about medicines - star rating,Communication about medicines - star rating,2.0,406.0,18.0
FAUQUIER HOSPITAL,490023,VA,READM-30-COPD-HRRP,87.0,0.9631,11,H_COMP_6_STAR_RATING,Discharge information - star rating,Discharge information - star rating,4.0,406.0,18.0
FAUQUIER HOSPITAL,490023,VA,READM-30-COPD-HRRP,87.0,0.9631,11,H_CLEAN_STAR_RATING,Cleanliness - star rating,Cleanliness - star rating,3.0,406.0,18.0
FAUQUIER HOSPITAL,490023,VA,READM-30-COPD-HRRP,87.0,0.9631,11,H_QUIET_STAR_RATING,Quietness - star rating,Quietness - star rating,3.0,406.0,18.0
FAUQUIER HOSPITAL,490023,VA,READM-30-COPD-HRRP,87.0,0.9631,11,H_HSP_RATING_STAR_RATING,Overall hospital rating - star rating,Overall hospital rating - star rating,3.0,406.0,18.0
FAUQUIER HOSPITAL,490023,VA,READM-30-COPD-HRRP,87.0,0.9631,11,H_RECMND_STAR_RATING,Recommend hospital - star rating,Recommend hospital - star rating,2.0,406.0,18.0
FAUQUIER HOSPITAL,490023,VA,READM-30-COPD-HRRP,87.0,0.9631,11,H_STAR_RATING,Summary star rating,Summary star rating,3.0,406.0,18.0
CARILION MEDICAL CENTER,490024,VA,READM-30-PN-HRRP,742.0,0.8337,86,H_COMP_1_STAR_RATING,Nurse communication - star rating,Nurse communication - star rating,3.0,967.0,20.0
CARILION MEDICAL CENTER,490024,VA,READM-30-PN-HRRP,742.0,0.8337,86,H_COMP_2_STAR_RATING,Doctor communication - star rating,Doctor communication - star rating,3.0,967.0,20.0
CARILION MEDICAL CENTER,490024,VA,READM-30-PN-HRRP,742.0,0.8337,86,H_COMP_5_STAR_RATING,Communication about medicines - star rating,Communication about medicines - star rating,2.0,967.0,20.0
CARILION MEDICAL CENTER,490024,VA,READM-30-PN-HRRP,742.0,0.8337,86,H_COMP_6_STAR_RATING,Discharge information - star rating,Discharge information - star rating,3.0,967.0,20.0
CARILION MEDICAL CENTER,490024,VA,READM-30-PN-HRRP,742.0,0.8337,86,H_CLEAN_STAR_RATING,Cleanliness - star rating,Cleanliness - star rating,3.0,967.0,20.0
CARILION MEDICAL CENTER,490024,VA,READM-30-PN-HRRP,742.0,0.8337,86,H_QUIET_STAR_RATING,Quietness - star rating,Quietness - star rating,2.0,967.0,20.0
CARILION MEDICAL CENTER,490024,VA,READM-30-PN-HRRP,742.0,0.8337,86,H_HSP_RATING_STAR_RATING,Overall hospital rating - star rating,Overall hospital rating - star rating,3.0,967.0,20.0
CARILION MEDICAL CENTER,490024,VA,READM-30-PN-HRRP,742.0,0.8337,86,H_RECMND_STAR_RATING,Recommend hospital - star rating,Recommend hospital - star rating,4.0,967.0,20.0
CARILION MEDICAL CENTER,490024,VA,READM-30-PN-HRRP,742.0,0.8337,86,H_STAR_RATING,Summary star rating,Summary star rating,3.0,967.0,20.0
CARILION MEDICAL CENTER,490024,VA,READM-30-HF-HRRP,1040.0,0.9372,188,H_COMP_1_STAR_RATING,Nurse communication - star rating,Nurse communication - star rating,3.0,967.0,20.0
CARILION MEDICAL CENTER,490024,VA,READM-30-HF-HRRP,1040.0,0.9372,188,H_COMP_2_STAR_RATING,Doctor communication - star rating,Doctor communication - star rating,3.0,967.0,20.0
CARILION MEDICAL CENTER,490024,VA,READM-30-HF-HRRP,1040.0,0.9372,188,H_COMP_5_STAR_RATING,Communication about medicines - star rating,Communication about medicines - star rating,2.0,967.0,20.0
CARILION MEDICAL CENTER,490024,VA,READM-30-HF-HRRP,1040.0,0.9372,188,H_COMP_6_STAR_RATING,Discharge information - star rating,Discharge information - star rating,3.0,967.0,20.0
CARILION MEDICAL CENTER,490024,VA,READM-30-HF-HRRP,1040.0,0.9372,188,H_CLEAN_STAR_RATING,Cleanliness - star rating,Cleanliness - star rating,3.0,967.0,20.0
CARILION MEDICAL CENTER,490024,VA,READM-30-HF-HRRP,1040.0,0.9372,188,H_QUIET_STAR_RATING,Quietness - star rating,Quietness - star rating,2.0,967.0,20.0
CARILION MEDICAL CENTER,490024,VA,READM-30-HF-HRRP,1040.0,0.9372,188,H_HSP_RATING_STAR_RATING,Overall hospital rating - star rating,Overall hospital rating - star rating,3.0,967.0,20.0
CARILION MEDICAL CENTER,490024,VA,READM-30-HF-HRRP,1040.0,0.9372,188,H_RECMND_STAR_RATING,Recommend hospital - star rating,Recommend hospital - star rating,4.0,967.0,20.0
CARILION MEDICAL CENTER,490024,VA,READM-30-HF-HRRP,1040.0,0.9372,188,H_STAR_RATING,Summary star rating,Summary star rating,3.0,967.0,20.0
CARILION MEDICAL CENTER,490024,VA,READM-30-COPD-HRRP,210.0,0.9576,37,H_COMP_1_STAR_RATING,Nurse communication - star rating,Nurse communication - star rating,3.0,967.0,20.0
CARILION MEDICAL CENTER,490024,VA,READM-30-COPD-HRRP,210.0,0.9576,37,H_COMP_2_STAR_RATING,Doctor communication - star rating,Doctor communication - star rating,3.0,967.0,20.0
CARILION MEDICAL CENTER,490024,VA,READM-30-COPD-HRRP,210.0,0.9576,37,H_COMP_5_STAR_RATING,Communication about medicines - star rating,Communication about medicines - star rating,2.0,967.0,20.0
CARILION MEDICAL CENTER,490024,VA,READM-30-COPD-HRRP,210.0,0.9576,37,H_COMP_6_STAR_RATING,Discharge information - star rating,Discharge information - star rating,3.0,967.0,20.0
CARILION MEDICAL CENTER,490024,VA,READM-30-COPD-HRRP,210.0,0.9576,37,H_CLEAN_STAR_RATING,Cleanliness - star rating,Cleanliness - star rating,3.0,967.0,20.0
CARILION MEDICAL CENTER,490024,VA,READM-30-COPD-HRRP,210.0,0.9576,37,H_QUIET_STAR_RATING,Quietness - star rating,Quietness - star rating,2.0,967.0,20.0
CARILION MEDICAL CENTER,490024,VA,READM-30-COPD-HRRP,210.0,0.9576,37,H_HSP_RATING_STAR_RATING,Overall hospital rating - star rating,Overall hospital rating - star rating,3.0,967.0,20.0
CARILION MEDICAL CENTER,490024,VA,READM-30-COPD-HRRP,210.0,0.9576,37,H_RECMND_STAR_RATING,Recommend hospital - star rating,Recommend hospital - star rating,4.0,967.0,20.0
CARILION MEDICAL CENTER,490024,VA,READM-30-COPD-HRRP,210.0,0.9576,37,H_STAR_RATING,Summary star rating,Summary star rating,3.0,967.0,20.0
CARILION MEDICAL CENTER,490024,VA,READM-30-CABG-HRRP,193.0,0.9108,16,H_COMP_1_STAR_RATING,Nurse communication - star rating,Nurse communication - star rating,3.0,967.0,20.0
CARILION MEDICAL CENTER,490024,VA,READM-30-CABG-HRRP,193.0,0.9108,16,H_COMP_2_STAR_RATING,Doctor communication - star rating,Doctor communication - star rating,3.0,967.0,20.0
CARILION MEDICAL CENTER,490024,VA,READM-30-CABG-HRRP,193.0,0.9108,16,H_COMP_5_STAR_RATING,Communication about medicines - star rating,Communication about medicines - star rating,2.0,967.0,20.0
CARILION MEDICAL CENTER,490024,VA,READM-30-CABG-HRRP,193.0,0.9108,16,H_COMP_6_STAR_RATING,Discharge information - star rating,Discharge information - star rating,3.0,967.0,20.0
CARILION MEDICAL CENTER,490024,VA,READM-30-CABG-HRRP,193.0,0.9108,16,H_CLEAN_STAR_RATING,Cleanliness - star rating,Cleanliness - star rating,3.0,967.0,20.0
CARILION MEDICAL CENTER,490024,VA,READM-30-CABG-HRRP,193.0,0.9108,16,H_QUIET_STAR_RATING,Quietness - star rating,Quietness - star rating,2.0,967.0,20.0
CARILION MEDICAL CENTER,490024,VA,READM-30-CABG-HRRP,193.0,0.9108,16,H_HSP_RATING_STAR_RATING,Overall hospital rating - star rating,Overall hospital rating - star rating,3.0,967.0,20.0
CARILION MEDICAL CENTER,490024,VA,READM-30-CABG-HRRP,193.0,0.9108,16,H_RECMND_STAR_RATING,Recommend hospital - star rating,Recommend hospital - star rating,4.0,967.0,20.0
CARILION MEDICAL CENTER,490024,VA,READM-30-CABG-HRRP,193.0,0.9108,16,H_STAR_RATING,Summary star rating,Summary star rating,3.0,967.0,20.0
CARILION MEDICAL CENTER,490024,VA,READM-30-AMI-HRRP,527.0,0.9719,64,H_COMP_1_STAR_RATING,Nurse communication - star rating,Nurse communication - star rating,3.0,967.0,20.0
CARILION MEDICAL CENTER,490024,VA,READM-30-AMI-HRRP,527.0,0.9719,64,H_COMP_2_STAR_RATING,Doctor communication - star rating,Doctor communication - star rating,3.0,967.0,20.0
CARILION MEDICAL CENTER,490024,VA,READM-30-AMI-HRRP,527.0,0.9719,64,H_COMP_5_STAR_RATING,Communication about medicines - star rating,Communication about medicines - star rating,2.0,967.0,20.0
CARILION MEDICAL CENTER,490024,VA,READM-30-AMI-HRRP,527.0,0.9719,64,H_COMP_6_STAR_RATING,Discharge information - star rating,Discharge information - star rating,3.0,967.0,20.0
CARILION MEDICAL CENTER,490024,VA,READM-30-AMI-HRRP,527.0,0.9719,64,H_CLEAN_STAR_RATING,Cleanliness - star rating,Cleanliness - star rating,3.0,967.0,20.0
CARILION MEDICAL CENTER,490024,VA,READM-30-AMI-HRRP,527.0,0.9719,64,H_QUIET_STAR_RATING,Quietness - star rating,Quietness - star rating,2.0,967.0,20.0
CARILION MEDICAL CENTER,490024,VA,READM-30-AMI-HRRP,527.0,0.9719,64,H_HSP_RATING_STAR_RATING,Overall hospital rating - star rating,Overall hospital rating - star rating,3.0,967.0,20.0
CARILION MEDICAL CENTER,490024,VA,READM-30-AMI-HRRP,527.0,0.9719,64,H_RECMND_STAR_RATING,Recommend hospital - star rating,Recommend hospital - star rating,4.0,967.0,20.0
CARILION MEDICAL CENTER,490024,VA,READM-30-AMI-HRRP,527.0,0.9719,64,H_STAR_RATING,Summary star rating,Summary star rating,3.0,967.0,20.0
MEDICAL COLLEGE OF VIRGINIA HOSPITALS,490032,VA,READM-30-PN-HRRP,311.0,1.0536,63,H_COMP_1_STAR_RATING,Nurse communication - star rating,Nurse communication - star rating,4.0,1874.0,15.0
MEDICAL COLLEGE OF VIRGINIA HOSPITALS,490032,VA,READM-30-PN-HRRP,311.0,1.0536,63,H_COMP_2_STAR_RATING,Doctor communication - star rating,Doctor communication - star rating,4.0,1874.0,15.0
MEDICAL COLLEGE OF VIRGINIA HOSPITALS,490032,VA,READM-30-PN-HRRP,311.0,1.0536,63,H_COMP_5_STAR_RATING,Communication about medicines - star rating,Communication about medicines - star rating,3.0,1874.0,15.0
MEDICAL COLLEGE OF VIRGINIA HOSPITALS,490032,VA,READM-30-PN-HRRP,311.0,1.0536,63,H_COMP_6_STAR_RATING,Discharge information - star rating,Discharge information - star rating,4.0,1874.0,15.0
MEDICAL COLLEGE OF VIRGINIA HOSPITALS,490032,VA,READM-30-PN-HRRP,311.0,1.0536,63,H_CLEAN_STAR_RATING,Cleanliness - star rating,Cleanliness - star rating,2.0,1874.0,15.0
MEDICAL COLLEGE OF VIRGINIA HOSPITALS,490032,VA,READM-30-PN-HRRP,311.0,1.0536,63,H_QUIET_STAR_RATING,Quietness - star rating,Quietness - star rating,2.0,1874.0,15.0
MEDICAL COLLEGE OF VIRGINIA HOSPITALS,490032,VA,READM-30-PN-HRRP,311.0,1.0536,63,H_HSP_RATING_STAR_RATING,Overall hospital rating - star rating,Overall hospital rating - star rating,4.0,1874.0,15.0
MEDICAL COLLEGE OF VIRGINIA HOSPITALS,490032,VA,READM-30-PN-HRRP,311.0,1.0536,63,H_RECMND_STAR_RATING,Recommend hospital - star rating,Recommend hospital - star rating,5.0,1874.0,15.0
MEDICAL COLLEGE OF VIRGINIA HOSPITALS,490032,VA,READM-30-PN-HRRP,311.0,1.0536,63,H_STAR_RATING,Summary star rating,Summary star rating,4.0,1874.0,15.0
MEDICAL COLLEGE OF VIRGINIA HOSPITALS,490032,VA,READM-30-HF-HRRP,555.0,0.9399,110,H_COMP_1_STAR_RATING,Nurse communication - star rating,Nurse communication - star rating,4.0,1874.0,15.0
MEDICAL COLLEGE OF VIRGINIA HOSPITALS,490032,VA,READM-30-HF-HRRP,555.0,0.9399,110,H_COMP_2_STAR_RATING,Doctor communication - star rating,Doctor communication - star rating,4.0,1874.0,15.0
MEDICAL COLLEGE OF VIRGINIA HOSPITALS,490032,VA,READM-30-HF-HRRP,555.0,0.9399,110,H_COMP_5_STAR_RATING,Communication about medicines - star rating,Communication about medicines - star rating,3.0,1874.0,15.0
MEDICAL COLLEGE OF VIRGINIA HOSPITALS,490032,VA,READM-30-HF-HRRP,555.0,0.9399,110,H_COMP_6_STAR_RATING,Discharge information - star rating,Discharge information - star rating,4.0,1874.0,15.0
MEDICAL COLLEGE OF VIRGINIA HOSPITALS,490032,VA,READM-30-HF-HRRP,555.0,0.9399,110,H_CLEAN_STAR_RATING,Cleanliness - star rating,Cleanliness - star rating,2.0,1874.0,15.0
MEDICAL COLLEGE OF VIRGINIA HOSPITALS,490032,VA,READM-30-HF-HRRP,555.0,0.9399,110,H_QUIET_STAR_RATING,Quietness - star rating,Quietness - star rating,2.0,1874.0,15.0
MEDICAL COLLEGE OF VIRGINIA HOSPITALS,490032,VA,READM-30-HF-HRRP,555.0,0.9399,110,H_HSP_RATING_STAR_RATING,Overall hospital rating - star rating,Overall hospital rating - star rating,4.0,1874.0,15.0
MEDICAL COLLEGE OF VIRGINIA HOSPITALS,490032,VA,READM-30-HF-HRRP,555.0,0.9399,110,H_RECMND_STAR_RATING,Recommend hospital - star rating,Recommend hospital - star rating,5.0,1874.0,15.0
MEDICAL COLLEGE OF VIRGINIA HOSPITALS,490032,VA,READM-30-HF-HRRP,555.0,0.9399,110,H_STAR_RATING,Summary star rating,Summary star rating,4.0,1874.0,15.0
MEDICAL COLLEGE OF VIRGINIA HOSPITALS,490032,VA,READM-30-COPD-HRRP,76.0,0.9758,11,H_COMP_1_STAR_RATING,Nurse communication - star rating,Nurse communication - star rating,4.0,1874.0,15.0
MEDICAL COLLEGE OF VIRGINIA HOSPITALS,490032,VA,READM-30-COPD-HRRP,76.0,0.9758,11,H_COMP_2_STAR_RATING,Doctor communication - star rating,Doctor communication - star rating,4.0,1874.0,15.0
MEDICAL COLLEGE OF VIRGINIA HOSPITALS,490032,VA,READM-30-COPD-HRRP,76.0,0.9758,11,H_COMP_5_STAR_RATING,Communication about medicines - star rating,Communication about medicines - star rating,3.0,1874.0,15.0
MEDICAL COLLEGE OF VIRGINIA HOSPITALS,490032,VA,READM-30-COPD-HRRP,76.0,0.9758,11,H_COMP_6_STAR_RATING,Discharge information - star rating,Discharge information - star rating,4.0,1874.0,15.0
MEDICAL COLLEGE OF VIRGINIA HOSPITALS,490032,VA,READM-30-COPD-HRRP,76.0,0.9758,11,H_CLEAN_STAR_RATING,Cleanliness - star rating,Cleanliness - star rating,2.0,1874.0,15.0
MEDICAL COLLEGE OF VIRGINIA HOSPITALS,490032,VA,READM-30-COPD-HRRP,76.0,0.9758,11,H_QUIET_STAR_RATING,Quietness - star rating,Quietness - star rating,2.0,1874.0,15.0
MEDICAL COLLEGE OF VIRGINIA HOSPITALS,490032,VA,READM-30-COPD-HRRP,76.0,0.9758,11,H_HSP_RATING_STAR_RATING,Overall hospital rating - star rating,Overall hospital rating - star rating,4.0,1874.0,15.0
MEDICAL COLLEGE OF VIRGINIA HOSPITALS,490032,VA,READM-30-COPD-HRRP,76.0,0.9758,11,H_RECMND_STAR_RATING,Recommend hospital - star rating,Recommend hospital - star rating,5.0,1874.0,15.0
MEDICAL COLLEGE OF VIRGINIA HOSPITALS,490032,VA,READM-30-COPD-HRRP,76.0,0.9758,11,H_STAR_RATING,Summary star rating,Summary star rating,4.0,1874.0,15.0
MEDICAL COLLEGE OF VIRGINIA HOSPITALS,490032,VA,READM-30-CABG-HRRP,112.0,1.0572,15,H_COMP_1_STAR_RATING,Nurse communication - star rating,Nurse communication - star rating,4.0,1874.0,15.0
MEDICAL COLLEGE OF VIRGINIA HOSPITALS,490032,VA,READM-30-CABG-HRRP,112.0,1.0572,15,H_COMP_2_STAR_RATING,Doctor communication - star rating,Doctor communication - star rating,4.0,1874.0,15.0
MEDICAL COLLEGE OF VIRGINIA HOSPITALS,490032,VA,READM-30-CABG-HRRP,112.0,1.0572,15,H_COMP_5_STAR_RATING,Communication about medicines - star rating,Communication about medicines - star rating,3.0,1874.0,15.0
MEDICAL COLLEGE OF VIRGINIA HOSPITALS,490032,VA,READM-30-CABG-HRRP,112.0,1.0572,15,H_COMP_6_STAR_RATING,Discharge information - star rating,Discharge information - star rating,4.0,1874.0,15.0
MEDICAL COLLEGE OF VIRGINIA HOSPITALS,490032,VA,READM-30-CABG-HRRP,112.0,1.0572,15,H_CLEAN_STAR_RATING,Cleanliness - star rating,Cleanliness - star rating,2.0,1874.0,15.0
MEDICAL COLLEGE OF VIRGINIA HOSPITALS,490032,VA,READM-30-CABG-HRRP,112.0,1.0572,15,H_QUIET_STAR_RATING,Quietness - star rating,Quietness - star rating,2.0,1874.0,15.0
MEDICAL COLLEGE OF VIRGINIA HOSPITALS,490032,VA,READM-30-CABG-HRRP,112.0,1.0572,15,H_HSP_RATING_STAR_RATING,Overall hospital rating - star rating,Overall hospital rating - star rating,4.0,1874.0,15.0
MEDICAL COLLEGE OF VIRGINIA HOSPITALS,490032,VA,READM-30-CABG-HRRP,112.0,1.0572,15,H_RECMND_STAR_RATING,Recommend hospital - star rating,Recommend hospital - star rating,5.0,1874.0,15.0
MEDICAL COLLEGE OF VIRGINIA HOSPITALS,490032,VA,READM-30-CABG-HRRP,112.0,1.0572,15,H_STAR_RATING,Summary star rating,Summary star rating,4.0,1874.0,15.0
MEDICAL COLLEGE OF VIRGINIA HOSPITALS,490032,VA,READM-30-AMI-HRRP,157.0,0.9803,20,H_COMP_1_STAR_RATING,Nurse communication - star rating,Nurse communication - star rating,4.0,1874.0,15.0
MEDICAL COLLEGE OF VIRGINIA HOSPITALS,490032,VA,READM-30-AMI-HRRP,157.0,0.9803,20,H_COMP_2_STAR_RATING,Doctor communication - star rating,Doctor communication - star rating,4.0,1874.0,15.0
MEDICAL COLLEGE OF VIRGINIA HOSPITALS,490032,VA,READM-30-AMI-HRRP,157.0,0.9803,20,H_COMP_5_STAR_RATING,Communication about medicines - star rating,Communication about medicines - star rating,3.0,1874.0,15.0
MEDICAL COLLEGE OF VIRGINIA HOSPITALS,490032,VA,READM-30-AMI-HRRP,157.0,0.9803,20,H_COMP_6_STAR_RATING,Discharge information - star rating,Discharge information - star rating,4.0,1874.0,15.0
MEDICAL COLLEGE OF VIRGINIA HOSPITALS,490032,VA,READM-30-AMI-HRRP,157.0,0.9803,20,H_CLEAN_STAR_RATING,Cleanliness - star rating,Cleanliness - star rating,2.0,1874.0,15.0
MEDICAL COLLEGE OF VIRGINIA HOSPITALS,490032,VA,READM-30-AMI-HRRP,157.0,0.9803,20,H_QUIET_STAR_RATING,Quietness - star rating,Quietness - star rating,2.0,1874.0,15.0
MEDICAL COLLEGE OF VIRGINIA HOSPITALS,490032,VA,READM-30-AMI-HRRP,157.0,0.9803,20,H_HSP_RATING_STAR_RATING,Overall hospital rating - star rating,Overall hospital rating - star rating,4.0,1874.0,15.0
MEDICAL COLLEGE OF VIRGINIA HOSPITALS,490032,VA,READM-30-AMI-HRRP,157.0,0.9803,20,H_RECMND_STAR_RATING,Recommend hospital - star rating,Recommend hospital - star rating,5.0,1874.0,15.0
MEDICAL COLLEGE OF VIRGINIA HOSPITALS,490032,VA,READM-30-AMI-HRRP,157.0,0.9803,20,H_STAR_RATING,Summary star rating,Summary star rating,4.0,1874.0,15.0
WARREN MEMORIAL HOSPITAL,490033,VA,READM-30-PN-HRRP,177.0,0.9998,24,H_COMP_1_STAR_RATING,Nurse communication - star rating,Nurse communication - star rating,4.0,277.0,17.0
WARREN MEMORIAL HOSPITAL,490033,VA,READM-30-PN-HRRP,177.0,0.9998,24,H_COMP_2_STAR_RATING,Doctor communication - star rating,Doctor communication - star rating,4.0,277.0,17.0
WARREN MEMORIAL HOSPITAL,490033,VA,READM-30-PN-HRRP,177.0,0.9998,24,H_COMP_5_STAR_RATING,Communication about medicines - star rating,Communication about medicines - star rating,2.0,277.0,17.0
WARREN MEMORIAL HOSPITAL,490033,VA,READM-30-PN-HRRP,177.0,0.9998,24,H_COMP_6_STAR_RATING,Discharge information - star rating,Discharge information - star rating,3.0,277.0,17.0
WARREN MEMORIAL HOSPITAL,490033,VA,READM-30-PN-HRRP,177.0,0.9998,24,H_CLEAN_STAR_RATING,Cleanliness - star rating,Cleanliness - star rating,5.0,277.0,17.0
WARREN MEMORIAL HOSPITAL,490033,VA,READM-30-PN-HRRP,177.0,0.9998,24,H_QUIET_STAR_RATING,Quietness - star rating,Quietness - star rating,4.0,277.0,17.0
WARREN MEMORIAL HOSPITAL,490033,VA,READM-30-PN-HRRP,177.0,0.9998,24,H_HSP_RATING_STAR_RATING,Overall hospital rating - star rating,Overall hospital rating - star rating,4.0,277.0,17.0
WARREN MEMORIAL HOSPITAL,490033,VA,READM-30-PN-HRRP,177.0,0.9998,24,H_RECMND_STAR_RATING,Recommend hospital - star rating,Recommend hospital - star rating,4.0,277.0,17.0
WARREN MEMORIAL HOSPITAL,490033,VA,READM-30-PN-HRRP,177.0,0.9998,24,H_STAR_RATING,Summary star rating,Summary star rating,4.0,277.0,17.0
WARREN MEMORIAL HOSPITAL,490033,VA,READM-30-HF-HRRP,182.0,1.031,38,H_COMP_1_STAR_RATING,Nurse communication - star rating,Nurse communication - star rating,4.0,277.0,17.0
WARREN MEMORIAL HOSPITAL,490033,VA,READM-30-HF-HRRP,182.0,1.031,38,H_COMP_2_STAR_RATING,Doctor communication - star rating,Doctor communication - star rating,4.0,277.0,17.0
WARREN MEMORIAL HOSPITAL,490033,VA,READM-30-HF-HRRP,182.0,1.031,38,H_COMP_5_STAR_RATING,Communication about medicines - star rating,Communication about medicines - star rating,2.0,277.0,17.0
WARREN MEMORIAL HOSPITAL,490033,VA,READM-30-HF-HRRP,182.0,1.031,38,H_COMP_6_STAR_RATING,Discharge information - star rating,Discharge information - star rating,3.0,277.0,17.0
WARREN MEMORIAL HOSPITAL,490033,VA,READM-30-HF-HRRP,182.0,1.031,38,H_CLEAN_STAR_RATING,Cleanliness - star rating,Cleanliness - star rating,5.0,277.0,17.0
WARREN MEMORIAL HOSPITAL,490033,VA,READM-30-HF-HRRP,182.0,1.031,38,H_QUIET_STAR_RATING,Quietness - star rating,Quietness - star rating,4.0,277.0,17.0
WARREN MEMORIAL HOSPITAL,490033,VA,READM-30-HF-HRRP,182.0,1.031,38,H_HSP_RATING_STAR_RATING,Overall hospital rating - star rating,Overall hospital rating - star rating,4.0,277.0,17.0
WARREN MEMORIAL HOSPITAL,490033,VA,READM-30-HF-HRRP,182.0,1.031,38,H_RECMND_STAR_RATING,Recommend hospital - star rating,Recommend hospital - star rating,4.0,277.0,17.0
WARREN MEMORIAL HOSPITAL,490033,VA,READM-30-HF-HRRP,182.0,1.031,38,H_STAR_RATING,Summary star rating,Summary star rating,4.0,277.0,17.0
RIVERSIDE SHORE MEMORIAL HOSPITAL,490037,VA,READM-30-PN-HRRP,155.0,1.0152,23,H_COMP_1_STAR_RATING,Nurse communication - star rating,Nurse communication - star rating,5.0,217.0,17.0
RIVERSIDE SHORE MEMORIAL HOSPITAL,490037,VA,READM-30-PN-HRRP,155.0,1.0152,23,H_COMP_2_STAR_RATING,Doctor communication - star rating,Doctor communication - star rating,4.0,217.0,17.0
RIVERSIDE SHORE MEMORIAL HOSPITAL,490037,VA,READM-30-PN-HRRP,155.0,1.0152,23,H_COMP_5_STAR_RATING,Communication about medicines - star rating,Communication about medicines - star rating,4.0,217.0,17.0
RIVERSIDE SHORE MEMORIAL HOSPITAL,490037,VA,READM-30-PN-HRRP,155.0,1.0152,23,H_COMP_6_STAR_RATING,Discharge information - star rating,Discharge information - star rating,4.0,217.0,17.0
RIVERSIDE SHORE MEMORIAL HOSPITAL,490037,VA,READM-30-PN-HRRP,155.0,1.0152,23,H_CLEAN_STAR_RATING,Cleanliness - star rating,Cleanliness - star rating,4.0,217.0,17.0
RIVERSIDE SHORE MEMORIAL HOSPITAL,490037,VA,READM-30-PN-HRRP,155.0,1.0152,23,H_QUIET_STAR_RATING,Quietness - star rating,Quietness - star rating,5.0,217.0,17.0
RIVERSIDE SHORE MEMORIAL HOSPITAL,490037,VA,READM-30-PN-HRRP,155.0,1.0152,23,H_HSP_RATING_STAR_RATING,Overall hospital rating - star rating,Overall hospital rating - star rating,4.0,217.0,17.0
RIVERSIDE SHORE MEMORIAL HOSPITAL,490037,VA,READM-30-PN-HRRP,155.0,1.0152,23,H_RECMND_STAR_RATING,Recommend hospital - star rating,Recommend hospital - star rating,5.0,217.0,17.0
RIVERSIDE SHORE MEMORIAL HOSPITAL,490037,VA,READM-30-PN-HRRP,155.0,1.0152,23,H_STAR_RATING,Summary star rating,Summary star rating,4.0,217.0,17.0
RIVERSIDE SHORE MEMORIAL HOSPITAL,490037,VA,READM-30-HF-HRRP,137.0,1.0011,26,H_COMP_1_STAR_RATING,Nurse communication - star rating,Nurse communication - star rating,5.0,217.0,17.0
RIVERSIDE SHORE MEMORIAL HOSPITAL,490037,VA,READM-30-HF-HRRP,137.0,1.0011,26,H_COMP_2_STAR_RATING,Doctor communication - star rating,Doctor communication - star rating,4.0,217.0,17.0
RIVERSIDE SHORE MEMORIAL HOSPITAL,490037,VA,READM-30-HF-HRRP,137.0,1.0011,26,H_COMP_5_STAR_RATING,Communication about medicines - star rating,Communication about medicines - star rating,4.0,217.0,17.0
RIVERSIDE SHORE MEMORIAL HOSPITAL,490037,VA,READM-30-HF-HRRP,137.0,1.0011,26,H_COMP_6_STAR_RATING,Discharge information - star rating,Discharge information - star rating,4.0,217.0,17.0
RIVERSIDE SHORE MEMORIAL HOSPITAL,490037,VA,READM-30-HF-HRRP,137.0,1.0011,26,H_CLEAN_STAR_RATING,Cleanliness - star rating,Cleanliness - star rating,4.0,217.0,17.0
RIVERSIDE SHORE MEMORIAL HOSPITAL,490037,VA,READM-30-HF-HRRP,137.0,1.0011,26,H_QUIET_STAR_RATING,Quietness - star rating,Quietness - star rating,5.0,217.0,17.0
RIVERSIDE SHORE MEMORIAL HOSPITAL,490037,VA,READM-30-HF-HRRP,137.0,1.0011,26,H_HSP_RATING_STAR_RATING,Overall hospital rating - star rating,Overall hospital rating - star rating,4.0,217.0,17.0
RIVERSIDE SHORE MEMORIAL HOSPITAL,490037,VA,READM-30-HF-HRRP,137.0,1.0011,26,H_RECMND_STAR_RATING,Recommend hospital - star rating,Recommend hospital - star rating,5.0,217.0,17.0
RIVERSIDE SHORE MEMORIAL HOSPITAL,490037,VA,READM-30-HF-HRRP,137.0,1.0011,26,H_STAR_RATING,Summary star rating,Summary star rating,4.0,217.0,17.0
SMYTH COUNTY COMMUNITY HOSPITAL,490038,VA,READM-30-PN-HRRP,112.0,0.9766,14,H_COMP_1_STAR_RATING,Nurse communication - star rating,Nurse communication - star rating,3.0,208.0,24.0
SMYTH COUNTY COMMUNITY HOSPITAL,490038,VA,READM-30-PN-HRRP,112.0,0.9766,14,H_COMP_2_STAR_RATING,Doctor communication - star rating,Doctor communication - star rating,4.0,208.0,24.0
SMYTH COUNTY COMMUNITY HOSPITAL,490038,VA,READM-30-PN-HRRP,112.0,0.9766,14,H_COMP_5_STAR_RATING,Communication about medicines - star rating,Communication about medicines - star rating,3.0,208.0,24.0
SMYTH COUNTY COMMUNITY HOSPITAL,490038,VA,READM-30-PN-HRRP,112.0,0.9766,14,H_COMP_6_STAR_RATING,Discharge information - star rating,Discharge information - star rating,4.0,208.0,24.0
SMYTH COUNTY COMMUNITY HOSPITAL,490038,VA,READM-30-PN-HRRP,112.0,0.9766,14,H_CLEAN_STAR_RATING,Cleanliness - star rating,Cleanliness - star rating,3.0,208.0,24.0
SMYTH COUNTY COMMUNITY HOSPITAL,490038,VA,READM-30-PN-HRRP,112.0,0.9766,14,H_QUIET_STAR_RATING,Quietness - star rating,Quietness - star rating,3.0,208.0,24.0
SMYTH COUNTY COMMUNITY HOSPITAL,490038,VA,READM-30-PN-HRRP,112.0,0.9766,14,H_HSP_RATING_STAR_RATING,Overall hospital rating - star rating,Overall hospital rating - star rating,3.0,208.0,24.0
SMYTH COUNTY COMMUNITY HOSPITAL,490038,VA,READM-30-PN-HRRP,112.0,0.9766,14,H_RECMND_STAR_RATING,Recommend hospital - star rating,Recommend hospital - star rating,3.0,208.0,24.0
SMYTH COUNTY COMMUNITY HOSPITAL,490038,VA,READM-30-PN-HRRP,112.0,0.9766,14,H_STAR_RATING,Summary star rating,Summary star rating,3.0,208.0,24.0
INOVA ALEXANDRIA HOSPITAL,490040,VA,READM-30-PN-HRRP,482.0,0.966,72,H_COMP_1_STAR_RATING,Nurse communication - star rating,Nurse communication - star rating,3.0,596.0,17.0
INOVA ALEXANDRIA HOSPITAL,490040,VA,READM-30-PN-HRRP,482.0,0.966,72,H_COMP_2_STAR_RATING,Doctor communication - star rating,Doctor communication - star rating,3.0,596.0,17.0
INOVA ALEXANDRIA HOSPITAL,490040,VA,READM-30-PN-HRRP,482.0,0.966,72,H_COMP_5_STAR_RATING,Communication about medicines - star rating,Communication about medicines - star rating,2.0,596.0,17.0
INOVA ALEXANDRIA HOSPITAL,490040,VA,READM-30-PN-HRRP,482.0,0.966,72,H_COMP_6_STAR_RATING,Discharge information - star rating,Discharge information - star rating,4.0,596.0,17.0
INOVA ALEXANDRIA HOSPITAL,490040,VA,READM-30-PN-HRRP,482.0,0.966,72,H_CLEAN_STAR_RATING,Cleanliness - star rating,Cleanliness - star rating,3.0,596.0,17.0
INOVA ALEXANDRIA HOSPITAL,490040,VA,READM-30-PN-HRRP,482.0,0.966,72,H_QUIET_STAR_RATING,Quietness - star rating,Quietness - star rating,3.0,596.0,17.0
INOVA ALEXANDRIA HOSPITAL,490040,VA,READM-30-PN-HRRP,482.0,0.966,72,H_HSP_RATING_STAR_RATING,Overall hospital rating - star rating,Overall hospital rating - star rating,3.0,596.0,17.0
INOVA ALEXANDRIA HOSPITAL,490040,VA,READM-30-PN-HRRP,482.0,0.966,72,H_RECMND_STAR_RATING,Recommend hospital - star rating,Recommend hospital - star rating,4.0,596.0,17.0
INOVA ALEXANDRIA HOSPITAL,490040,VA,READM-30-PN-HRRP,482.0,0.966,72,H_STAR_RATING,Summary star rating,Summary star rating,3.0,596.0,17.0
INOVA ALEXANDRIA HOSPITAL,490040,VA,READM-30-HF-HRRP,549.0,0.9283,93,H_COMP_1_STAR_RATING,Nurse communication - star rating,Nurse communication - star rating,3.0,596.0,17.0
INOVA ALEXANDRIA HOSPITAL,490040,VA,READM-30-HF-HRRP,549.0,0.9283,93,H_COMP_2_STAR_RATING,Doctor communication - star rating,Doctor communication - star rating,3.0,596.0,17.0
INOVA ALEXANDRIA HOSPITAL,490040,VA,READM-30-HF-HRRP,549.0,0.9283,93,H_COMP_5_STAR_RATING,Communication about medicines - star rating,Communication about medicines - star rating,2.0,596.0,17.0
INOVA ALEXANDRIA HOSPITAL,490040,VA,READM-30-HF-HRRP,549.0,0.9283,93,H_COMP_6_STAR_RATING,Discharge information - star rating,Discharge information - star rating,4.0,596.0,17.0
INOVA ALEXANDRIA HOSPITAL,490040,VA,READM-30-HF-HRRP,549.0,0.9283,93,H_CLEAN_STAR_RATING,Cleanliness - star rating,Cleanliness - star rating,3.0,596.0,17.0
INOVA ALEXANDRIA HOSPITAL,490040,VA,READM-30-HF-HRRP,549.0,0.9283,93,H_QUIET_STAR_RATING,Quietness - star rating,Quietness - star rating,3.0,596.0,17.0
INOVA ALEXANDRIA HOSPITAL,490040,VA,READM-30-HF-HRRP,549.0,0.9283,93,H_HSP_RATING_STAR_RATING,Overall hospital rating - star rating,Overall hospital rating - star rating,3.0,596.0,17.0
INOVA ALEXANDRIA HOSPITAL,490040,VA,READM-30-HF-HRRP,549.0,0.9283,93,H_RECMND_STAR_RATING,Recommend hospital - star rating,Recommend hospital - star rating,4.0,596.0,17.0
INOVA ALEXANDRIA HOSPITAL,490040,VA,READM-30-HF-HRRP,549.0,0.9283,93,H_STAR_RATING,Summary star rating,Summary star rating,3.0,596.0,17.0
INOVA ALEXANDRIA HOSPITAL,490040,VA,READM-30-COPD-HRRP,160.0,0.9288,22,H_COMP_1_STAR_RATING,Nurse communication - star rating,Nurse communication - star rating,3.0,596.0,17.0
INOVA ALEXANDRIA HOSPITAL,490040,VA,READM-30-COPD-HRRP,160.0,0.9288,22,H_COMP_2_STAR_RATING,Doctor communication - star rating,Doctor communication - star rating,3.0,596.0,17.0
INOVA ALEXANDRIA HOSPITAL,490040,VA,READM-30-COPD-HRRP,160.0,0.9288,22,H_COMP_5_STAR_RATING,Communication about medicines - star rating,Communication about medicines - star rating,2.0,596.0,17.0
INOVA ALEXANDRIA HOSPITAL,490040,VA,READM-30-COPD-HRRP,160.0,0.9288,22,H_COMP_6_STAR_RATING,Discharge information - star rating,Discharge information - star rating,4.0,596.0,17.0
INOVA ALEXANDRIA HOSPITAL,490040,VA,READM-30-COPD-HRRP,160.0,0.9288,22,H_CLEAN_STAR_RATING,Cleanliness - star rating,Cleanliness - star rating,3.0,596.0,17.0
INOVA ALEXANDRIA HOSPITAL,490040,VA,READM-30-COPD-HRRP,160.0,0.9288,22,H_QUIET_STAR_RATING,Quietness - star rating,Quietness - star rating,3.0,596.0,17.0
INOVA ALEXANDRIA HOSPITAL,490040,VA,READM-30-COPD-HRRP,160.0,0.9288,22,H_HSP_RATING_STAR_RATING,Overall hospital rating - star rating,Overall hospital rating - star rating,3.0,596.0,17.0
INOVA ALEXANDRIA HOSPITAL,490040,VA,READM-30-COPD-HRRP,160.0,0.9288,22,H_RECMND_STAR_RATING,Recommend hospital - star rating,Recommend hospital - star rating,4.0,596.0,17.0
INOVA ALEXANDRIA HOSPITAL,490040,VA,READM-30-COPD-HRRP,160.0,0.9288,22,H_STAR_RATING,Summary star rating,Summary star rating,3.0,596.0,17.0
INOVA ALEXANDRIA HOSPITAL,490040,VA,READM-30-AMI-HRRP,178.0,0.9404,20,H_COMP_1_STAR_RATING,Nurse communication - star rating,Nurse communication - star rating,3.0,596.0,17.0
INOVA ALEXANDRIA HOSPITAL,490040,VA,READM-30-AMI-HRRP,178.0,0.9404,20,H_COMP_2_STAR_RATING,Doctor communication - star rating,Doctor communication - star rating,3.0,596.0,17.0
INOVA ALEXANDRIA HOSPITAL,490040,VA,READM-30-AMI-HRRP,178.0,0.9404,20,H_COMP_5_STAR_RATING,Communication about medicines - star rating,Communication about medicines - star rating,2.0,596.0,17.0
INOVA ALEXANDRIA HOSPITAL,490040,VA,READM-30-AMI-HRRP,178.0,0.9404,20,H_COMP_6_STAR_RATING,Discharge information - star rating,Discharge information - star rating,4.0,596.0,17.0
INOVA ALEXANDRIA HOSPITAL,490040,VA,READM-30-AMI-HRRP,178.0,0.9404,20,H_CLEAN_STAR_RATING,Cleanliness - star rating,Cleanliness - star rating,3.0,596.0,17.0
INOVA ALEXANDRIA HOSPITAL,490040,VA,READM-30-AMI-HRRP,178.0,0.9404,20,H_QUIET_STAR_RATING,Quietness - star rating,Quietness - star rating,3.0,596.0,17.0
INOVA ALEXANDRIA HOSPITAL,490040,VA,READM-30-AMI-HRRP,178.0,0.9404,20,H_HSP_RATING_STAR_RATING,Overall hospital rating - star rating,Overall hospital rating - star rating,3.0,596.0,17.0
INOVA ALEXANDRIA HOSPITAL,490040,VA,READM-30-AMI-HRRP,178.0,0.9404,20,H_RECMND_STAR_RATING,Recommend hospital - star rating,Recommend hospital - star rating,4.0,596.0,17.0
INOVA ALEXANDRIA HOSPITAL,490040,VA,READM-30-AMI-HRRP,178.0,0.9404,20,H_STAR_RATING,Summary star rating,Summary star rating,3.0,596.0,17.0
MARY IMMACULATE HOSPITAL,490041,VA,READM-30-PN-HRRP,143.0,1.0812,27,H_COMP_1_STAR_RATING,Nurse communication - star rating,Nurse communication - star rating,3.0,494.0,15.0
MARY IMMACULATE HOSPITAL,490041,VA,READM-30-PN-HRRP,143.0,1.0812,27,H_COMP_2_STAR_RATING,Doctor communication - star rating,Doctor communication - star rating,3.0,494.0,15.0
MARY IMMACULATE HOSPITAL,490041,VA,READM-30-PN-HRRP,143.0,1.0812,27,H_COMP_5_STAR_RATING,Communication about medicines - star rating,Communication about medicines - star rating,2.0,494.0,15.0
MARY IMMACULATE HOSPITAL,490041,VA,READM-30-PN-HRRP,143.0,1.0812,27,H_COMP_6_STAR_RATING,Discharge information - star rating,Discharge information - star rating,3.0,494.0,15.0
MARY IMMACULATE HOSPITAL,490041,VA,READM-30-PN-HRRP,143.0,1.0812,27,H_CLEAN_STAR_RATING,Cleanliness - star rating,Cleanliness - star rating,3.0,494.0,15.0
MARY IMMACULATE HOSPITAL,490041,VA,READM-30-PN-HRRP,143.0,1.0812,27,H_QUIET_STAR_RATING,Quietness - star rating,Quietness - star rating,4.0,494.0,15.0
MARY IMMACULATE HOSPITAL,490041,VA,READM-30-PN-HRRP,143.0,1.0812,27,H_HSP_RATING_STAR_RATING,Overall hospital rating - star rating,Overall hospital rating - star rating,3.0,494.0,15.0
MARY IMMACULATE HOSPITAL,490041,VA,READM-30-PN-HRRP,143.0,1.0812,27,H_RECMND_STAR_RATING,Recommend hospital - star rating,Recommend hospital - star rating,4.0,494.0,15.0
MARY IMMACULATE HOSPITAL,490041,VA,READM-30-PN-HRRP,143.0,1.0812,27,H_STAR_RATING,Summary star rating,Summary star rating,3.0,494.0,15.0
MARY IMMACULATE HOSPITAL,490041,VA,READM-30-HIP-KNEE-HRRP,116.0,1.1825,11,H_COMP_1_STAR_RATING,Nurse communication - star rating,Nurse communication - star rating,3.0,494.0,15.0
MARY IMMACULATE HOSPITAL,490041,VA,READM-30-HIP-KNEE-HRRP,116.0,1.1825,11,H_COMP_2_STAR_RATING,Doctor communication - star rating,Doctor communication - star rating,3.0,494.0,15.0
MARY IMMACULATE HOSPITAL,490041,VA,READM-30-HIP-KNEE-HRRP,116.0,1.1825,11,H_COMP_5_STAR_RATING,Communication about medicines - star rating,Communication about medicines - star rating,2.0,494.0,15.0
MARY IMMACULATE HOSPITAL,490041,VA,READM-30-HIP-KNEE-HRRP,116.0,1.1825,11,H_COMP_6_STAR_RATING,Discharge information - star rating,Discharge information - star rating,3.0,494.0,15.0
MARY IMMACULATE HOSPITAL,490041,VA,READM-30-HIP-KNEE-HRRP,116.0,1.1825,11,H_CLEAN_STAR_RATING,Cleanliness - star rating,Cleanliness - star rating,3.0,494.0,15.0
MARY IMMACULATE HOSPITAL,490041,VA,READM-30-HIP-KNEE-HRRP,116.0,1.1825,11,H_QUIET_STAR_RATING,Quietness - star rating,Quietness - star rating,4.0,494.0,15.0
MARY IMMACULATE HOSPITAL,490041,VA,READM-30-HIP-KNEE-HRRP,116.0,1.1825,11,H_HSP_RATING_STAR_RATING,Overall hospital rating - star rating,Overall hospital rating - star rating,3.0,494.0,15.0
MARY IMMACULATE HOSPITAL,490041,VA,READM-30-HIP-KNEE-HRRP,116.0,1.1825,11,H_RECMND_STAR_RATING,Recommend hospital - star rating,Recommend hospital - star rating,4.0,494.0,15.0
MARY IMMACULATE HOSPITAL,490041,VA,READM-30-HIP-KNEE-HRRP,116.0,1.1825,11,H_STAR_RATING,Summary star rating,Summary star rating,3.0,494.0,15.0
MARY IMMACULATE HOSPITAL,490041,VA,READM-30-HF-HRRP,177.0,0.9564,27,H_COMP_1_STAR_RATING,Nurse communication - star rating,Nurse communication - star rating,3.0,494.0,15.0
MARY IMMACULATE HOSPITAL,490041,VA,READM-30-HF-HRRP,177.0,0.9564,27,H_COMP_2_STAR_RATING,Doctor communication - star rating,Doctor communication - star rating,3.0,494.0,15.0
MARY IMMACULATE HOSPITAL,490041,VA,READM-30-HF-HRRP,177.0,0.9564,27,H_COMP_5_STAR_RATING,Communication about medicines - star rating,Communication about medicines - star rating,2.0,494.0,15.0
MARY IMMACULATE HOSPITAL,490041,VA,READM-30-HF-HRRP,177.0,0.9564,27,H_COMP_6_STAR_RATING,Discharge information - star rating,Discharge information - star rating,3.0,494.0,15.0
MARY IMMACULATE HOSPITAL,490041,VA,READM-30-HF-HRRP,177.0,0.9564,27,H_CLEAN_STAR_RATING,Cleanliness - star rating,Cleanliness - star rating,3.0,494.0,15.0
MARY IMMACULATE HOSPITAL,490041,VA,READM-30-HF-HRRP,177.0,0.9564,27,H_QUIET_STAR_RATING,Quietness - star rating,Quietness - star rating,4.0,494.0,15.0
MARY IMMACULATE HOSPITAL,490041,VA,READM-30-HF-HRRP,177.0,0.9564,27,H_HSP_RATING_STAR_RATING,Overall hospital rating - star rating,Overall hospital rating - star rating,3.0,494.0,15.0
MARY IMMACULATE HOSPITAL,490041,VA,READM-30-HF-HRRP,177.0,0.9564,27,H_RECMND_STAR_RATING,Recommend hospital - star rating,Recommend hospital - star rating,4.0,494.0,15.0
MARY IMMACULATE HOSPITAL,490041,VA,READM-30-HF-HRRP,177.0,0.9564,27,H_STAR_RATING,Summary star rating,Summary star rating,3.0,494.0,15.0
CARILION NEW RIVER VALLEY MEDICAL CENTER,490042,VA,READM-30-PN-HRRP,292.0,1.0055,51,H_COMP_1_STAR_RATING,Nurse communication - star rating,Nurse communication - star rating,4.0,813.0,19.0
CARILION NEW RIVER VALLEY MEDICAL CENTER,490042,VA,READM-30-PN-HRRP,292.0,1.0055,51,H_COMP_2_STAR_RATING,Doctor communication - star rating,Doctor communication - star rating,3.0,813.0,19.0
CARILION NEW RIVER VALLEY MEDICAL CENTER,490042,VA,READM-30-PN-HRRP,292.0,1.0055,51,H_COMP_5_STAR_RATING,Communication about medicines - star rating,Communication about medicines - star rating,2.0,813.0,19.0
CARILION NEW RIVER VALLEY MEDICAL CENTER,490042,VA,READM-30-PN-HRRP,292.0,1.0055,51,H_COMP_6_STAR_RATING,Discharge information - star rating,Discharge information - star rating,3.0,813.0,19.0
CARILION NEW RIVER VALLEY MEDICAL CENTER,490042,VA,READM-30-PN-HRRP,292.0,1.0055,51,H_CLEAN_STAR_RATING,Cleanliness - star rating,Cleanliness - star rating,3.0,813.0,19.0
CARILION NEW RIVER VALLEY MEDICAL CENTER,490042,VA,READM-30-PN-HRRP,292.0,1.0055,51,H_QUIET_STAR_RATING,Quietness - star rating,Quietness - star rating,2.0,813.0,19.0
CARILION NEW RIVER VALLEY MEDICAL CENTER,490042,VA,READM-30-PN-HRRP,292.0,1.0055,51,H_HSP_RATING_STAR_RATING,Overall hospital rating - star rating,Overall hospital rating - star rating,3.0,813.0,19.0
CARILION NEW RIVER VALLEY MEDICAL CENTER,490042,VA,READM-30-PN-HRRP,292.0,1.0055,51,H_RECMND_STAR_RATING,Recommend hospital - star rating,Recommend hospital - star rating,4.0,813.0,19.0
CARILION NEW RIVER VALLEY MEDICAL CENTER,490042,VA,READM-30-PN-HRRP,292.0,1.0055,51,H_STAR_RATING,Summary star rating,Summary star rating,3.0,813.0,19.0
CARILION NEW RIVER VALLEY MEDICAL CENTER,490042,VA,READM-30-HF-HRRP,457.0,0.9735,88,H_COMP_1_STAR_RATING,Nurse communication - star rating,Nurse communication - star rating,4.0,813.0,19.0
CARILION NEW RIVER VALLEY MEDICAL CENTER,490042,VA,READM-30-HF-HRRP,457.0,0.9735,88,H_COMP_2_STAR_RATING,Doctor communication - star rating,Doctor communication - star rating,3.0,813.0,19.0
CARILION NEW RIVER VALLEY MEDICAL CENTER,490042,VA,READM-30-HF-HRRP,457.0,0.9735,88,H_COMP_5_STAR_RATING,Communication about medicines - star rating,Communication about medicines - star rating,2.0,813.0,19.0
CARILION NEW RIVER VALLEY MEDICAL CENTER,490042,VA,READM-30-HF-HRRP,457.0,0.9735,88,H_COMP_6_STAR_RATING,Discharge information - star rating,Discharge information - star rating,3.0,813.0,19.0
CARILION NEW RIVER VALLEY MEDICAL CENTER,490042,VA,READM-30-HF-HRRP,457.0,0.9735,88,H_CLEAN_STAR_RATING,Cleanliness - star rating,Cleanliness - star rating,3.0,813.0,19.0
CARILION NEW RIVER VALLEY MEDICAL CENTER,490042,VA,READM-30-HF-HRRP,457.0,0.9735,88,H_QUIET_STAR_RATING,Quietness - star rating,Quietness - star rating,2.0,813.0,19.0
CARILION NEW RIVER VALLEY MEDICAL CENTER,490042,VA,READM-30-HF-HRRP,457.0,0.9735,88,H_HSP_RATING_STAR_RATING,Overall hospital rating - star rating,Overall hospital rating - star rating,3.0,813.0,19.0
CARILION NEW RIVER VALLEY MEDICAL CENTER,490042,VA,READM-30-HF-HRRP,457.0,0.9735,88,H_RECMND_STAR_RATING,Recommend hospital - star rating,Recommend hospital - star rating,4.0,813.0,19.0
CARILION NEW RIVER VALLEY MEDICAL CENTER,490042,VA,READM-30-HF-HRRP,457.0,0.9735,88,H_STAR_RATING,Summary star rating,Summary star rating,3.0,813.0,19.0
CARILION NEW RIVER VALLEY MEDICAL CENTER,490042,VA,READM-30-COPD-HRRP,93.0,0.9672,16,H_COMP_1_STAR_RATING,Nurse communication - star rating,Nurse communication - star rating,4.0,813.0,19.0
CARILION NEW RIVER VALLEY MEDICAL CENTER,490042,VA,READM-30-COPD-HRRP,93.0,0.9672,16,H_COMP_2_STAR_RATING,Doctor communication - star rating,Doctor communication - star rating,3.0,813.0,19.0
CARILION NEW RIVER VALLEY MEDICAL CENTER,490042,VA,READM-30-COPD-HRRP,93.0,0.9672,16,H_COMP_5_STAR_RATING,Communication about medicines - star rating,Communication about medicines - star rating,2.0,813.0,19.0
CARILION NEW RIVER VALLEY MEDICAL CENTER,490042,VA,READM-30-COPD-HRRP,93.0,0.9672,16,H_COMP_6_STAR_RATING,Discharge information - star rating,Discharge information - star rating,3.0,813.0,19.0
CARILION NEW RIVER VALLEY MEDICAL CENTER,490042,VA,READM-30-COPD-HRRP,93.0,0.9672,16,H_CLEAN_STAR_RATING,Cleanliness - star rating,Cleanliness - star rating,3.0,813.0,19.0
CARILION NEW RIVER VALLEY MEDICAL CENTER,490042,VA,READM-30-COPD-HRRP,93.0,0.9672,16,H_QUIET_STAR_RATING,Quietness - star rating,Quietness - star rating,2.0,813.0,19.0
CARILION NEW RIVER VALLEY MEDICAL CENTER,490042,VA,READM-30-COPD-HRRP,93.0,0.9672,16,H_HSP_RATING_STAR_RATING,Overall hospital rating - star rating,Overall hospital rating - star rating,3.0,813.0,19.0
CARILION NEW RIVER VALLEY MEDICAL CENTER,490042,VA,READM-30-COPD-HRRP,93.0,0.9672,16,H_RECMND_STAR_RATING,Recommend hospital - star rating,Recommend hospital - star rating,4.0,813.0,19.0
CARILION NEW RIVER VALLEY MEDICAL CENTER,490042,VA,READM-30-COPD-HRRP,93.0,0.9672,16,H_STAR_RATING,Summary star rating,Summary star rating,3.0,813.0,19.0
CARILION NEW RIVER VALLEY MEDICAL CENTER,490042,VA,READM-30-AMI-HRRP,99.0,0.994,13,H_COMP_1_STAR_RATING,Nurse communication - star rating,Nurse communication - star rating,4.0,813.0,19.0
CARILION NEW RIVER VALLEY MEDICAL CENTER,490042,VA,READM-30-AMI-HRRP,99.0,0.994,13,H_COMP_2_STAR_RATING,Doctor communication - star rating,Doctor communication - star rating,3.0,813.0,19.0
CARILION NEW RIVER VALLEY MEDICAL CENTER,490042,VA,READM-30-AMI-HRRP,99.0,0.994,13,H_COMP_5_STAR_RATING,Communication about medicines - star rating,Communication about medicines - star rating,2.0,813.0,19.0
CARILION NEW RIVER VALLEY MEDICAL CENTER,490042,VA,READM-30-AMI-HRRP,99.0,0.994,13,H_COMP_6_STAR_RATING,Discharge information - star rating,Discharge information - star rating,3.0,813.0,19.0
CARILION NEW RIVER VALLEY MEDICAL CENTER,490042,VA,READM-30-AMI-HRRP,99.0,0.994,13,H_CLEAN_STAR_RATING,Cleanliness - star rating,Cleanliness - star rating,3.0,813.0,19.0
CARILION NEW RIVER VALLEY MEDICAL CENTER,490042,VA,READM-30-AMI-HRRP,99.0,0.994,13,H_QUIET_STAR_RATING,Quietness - star rating,Quietness - star rating,2.0,813.0,19.0
CARILION NEW RIVER VALLEY MEDICAL CENTER,490042,VA,READM-30-AMI-HRRP,99.0,0.994,13,H_HSP_RATING_STAR_RATING,Overall hospital rating - star rating,Overall hospital rating - star rating,3.0,813.0,19.0
CARILION NEW RIVER VALLEY MEDICAL CENTER,490042,VA,READM-30-AMI-HRRP,99.0,0.994,13,H_RECMND_STAR_RATING,Recommend hospital - star rating,Recommend hospital - star rating,4.0,813.0,19.0
CARILION NEW RIVER VALLEY MEDICAL CENTER,490042,VA,READM-30-AMI-HRRP,99.0,0.994,13,H_STAR_RATING,Summary star rating,Summary star rating,3.0,813.0,19.0
INOVA LOUDOUN HOSPITAL,490043,VA,READM-30-PN-HRRP,931.0,0.8976,124,H_COMP_1_STAR_RATING,Nurse communication - star rating,Nurse communication - star rating,4.0,722.0,20.0
INOVA LOUDOUN HOSPITAL,490043,VA,READM-30-PN-HRRP,931.0,0.8976,124,H_COMP_2_STAR_RATING,Doctor communication - star rating,Doctor communication - star rating,3.0,722.0,20.0
INOVA LOUDOUN HOSPITAL,490043,VA,READM-30-PN-HRRP,931.0,0.8976,124,H_COMP_5_STAR_RATING,Communication about medicines - star rating,Communication about medicines - star rating,2.0,722.0,20.0
INOVA LOUDOUN HOSPITAL,490043,VA,READM-30-PN-HRRP,931.0,0.8976,124,H_COMP_6_STAR_RATING,Discharge information - star rating,Discharge information - star rating,3.0,722.0,20.0
INOVA LOUDOUN HOSPITAL,490043,VA,READM-30-PN-HRRP,931.0,0.8976,124,H_CLEAN_STAR_RATING,Cleanliness - star rating,Cleanliness - star rating,4.0,722.0,20.0
INOVA LOUDOUN HOSPITAL,490043,VA,READM-30-PN-HRRP,931.0,0.8976,124,H_QUIET_STAR_RATING,Quietness - star rating,Quietness - star rating,4.0,722.0,20.0
INOVA LOUDOUN HOSPITAL,490043,VA,READM-30-PN-HRRP,931.0,0.8976,124,H_HSP_RATING_STAR_RATING,Overall hospital rating - star rating,Overall hospital rating - star rating,4.0,722.0,20.0
INOVA LOUDOUN HOSPITAL,490043,VA,READM-30-PN-HRRP,931.0,0.8976,124,H_RECMND_STAR_RATING,Recommend hospital - star rating,Recommend hospital - star rating,4.0,722.0,20.0
INOVA LOUDOUN HOSPITAL,490043,VA,READM-30-PN-HRRP,931.0,0.8976,124,H_STAR_RATING,Summary star rating,Summary star rating,3.0,722.0,20.0
INOVA LOUDOUN HOSPITAL,490043,VA,READM-30-HF-HRRP,896.0,0.8732,141,H_COMP_1_STAR_RATING,Nurse communication - star rating,Nurse communication - star rating,4.0,722.0,20.0
INOVA LOUDOUN HOSPITAL,490043,VA,READM-30-HF-HRRP,896.0,0.8732,141,H_COMP_2_STAR_RATING,Doctor communication - star rating,Doctor communication - star rating,3.0,722.0,20.0
INOVA LOUDOUN HOSPITAL,490043,VA,READM-30-HF-HRRP,896.0,0.8732,141,H_COMP_5_STAR_RATING,Communication about medicines - star rating,Communication about medicines - star rating,2.0,722.0,20.0
INOVA LOUDOUN HOSPITAL,490043,VA,READM-30-HF-HRRP,896.0,0.8732,141,H_COMP_6_STAR_RATING,Discharge information - star rating,Discharge information - star rating,3.0,722.0,20.0
INOVA LOUDOUN HOSPITAL,490043,VA,READM-30-HF-HRRP,896.0,0.8732,141,H_CLEAN_STAR_RATING,Cleanliness - star rating,Cleanliness - star rating,4.0,722.0,20.0
INOVA LOUDOUN HOSPITAL,490043,VA,READM-30-HF-HRRP,896.0,0.8732,141,H_QUIET_STAR_RATING,Quietness - star rating,Quietness - star rating,4.0,722.0,20.0
INOVA LOUDOUN HOSPITAL,490043,VA,READM-30-HF-HRRP,896.0,0.8732,141,H_HSP_RATING_STAR_RATING,Overall hospital rating - star rating,Overall hospital rating - star rating,4.0,722.0,20.0
INOVA LOUDOUN HOSPITAL,490043,VA,READM-30-HF-HRRP,896.0,0.8732,141,H_RECMND_STAR_RATING,Recommend hospital - star rating,Recommend hospital - star rating,4.0,722.0,20.0
INOVA LOUDOUN HOSPITAL,490043,VA,READM-30-HF-HRRP,896.0,0.8732,141,H_STAR_RATING,Summary star rating,Summary star rating,3.0,722.0,20.0
INOVA LOUDOUN HOSPITAL,490043,VA,READM-30-COPD-HRRP,139.0,0.9238,17,H_COMP_1_STAR_RATING,Nurse communication - star rating,Nurse communication - star rating,4.0,722.0,20.0
INOVA LOUDOUN HOSPITAL,490043,VA,READM-30-COPD-HRRP,139.0,0.9238,17,H_COMP_2_STAR_RATING,Doctor communication - star rating,Doctor communication - star rating,3.0,722.0,20.0
INOVA LOUDOUN HOSPITAL,490043,VA,READM-30-COPD-HRRP,139.0,0.9238,17,H_COMP_5_STAR_RATING,Communication about medicines - star rating,Communication about medicines - star rating,2.0,722.0,20.0
INOVA LOUDOUN HOSPITAL,490043,VA,READM-30-COPD-HRRP,139.0,0.9238,17,H_COMP_6_STAR_RATING,Discharge information - star rating,Discharge information - star rating,3.0,722.0,20.0
INOVA LOUDOUN HOSPITAL,490043,VA,READM-30-COPD-HRRP,139.0,0.9238,17,H_CLEAN_STAR_RATING,Cleanliness - star rating,Cleanliness - star rating,4.0,722.0,20.0
INOVA LOUDOUN HOSPITAL,490043,VA,READM-30-COPD-HRRP,139.0,0.9238,17,H_QUIET_STAR_RATING,Quietness - star rating,Quietness - star rating,4.0,722.0,20.0
INOVA LOUDOUN HOSPITAL,490043,VA,READM-30-COPD-HRRP,139.0,0.9238,17,H_HSP_RATING_STAR_RATING,Overall hospital rating - star rating,Overall hospital rating - star rating,4.0,722.0,20.0
INOVA LOUDOUN HOSPITAL,490043,VA,READM-30-COPD-HRRP,139.0,0.9238,17,H_RECMND_STAR_RATING,Recommend hospital - star rating,Recommend hospital - star rating,4.0,722.0,20.0
INOVA LOUDOUN HOSPITAL,490043,VA,READM-30-COPD-HRRP,139.0,0.9238,17,H_STAR_RATING,Summary star rating,Summary star rating,3.0,722.0,20.0
INOVA LOUDOUN HOSPITAL,490043,VA,READM-30-AMI-HRRP,196.0,0.9639,23,H_COMP_1_STAR_RATING,Nurse communication - star rating,Nurse communication - star rating,4.0,722.0,20.0
INOVA LOUDOUN HOSPITAL,490043,VA,READM-30-AMI-HRRP,196.0,0.9639,23,H_COMP_2_STAR_RATING,Doctor communication - star rating,Doctor communication - star rating,3.0,722.0,20.0
INOVA LOUDOUN HOSPITAL,490043,VA,READM-30-AMI-HRRP,196.0,0.9639,23,H_COMP_5_STAR_RATING,Communication about medicines - star rating,Communication about medicines - star rating,2.0,722.0,20.0
INOVA LOUDOUN HOSPITAL,490043,VA,READM-30-AMI-HRRP,196.0,0.9639,23,H_COMP_6_STAR_RATING,Discharge information - star rating,Discharge information - star rating,3.0,722.0,20.0
INOVA LOUDOUN HOSPITAL,490043,VA,READM-30-AMI-HRRP,196.0,0.9639,23,H_CLEAN_STAR_RATING,Cleanliness - star rating,Cleanliness - star rating,4.0,722.0,20.0
INOVA LOUDOUN HOSPITAL,490043,VA,READM-30-AMI-HRRP,196.0,0.9639,23,H_QUIET_STAR_RATING,Quietness - star rating,Quietness - star rating,4.0,722.0,20.0
INOVA LOUDOUN HOSPITAL,490043,VA,READM-30-AMI-HRRP,196.0,0.9639,23,H_HSP_RATING_STAR_RATING,Overall hospital rating - star rating,Overall hospital rating - star rating,4.0,722.0,20.0
INOVA LOUDOUN HOSPITAL,490043,VA,READM-30-AMI-HRRP,196.0,0.9639,23,H_RECMND_STAR_RATING,Recommend hospital - star rating,Recommend hospital - star rating,4.0,722.0,20.0
INOVA LOUDOUN HOSPITAL,490043,VA,READM-30-AMI-HRRP,196.0,0.9639,23,H_STAR_RATING,Summary star rating,Summary star rating,3.0,722.0,20.0
SENTARA OBICI HOSPITAL,490044,VA,READM-30-PN-HRRP,473.0,0.9553,68,H_COMP_1_STAR_RATING,Nurse communication - star rating,Nurse communication - star rating,4.0,740.0,21.0
SENTARA OBICI HOSPITAL,490044,VA,READM-30-PN-HRRP,473.0,0.9553,68,H_COMP_2_STAR_RATING,Doctor communication - star rating,Doctor communication - star rating,4.0,740.0,21.0
SENTARA OBICI HOSPITAL,490044,VA,READM-30-PN-HRRP,473.0,0.9553,68,H_COMP_5_STAR_RATING,Communication about medicines - star rating,Communication about medicines - star rating,3.0,740.0,21.0
SENTARA OBICI HOSPITAL,490044,VA,READM-30-PN-HRRP,473.0,0.9553,68,H_COMP_6_STAR_RATING,Discharge information - star rating,Discharge information - star rating,3.0,740.0,21.0
SENTARA OBICI HOSPITAL,490044,VA,READM-30-PN-HRRP,473.0,0.9553,68,H_CLEAN_STAR_RATING,Cleanliness - star rating,Cleanliness - star rating,3.0,740.0,21.0
SENTARA OBICI HOSPITAL,490044,VA,READM-30-PN-HRRP,473.0,0.9553,68,H_QUIET_STAR_RATING,Quietness - star rating,Quietness - star rating,4.0,740.0,21.0
SENTARA OBICI HOSPITAL,490044,VA,READM-30-PN-HRRP,473.0,0.9553,68,H_HSP_RATING_STAR_RATING,Overall hospital rating - star rating,Overall hospital rating - star rating,4.0,740.0,21.0
SENTARA OBICI HOSPITAL,490044,VA,READM-30-PN-HRRP,473.0,0.9553,68,H_RECMND_STAR_RATING,Recommend hospital - star rating,Recommend hospital - star rating,4.0,740.0,21.0
SENTARA OBICI HOSPITAL,490044,VA,READM-30-PN-HRRP,473.0,0.9553,68,H_STAR_RATING,Summary star rating,Summary star rating,4.0,740.0,21.0
SENTARA OBICI HOSPITAL,490044,VA,READM-30-HF-HRRP,745.0,1.0269,148,H_COMP_1_STAR_RATING,Nurse communication - star rating,Nurse communication - star rating,4.0,740.0,21.0
SENTARA OBICI HOSPITAL,490044,VA,READM-30-HF-HRRP,745.0,1.0269,148,H_COMP_2_STAR_RATING,Doctor communication - star rating,Doctor communication - star rating,4.0,740.0,21.0
SENTARA OBICI HOSPITAL,490044,VA,READM-30-HF-HRRP,745.0,1.0269,148,H_COMP_5_STAR_RATING,Communication about medicines - star rating,Communication about medicines - star rating,3.0,740.0,21.0
SENTARA OBICI HOSPITAL,490044,VA,READM-30-HF-HRRP,745.0,1.0269,148,H_COMP_6_STAR_RATING,Discharge information - star rating,Discharge information - star rating,3.0,740.0,21.0
SENTARA OBICI HOSPITAL,490044,VA,READM-30-HF-HRRP,745.0,1.0269,148,H_CLEAN_STAR_RATING,Cleanliness - star rating,Cleanliness - star rating,3.0,740.0,21.0
SENTARA OBICI HOSPITAL,490044,VA,READM-30-HF-HRRP,745.0,1.0269,148,H_QUIET_STAR_RATING,Quietness - star rating,Quietness - star rating,4.0,740.0,21.0
SENTARA OBICI HOSPITAL,490044,VA,READM-30-HF-HRRP,745.0,1.0269,148,H_HSP_RATING_STAR_RATING,Overall hospital rating - star rating,Overall hospital rating - star rating,4.0,740.0,21.0
SENTARA OBICI HOSPITAL,490044,VA,READM-30-HF-HRRP,745.0,1.0269,148,H_RECMND_STAR_RATING,Recommend hospital - star rating,Recommend hospital - star rating,4.0,740.0,21.0
SENTARA OBICI HOSPITAL,490044,VA,READM-30-HF-HRRP,745.0,1.0269,148,H_STAR_RATING,Summary star rating,Summary star rating,4.0,740.0,21.0
SENTARA OBICI HOSPITAL,490044,VA,READM-30-COPD-HRRP,125.0,0.9181,15,H_COMP_1_STAR_RATING,Nurse communication - star rating,Nurse communication - star rating,4.0,740.0,21.0
SENTARA OBICI HOSPITAL,490044,VA,READM-30-COPD-HRRP,125.0,0.9181,15,H_COMP_2_STAR_RATING,Doctor communication - star rating,Doctor communication - star rating,4.0,740.0,21.0
SENTARA OBICI HOSPITAL,490044,VA,READM-30-COPD-HRRP,125.0,0.9181,15,H_COMP_5_STAR_RATING,Communication about medicines - star rating,Communication about medicines - star rating,3.0,740.0,21.0
SENTARA OBICI HOSPITAL,490044,VA,READM-30-COPD-HRRP,125.0,0.9181,15,H_COMP_6_STAR_RATING,Discharge information - star rating,Discharge information - star rating,3.0,740.0,21.0
SENTARA OBICI HOSPITAL,490044,VA,READM-30-COPD-HRRP,125.0,0.9181,15,H_CLEAN_STAR_RATING,Cleanliness - star rating,Cleanliness - star rating,3.0,740.0,21.0
SENTARA OBICI HOSPITAL,490044,VA,READM-30-COPD-HRRP,125.0,0.9181,15,H_QUIET_STAR_RATING,Quietness - star rating,Quietness - star rating,4.0,740.0,21.0
SENTARA OBICI HOSPITAL,490044,VA,READM-30-COPD-HRRP,125.0,0.9181,15,H_HSP_RATING_STAR_RATING,Overall hospital rating - star rating,Overall hospital rating - star rating,4.0,740.0,21.0
SENTARA OBICI HOSPITAL,490044,VA,READM-30-COPD-HRRP,125.0,0.9181,15,H_RECMND_STAR_RATING,Recommend hospital - star rating,Recommend hospital - star rating,4.0,740.0,21.0
SENTARA OBICI HOSPITAL,490044,VA,READM-30-COPD-HRRP,125.0,0.9181,15,H_STAR_RATING,Summary star rating,Summary star rating,4.0,740.0,21.0
SENTARA OBICI HOSPITAL,490044,VA,READM-30-AMI-HRRP,118.0,0.9828,16,H_COMP_1_STAR_RATING,Nurse communication - star rating,Nurse communication - star rating,4.0,740.0,21.0
SENTARA OBICI HOSPITAL,490044,VA,READM-30-AMI-HRRP,118.0,0.9828,16,H_COMP_2_STAR_RATING,Doctor communication - star rating,Doctor communication - star rating,4.0,740.0,21.0
SENTARA OBICI HOSPITAL,490044,VA,READM-30-AMI-HRRP,118.0,0.9828,16,H_COMP_5_STAR_RATING,Communication about medicines - star rating,Communication about medicines - star rating,3.0,740.0,21.0
SENTARA OBICI HOSPITAL,490044,VA,READM-30-AMI-HRRP,118.0,0.9828,16,H_COMP_6_STAR_RATING,Discharge information - star rating,Discharge information - star rating,3.0,740.0,21.0
SENTARA OBICI HOSPITAL,490044,VA,READM-30-AMI-HRRP,118.0,0.9828,16,H_CLEAN_STAR_RATING,Cleanliness - star rating,Cleanliness - star rating,3.0,740.0,21.0
SENTARA OBICI HOSPITAL,490044,VA,READM-30-AMI-HRRP,118.0,0.9828,16,H_QUIET_STAR_RATING,Quietness - star rating,Quietness - star rating,4.0,740.0,21.0
SENTARA OBICI HOSPITAL,490044,VA,READM-30-AMI-HRRP,118.0,0.9828,16,H_HSP_RATING_STAR_RATING,Overall hospital rating - star rating,Overall hospital rating - star rating,4.0,740.0,21.0
SENTARA OBICI HOSPITAL,490044,VA,READM-30-AMI-HRRP,118.0,0.9828,16,H_RECMND_STAR_RATING,Recommend hospital - star rating,Recommend hospital - star rating,4.0,740.0,21.0
SENTARA OBICI HOSPITAL,490044,VA,READM-30-AMI-HRRP,118.0,0.9828,16,H_STAR_RATING,Summary star rating,Summary star rating,4.0,740.0,21.0
NOVANT PRINCE WILLIAM MEDICAL CENTER,490045,VA,READM-30-PN-HRRP,234.0,1.0874,42,H_COMP_1_STAR_RATING,Nurse communication - star rating,Nurse communication - star rating,2.0,795.0,15.0
NOVANT PRINCE WILLIAM MEDICAL CENTER,490045,VA,READM-30-PN-HRRP,234.0,1.0874,42,H_COMP_2_STAR_RATING,Doctor communication - star rating,Doctor communication - star rating,2.0,795.0,15.0
NOVANT PRINCE WILLIAM MEDICAL CENTER,490045,VA,READM-30-PN-HRRP,234.0,1.0874,42,H_COMP_5_STAR_RATING,Communication about medicines - star rating,Communication about medicines - star rating,2.0,795.0,15.0
NOVANT PRINCE WILLIAM MEDICAL CENTER,490045,VA,READM-30-PN-HRRP,234.0,1.0874,42,H_COMP_6_STAR_RATING,Discharge information - star rating,Discharge information - star rating,3.0,795.0,15.0
NOVANT PRINCE WILLIAM MEDICAL CENTER,490045,VA,READM-30-PN-HRRP,234.0,1.0874,42,H_CLEAN_STAR_RATING,Cleanliness - star rating,Cleanliness - star rating,4.0,795.0,15.0
NOVANT PRINCE WILLIAM MEDICAL CENTER,490045,VA,READM-30-PN-HRRP,234.0,1.0874,42,H_QUIET_STAR_RATING,Quietness - star rating,Quietness - star rating,3.0,795.0,15.0
NOVANT PRINCE WILLIAM MEDICAL CENTER,490045,VA,READM-30-PN-HRRP,234.0,1.0874,42,H_HSP_RATING_STAR_RATING,Overall hospital rating - star rating,Overall hospital rating - star rating,2.0,795.0,15.0
NOVANT PRINCE WILLIAM MEDICAL CENTER,490045,VA,READM-30-PN-HRRP,234.0,1.0874,42,H_RECMND_STAR_RATING,Recommend hospital - star rating,Recommend hospital - star rating,2.0,795.0,15.0
NOVANT PRINCE WILLIAM MEDICAL CENTER,490045,VA,READM-30-PN-HRRP,234.0,1.0874,42,H_STAR_RATING,Summary star rating,Summary star rating,2.0,795.0,15.0
NOVANT PRINCE WILLIAM MEDICAL CENTER,490045,VA,READM-30-HF-HRRP,374.0,0.9793,67,H_COMP_1_STAR_RATING,Nurse communication - star rating,Nurse communication - star rating,2.0,795.0,15.0
NOVANT PRINCE WILLIAM MEDICAL CENTER,490045,VA,READM-30-HF-HRRP,374.0,0.9793,67,H_COMP_2_STAR_RATING,Doctor communication - star rating,Doctor communication - star rating,2.0,795.0,15.0
NOVANT PRINCE WILLIAM MEDICAL CENTER,490045,VA,READM-30-HF-HRRP,374.0,0.9793,67,H_COMP_5_STAR_RATING,Communication about medicines - star rating,Communication about medicines - star rating,2.0,795.0,15.0
NOVANT PRINCE WILLIAM MEDICAL CENTER,490045,VA,READM-30-HF-HRRP,374.0,0.9793,67,H_COMP_6_STAR_RATING,Discharge information - star rating,Discharge information - star rating,3.0,795.0,15.0
NOVANT PRINCE WILLIAM MEDICAL CENTER,490045,VA,READM-30-HF-HRRP,374.0,0.9793,67,H_CLEAN_STAR_RATING,Cleanliness - star rating,Cleanliness - star rating,4.0,795.0,15.0
NOVANT PRINCE WILLIAM MEDICAL CENTER,490045,VA,READM-30-HF-HRRP,374.0,0.9793,67,H_QUIET_STAR_RATING,Quietness - star rating,Quietness - star rating,3.0,795.0,15.0
NOVANT PRINCE WILLIAM MEDICAL CENTER,490045,VA,READM-30-HF-HRRP,374.0,0.9793,67,H_HSP_RATING_STAR_RATING,Overall hospital rating - star rating,Overall hospital rating - star rating,2.0,795.0,15.0
NOVANT PRINCE WILLIAM MEDICAL CENTER,490045,VA,READM-30-HF-HRRP,374.0,0.9793,67,H_RECMND_STAR_RATING,Recommend hospital - star rating,Recommend hospital - star rating,2.0,795.0,15.0
NOVANT PRINCE WILLIAM MEDICAL CENTER,490045,VA,READM-30-HF-HRRP,374.0,0.9793,67,H_STAR_RATING,Summary star rating,Summary star rating,2.0,795.0,15.0
NOVANT PRINCE WILLIAM MEDICAL CENTER,490045,VA,READM-30-COPD-HRRP,86.0,1.0028,14,H_COMP_1_STAR_RATING,Nurse communication - star rating,Nurse communication - star rating,2.0,795.0,15.0
NOVANT PRINCE WILLIAM MEDICAL CENTER,490045,VA,READM-30-COPD-HRRP,86.0,1.0028,14,H_COMP_2_STAR_RATING,Doctor communication - star rating,Doctor communication - star rating,2.0,795.0,15.0
NOVANT PRINCE WILLIAM MEDICAL CENTER,490045,VA,READM-30-COPD-HRRP,86.0,1.0028,14,H_COMP_5_STAR_RATING,Communication about medicines - star rating,Communication about medicines - star rating,2.0,795.0,15.0
NOVANT PRINCE WILLIAM MEDICAL CENTER,490045,VA,READM-30-COPD-HRRP,86.0,1.0028,14,H_COMP_6_STAR_RATING,Discharge information - star rating,Discharge information - star rating,3.0,795.0,15.0
NOVANT PRINCE WILLIAM MEDICAL CENTER,490045,VA,READM-30-COPD-HRRP,86.0,1.0028,14,H_CLEAN_STAR_RATING,Cleanliness - star rating,Cleanliness - star rating,4.0,795.0,15.0
NOVANT PRINCE WILLIAM MEDICAL CENTER,490045,VA,READM-30-COPD-HRRP,86.0,1.0028,14,H_QUIET_STAR_RATING,Quietness - star rating,Quietness - star rating,3.0,795.0,15.0
NOVANT PRINCE WILLIAM MEDICAL CENTER,490045,VA,READM-30-COPD-HRRP,86.0,1.0028,14,H_HSP_RATING_STAR_RATING,Overall hospital rating - star rating,Overall hospital rating - star rating,2.0,795.0,15.0
NOVANT PRINCE WILLIAM MEDICAL CENTER,490045,VA,READM-30-COPD-HRRP,86.0,1.0028,14,H_RECMND_STAR_RATING,Recommend hospital - star rating,Recommend hospital - star rating,2.0,795.0,15.0
NOVANT PRINCE WILLIAM MEDICAL CENTER,490045,VA,READM-30-COPD-HRRP,86.0,1.0028,14,H_STAR_RATING,Summary star rating,Summary star rating,2.0,795.0,15.0
NOVANT PRINCE WILLIAM MEDICAL CENTER,490045,VA,READM-30-AMI-HRRP,143.0,0.9757,16,H_COMP_1_STAR_RATING,Nurse communication - star rating,Nurse communication - star rating,2.0,795.0,15.0
NOVANT PRINCE WILLIAM MEDICAL CENTER,490045,VA,READM-30-AMI-HRRP,143.0,0.9757,16,H_COMP_2_STAR_RATING,Doctor communication - star rating,Doctor communication - star rating,2.0,795.0,15.0
NOVANT PRINCE WILLIAM MEDICAL CENTER,490045,VA,READM-30-AMI-HRRP,143.0,0.9757,16,H_COMP_5_STAR_RATING,Communication about medicines - star rating,Communication about medicines - star rating,2.0,795.0,15.0
NOVANT PRINCE WILLIAM MEDICAL CENTER,490045,VA,READM-30-AMI-HRRP,143.0,0.9757,16,H_COMP_6_STAR_RATING,Discharge information - star rating,Discharge information - star rating,3.0,795.0,15.0
NOVANT PRINCE WILLIAM MEDICAL CENTER,490045,VA,READM-30-AMI-HRRP,143.0,0.9757,16,H_CLEAN_STAR_RATING,Cleanliness - star rating,Cleanliness - star rating,4.0,795.0,15.0
NOVANT PRINCE WILLIAM MEDICAL CENTER,490045,VA,READM-30-AMI-HRRP,143.0,0.9757,16,H_QUIET_STAR_RATING,Quietness - star rating,Quietness - star rating,3.0,795.0,15.0
NOVANT PRINCE WILLIAM MEDICAL CENTER,490045,VA,READM-30-AMI-HRRP,143.0,0.9757,16,H_HSP_RATING_STAR_RATING,Overall hospital rating - star rating,Overall hospital rating - star rating,2.0,795.0,15.0
NOVANT PRINCE WILLIAM MEDICAL CENTER,490045,VA,READM-30-AMI-HRRP,143.0,0.9757,16,H_RECMND_STAR_RATING,Recommend hospital - star rating,Recommend hospital - star rating,2.0,795.0,15.0
NOVANT PRINCE WILLIAM MEDICAL CENTER,490045,VA,READM-30-AMI-HRRP,143.0,0.9757,16,H_STAR_RATING,Summary star rating,Summary star rating,2.0,795.0,15.0
SENTARA LEIGH HOSPITAL,490046,VA,READM-30-PN-HRRP,660.0,1.0837,123,H_COMP_1_STAR_RATING,Nurse communication - star rating,Nurse communication - star rating,4.0,697.0,19.0
SENTARA LEIGH HOSPITAL,490046,VA,READM-30-PN-HRRP,660.0,1.0837,123,H_COMP_2_STAR_RATING,Doctor communication - star rating,Doctor communication - star rating,2.0,697.0,19.0
SENTARA LEIGH HOSPITAL,490046,VA,READM-30-PN-HRRP,660.0,1.0837,123,H_COMP_5_STAR_RATING,Communication about medicines - star rating,Communication about medicines - star rating,3.0,697.0,19.0
SENTARA LEIGH HOSPITAL,490046,VA,READM-30-PN-HRRP,660.0,1.0837,123,H_COMP_6_STAR_RATING,Discharge information - star rating,Discharge information - star rating,3.0,697.0,19.0
SENTARA LEIGH HOSPITAL,490046,VA,READM-30-PN-HRRP,660.0,1.0837,123,H_CLEAN_STAR_RATING,Cleanliness - star rating,Cleanliness - star rating,3.0,697.0,19.0
SENTARA LEIGH HOSPITAL,490046,VA,READM-30-PN-HRRP,660.0,1.0837,123,H_QUIET_STAR_RATING,Quietness - star rating,Quietness - star rating,4.0,697.0,19.0
SENTARA LEIGH HOSPITAL,490046,VA,READM-30-PN-HRRP,660.0,1.0837,123,H_HSP_RATING_STAR_RATING,Overall hospital rating - star rating,Overall hospital rating - star rating,4.0,697.0,19.0
SENTARA LEIGH HOSPITAL,490046,VA,READM-30-PN-HRRP,660.0,1.0837,123,H_RECMND_STAR_RATING,Recommend hospital - star rating,Recommend hospital - star rating,4.0,697.0,19.0
SENTARA LEIGH HOSPITAL,490046,VA,READM-30-PN-HRRP,660.0,1.0837,123,H_STAR_RATING,Summary star rating,Summary star rating,3.0,697.0,19.0
SENTARA LEIGH HOSPITAL,490046,VA,READM-30-HF-HRRP,958.0,0.9968,193,H_COMP_1_STAR_RATING,Nurse communication - star rating,Nurse communication - star rating,4.0,697.0,19.0
SENTARA LEIGH HOSPITAL,490046,VA,READM-30-HF-HRRP,958.0,0.9968,193,H_COMP_2_STAR_RATING,Doctor communication - star rating,Doctor communication - star rating,2.0,697.0,19.0
SENTARA LEIGH HOSPITAL,490046,VA,READM-30-HF-HRRP,958.0,0.9968,193,H_COMP_5_STAR_RATING,Communication about medicines - star rating,Communication about medicines - star rating,3.0,697.0,19.0
SENTARA LEIGH HOSPITAL,490046,VA,READM-30-HF-HRRP,958.0,0.9968,193,H_COMP_6_STAR_RATING,Discharge information - star rating,Discharge information - star rating,3.0,697.0,19.0
SENTARA LEIGH HOSPITAL,490046,VA,READM-30-HF-HRRP,958.0,0.9968,193,H_CLEAN_STAR_RATING,Cleanliness - star rating,Cleanliness - star rating,3.0,697.0,19.0
SENTARA LEIGH HOSPITAL,490046,VA,READM-30-HF-HRRP,958.0,0.9968,193,H_QUIET_STAR_RATING,Quietness - star rating,Quietness - star rating,4.0,697.0,19.0
SENTARA LEIGH HOSPITAL,490046,VA,READM-30-HF-HRRP,958.0,0.9968,193,H_HSP_RATING_STAR_RATING,Overall hospital rating - star rating,Overall hospital rating - star rating,4.0,697.0,19.0
SENTARA LEIGH HOSPITAL,490046,VA,READM-30-HF-HRRP,958.0,0.9968,193,H_RECMND_STAR_RATING,Recommend hospital - star rating,Recommend hospital - star rating,4.0,697.0,19.0
SENTARA LEIGH HOSPITAL,490046,VA,READM-30-HF-HRRP,958.0,0.9968,193,H_STAR_RATING,Summary star rating,Summary star rating,3.0,697.0,19.0
SENTARA LEIGH HOSPITAL,490046,VA,READM-30-COPD-HRRP,239.0,1.0885,55,H_COMP_1_STAR_RATING,Nurse communication - star rating,Nurse communication - star rating,4.0,697.0,19.0
SENTARA LEIGH HOSPITAL,490046,VA,READM-30-COPD-HRRP,239.0,1.0885,55,H_COMP_2_STAR_RATING,Doctor communication - star rating,Doctor communication - star rating,2.0,697.0,19.0
SENTARA LEIGH HOSPITAL,490046,VA,READM-30-COPD-HRRP,239.0,1.0885,55,H_COMP_5_STAR_RATING,Communication about medicines - star rating,Communication about medicines - star rating,3.0,697.0,19.0
SENTARA LEIGH HOSPITAL,490046,VA,READM-30-COPD-HRRP,239.0,1.0885,55,H_COMP_6_STAR_RATING,Discharge information - star rating,Discharge information - star rating,3.0,697.0,19.0
SENTARA LEIGH HOSPITAL,490046,VA,READM-30-COPD-HRRP,239.0,1.0885,55,H_CLEAN_STAR_RATING,Cleanliness - star rating,Cleanliness - star rating,3.0,697.0,19.0
SENTARA LEIGH HOSPITAL,490046,VA,READM-30-COPD-HRRP,239.0,1.0885,55,H_QUIET_STAR_RATING,Quietness - star rating,Quietness - star rating,4.0,697.0,19.0
SENTARA LEIGH HOSPITAL,490046,VA,READM-30-COPD-HRRP,239.0,1.0885,55,H_HSP_RATING_STAR_RATING,Overall hospital rating - star rating,Overall hospital rating - star rating,4.0,697.0,19.0
SENTARA LEIGH HOSPITAL,490046,VA,READM-30-COPD-HRRP,239.0,1.0885,55,H_RECMND_STAR_RATING,Recommend hospital - star rating,Recommend hospital - star rating,4.0,697.0,19.0
SENTARA LEIGH HOSPITAL,490046,VA,READM-30-COPD-HRRP,239.0,1.0885,55,H_STAR_RATING,Summary star rating,Summary star rating,3.0,697.0,19.0
SENTARA LEIGH HOSPITAL,490046,VA,READM-30-AMI-HRRP,179.0,1.0127,25,H_COMP_1_STAR_RATING,Nurse communication - star rating,Nurse communication - star rating,4.0,697.0,19.0
SENTARA LEIGH HOSPITAL,490046,VA,READM-30-AMI-HRRP,179.0,1.0127,25,H_COMP_2_STAR_RATING,Doctor communication - star rating,Doctor communication - star rating,2.0,697.0,19.0
SENTARA LEIGH HOSPITAL,490046,VA,READM-30-AMI-HRRP,179.0,1.0127,25,H_COMP_5_STAR_RATING,Communication about medicines - star rating,Communication about medicines - star rating,3.0,697.0,19.0
SENTARA LEIGH HOSPITAL,490046,VA,READM-30-AMI-HRRP,179.0,1.0127,25,H_COMP_6_STAR_RATING,Discharge information - star rating,Discharge information - star rating,3.0,697.0,19.0
SENTARA LEIGH HOSPITAL,490046,VA,READM-30-AMI-HRRP,179.0,1.0127,25,H_CLEAN_STAR_RATING,Cleanliness - star rating,Cleanliness - star rating,3.0,697.0,19.0
SENTARA LEIGH HOSPITAL,490046,VA,READM-30-AMI-HRRP,179.0,1.0127,25,H_QUIET_STAR_RATING,Quietness - star rating,Quietness - star rating,4.0,697.0,19.0
SENTARA LEIGH HOSPITAL,490046,VA,READM-30-AMI-HRRP,179.0,1.0127,25,H_HSP_RATING_STAR_RATING,Overall hospital rating - star rating,Overall hospital rating - star rating,4.0,697.0,19.0
SENTARA LEIGH HOSPITAL,490046,VA,READM-30-AMI-HRRP,179.0,1.0127,25,H_RECMND_STAR_RATING,Recommend hospital - star rating,Recommend hospital - star rating,4.0,697.0,19.0
SENTARA LEIGH HOSPITAL,490046,VA,READM-30-AMI-HRRP,179.0,1.0127,25,H_STAR_RATING,Summary star rating,Summary star rating,3.0,697.0,19.0
LEWISGALE MEDICAL CENTER,490048,VA,READM-30-PN-HRRP,546.0,1.0131,83,H_COMP_1_STAR_RATING,Nurse communication - star rating,Nurse communication - star rating,2.0,566.0,20.0
LEWISGALE MEDICAL CENTER,490048,VA,READM-30-PN-HRRP,546.0,1.0131,83,H_COMP_2_STAR_RATING,Doctor communication - star rating,Doctor communication - star rating,2.0,566.0,20.0
LEWISGALE MEDICAL CENTER,490048,VA,READM-30-PN-HRRP,546.0,1.0131,83,H_COMP_5_STAR_RATING,Communication about medicines - star rating,Communication about medicines - star rating,1.0,566.0,20.0
LEWISGALE MEDICAL CENTER,490048,VA,READM-30-PN-HRRP,546.0,1.0131,83,H_COMP_6_STAR_RATING,Discharge information - star rating,Discharge information - star rating,3.0,566.0,20.0
LEWISGALE MEDICAL CENTER,490048,VA,READM-30-PN-HRRP,546.0,1.0131,83,H_CLEAN_STAR_RATING,Cleanliness - star rating,Cleanliness - star rating,2.0,566.0,20.0
LEWISGALE MEDICAL CENTER,490048,VA,READM-30-PN-HRRP,546.0,1.0131,83,H_QUIET_STAR_RATING,Quietness - star rating,Quietness - star rating,2.0,566.0,20.0
LEWISGALE MEDICAL CENTER,490048,VA,READM-30-PN-HRRP,546.0,1.0131,83,H_HSP_RATING_STAR_RATING,Overall hospital rating - star rating,Overall hospital rating - star rating,2.0,566.0,20.0
LEWISGALE MEDICAL CENTER,490048,VA,READM-30-PN-HRRP,546.0,1.0131,83,H_RECMND_STAR_RATING,Recommend hospital - star rating,Recommend hospital - star rating,2.0,566.0,20.0
LEWISGALE MEDICAL CENTER,490048,VA,READM-30-PN-HRRP,546.0,1.0131,83,H_STAR_RATING,Summary star rating,Summary star rating,2.0,566.0,20.0
LEWISGALE MEDICAL CENTER,490048,VA,READM-30-HF-HRRP,533.0,1.1404,125,H_COMP_1_STAR_RATING,Nurse communication - star rating,Nurse communication - star rating,2.0,566.0,20.0
LEWISGALE MEDICAL CENTER,490048,VA,READM-30-HF-HRRP,533.0,1.1404,125,H_COMP_2_STAR_RATING,Doctor communication - star rating,Doctor communication - star rating,2.0,566.0,20.0
LEWISGALE MEDICAL CENTER,490048,VA,READM-30-HF-HRRP,533.0,1.1404,125,H_COMP_5_STAR_RATING,Communication about medicines - star rating,Communication about medicines - star rating,1.0,566.0,20.0
LEWISGALE MEDICAL CENTER,490048,VA,READM-30-HF-HRRP,533.0,1.1404,125,H_COMP_6_STAR_RATING,Discharge information - star rating,Discharge information - star rating,3.0,566.0,20.0
LEWISGALE MEDICAL CENTER,490048,VA,READM-30-HF-HRRP,533.0,1.1404,125,H_CLEAN_STAR_RATING,Cleanliness - star rating,Cleanliness - star rating,2.0,566.0,20.0
LEWISGALE MEDICAL CENTER,490048,VA,READM-30-HF-HRRP,533.0,1.1404,125,H_QUIET_STAR_RATING,Quietness - star rating,Quietness - star rating,2.0,566.0,20.0
LEWISGALE MEDICAL CENTER,490048,VA,READM-30-HF-HRRP,533.0,1.1404,125,H_HSP_RATING_STAR_RATING,Overall hospital rating - star rating,Overall hospital rating - star rating,2.0,566.0,20.0
LEWISGALE MEDICAL CENTER,490048,VA,READM-30-HF-HRRP,533.0,1.1404,125,H_RECMND_STAR_RATING,Recommend hospital - star rating,Recommend hospital - star rating,2.0,566.0,20.0
LEWISGALE MEDICAL CENTER,490048,VA,READM-30-HF-HRRP,533.0,1.1404,125,H_STAR_RATING,Summary star rating,Summary star rating,2.0,566.0,20.0
LEWISGALE MEDICAL CENTER,490048,VA,READM-30-COPD-HRRP,152.0,1.0309,29,H_COMP_1_STAR_RATING,Nurse communication - star rating,Nurse communication - star rating,2.0,566.0,20.0
LEWISGALE MEDICAL CENTER,490048,VA,READM-30-COPD-HRRP,152.0,1.0309,29,H_COMP_2_STAR_RATING,Doctor communication - star rating,Doctor communication - star rating,2.0,566.0,20.0
LEWISGALE MEDICAL CENTER,490048,VA,READM-30-COPD-HRRP,152.0,1.0309,29,H_COMP_5_STAR_RATING,Communication about medicines - star rating,Communication about medicines - star rating,1.0,566.0,20.0
LEWISGALE MEDICAL CENTER,490048,VA,READM-30-COPD-HRRP,152.0,1.0309,29,H_COMP_6_STAR_RATING,Discharge information - star rating,Discharge information - star rating,3.0,566.0,20.0
LEWISGALE MEDICAL CENTER,490048,VA,READM-30-COPD-HRRP,152.0,1.0309,29,H_CLEAN_STAR_RATING,Cleanliness - star rating,Cleanliness - star rating,2.0,566.0,20.0
LEWISGALE MEDICAL CENTER,490048,VA,READM-30-COPD-HRRP,152.0,1.0309,29,H_QUIET_STAR_RATING,Quietness - star rating,Quietness - star rating,2.0,566.0,20.0
LEWISGALE MEDICAL CENTER,490048,VA,READM-30-COPD-HRRP,152.0,1.0309,29,H_HSP_RATING_STAR_RATING,Overall hospital rating - star rating,Overall hospital rating - star rating,2.0,566.0,20.0
LEWISGALE MEDICAL CENTER,490048,VA,READM-30-COPD-HRRP,152.0,1.0309,29,H_RECMND_STAR_RATING,Recommend hospital - star rating,Recommend hospital - star rating,2.0,566.0,20.0
LEWISGALE MEDICAL CENTER,490048,VA,READM-30-COPD-HRRP,152.0,1.0309,29,H_STAR_RATING,Summary star rating,Summary star rating,2.0,566.0,20.0
LEWISGALE MEDICAL CENTER,490048,VA,READM-30-CABG-HRRP,89.0,1.1148,13,H_COMP_1_STAR_RATING,Nurse communication - star rating,Nurse communication - star rating,2.0,566.0,20.0
LEWISGALE MEDICAL CENTER,490048,VA,READM-30-CABG-HRRP,89.0,1.1148,13,H_COMP_2_STAR_RATING,Doctor communication - star rating,Doctor communication - star rating,2.0,566.0,20.0
LEWISGALE MEDICAL CENTER,490048,VA,READM-30-CABG-HRRP,89.0,1.1148,13,H_COMP_5_STAR_RATING,Communication about medicines - star rating,Communication about medicines - star rating,1.0,566.0,20.0
LEWISGALE MEDICAL CENTER,490048,VA,READM-30-CABG-HRRP,89.0,1.1148,13,H_COMP_6_STAR_RATING,Discharge information - star rating,Discharge information - star rating,3.0,566.0,20.0
LEWISGALE MEDICAL CENTER,490048,VA,READM-30-CABG-HRRP,89.0,1.1148,13,H_CLEAN_STAR_RATING,Cleanliness - star rating,Cleanliness - star rating,2.0,566.0,20.0
LEWISGALE MEDICAL CENTER,490048,VA,READM-30-CABG-HRRP,89.0,1.1148,13,H_QUIET_STAR_RATING,Quietness - star rating,Quietness - star rating,2.0,566.0,20.0
LEWISGALE MEDICAL CENTER,490048,VA,READM-30-CABG-HRRP,89.0,1.1148,13,H_HSP_RATING_STAR_RATING,Overall hospital rating - star rating,Overall hospital rating - star rating,2.0,566.0,20.0
LEWISGALE MEDICAL CENTER,490048,VA,READM-30-CABG-HRRP,89.0,1.1148,13,H_RECMND_STAR_RATING,Recommend hospital - star rating,Recommend hospital - star rating,2.0,566.0,20.0
LEWISGALE MEDICAL CENTER,490048,VA,READM-30-CABG-HRRP,89.0,1.1148,13,H_STAR_RATING,Summary star rating,Summary star rating,2.0,566.0,20.0
LEWISGALE MEDICAL CENTER,490048,VA,READM-30-AMI-HRRP,369.0,1.092,56,H_COMP_1_STAR_RATING,Nurse communication - star rating,Nurse communication - star rating,2.0,566.0,20.0
LEWISGALE MEDICAL CENTER,490048,VA,READM-30-AMI-HRRP,369.0,1.092,56,H_COMP_2_STAR_RATING,Doctor communication - star rating,Doctor communication - star rating,2.0,566.0,20.0
LEWISGALE MEDICAL CENTER,490048,VA,READM-30-AMI-HRRP,369.0,1.092,56,H_COMP_5_STAR_RATING,Communication about medicines - star rating,Communication about medicines - star rating,1.0,566.0,20.0
LEWISGALE MEDICAL CENTER,490048,VA,READM-30-AMI-HRRP,369.0,1.092,56,H_COMP_6_STAR_RATING,Discharge information - star rating,Discharge information - star rating,3.0,566.0,20.0
LEWISGALE MEDICAL CENTER,490048,VA,READM-30-AMI-HRRP,369.0,1.092,56,H_CLEAN_STAR_RATING,Cleanliness - star rating,Cleanliness - star rating,2.0,566.0,20.0
LEWISGALE MEDICAL CENTER,490048,VA,READM-30-AMI-HRRP,369.0,1.092,56,H_QUIET_STAR_RATING,Quietness - star rating,Quietness - star rating,2.0,566.0,20.0
LEWISGALE MEDICAL CENTER,490048,VA,READM-30-AMI-HRRP,369.0,1.092,56,H_HSP_RATING_STAR_RATING,Overall hospital rating - star rating,Overall hospital rating - star rating,2.0,566.0,20.0
LEWISGALE MEDICAL CENTER,490048,VA,READM-30-AMI-HRRP,369.0,1.092,56,H_RECMND_STAR_RATING,Recommend hospital - star rating,Recommend hospital - star rating,2.0,566.0,20.0
LEWISGALE MEDICAL CENTER,490048,VA,READM-30-AMI-HRRP,369.0,1.092,56,H_STAR_RATING,Summary star rating,Summary star rating,2.0,566.0,20.0
VIRGINIA HOSPITAL CENTER,490050,VA,READM-30-PN-HRRP,420.0,0.9851,61,H_COMP_1_STAR_RATING,Nurse communication - star rating,Nurse communication - star rating,3.0,2111.0,21.0
VIRGINIA HOSPITAL CENTER,490050,VA,READM-30-PN-HRRP,420.0,0.9851,61,H_COMP_2_STAR_RATING,Doctor communication - star rating,Doctor communication - star rating,4.0,2111.0,21.0
VIRGINIA HOSPITAL CENTER,490050,VA,READM-30-PN-HRRP,420.0,0.9851,61,H_COMP_5_STAR_RATING,Communication about medicines - star rating,Communication about medicines - star rating,3.0,2111.0,21.0
VIRGINIA HOSPITAL CENTER,490050,VA,READM-30-PN-HRRP,420.0,0.9851,61,H_COMP_6_STAR_RATING,Discharge information - star rating,Discharge information - star rating,4.0,2111.0,21.0
VIRGINIA HOSPITAL CENTER,490050,VA,READM-30-PN-HRRP,420.0,0.9851,61,H_CLEAN_STAR_RATING,Cleanliness - star rating,Cleanliness - star rating,4.0,2111.0,21.0
VIRGINIA HOSPITAL CENTER,490050,VA,READM-30-PN-HRRP,420.0,0.9851,61,H_QUIET_STAR_RATING,Quietness - star rating,Quietness - star rating,3.0,2111.0,21.0
VIRGINIA HOSPITAL CENTER,490050,VA,READM-30-PN-HRRP,420.0,0.9851,61,H_HSP_RATING_STAR_RATING,Overall hospital rating - star rating,Overall hospital rating - star rating,4.0,2111.0,21.0
VIRGINIA HOSPITAL CENTER,490050,VA,READM-30-PN-HRRP,420.0,0.9851,61,H_RECMND_STAR_RATING,Recommend hospital - star rating,Recommend hospital - star rating,4.0,2111.0,21.0
VIRGINIA HOSPITAL CENTER,490050,VA,READM-30-PN-HRRP,420.0,0.9851,61,H_STAR_RATING,Summary star rating,Summary star rating,4.0,2111.0,21.0
VIRGINIA HOSPITAL CENTER,490050,VA,READM-30-HF-HRRP,524.0,0.9405,89,H_COMP_1_STAR_RATING,Nurse communication - star rating,Nurse communication - star rating,3.0,2111.0,21.0
VIRGINIA HOSPITAL CENTER,490050,VA,READM-30-HF-HRRP,524.0,0.9405,89,H_COMP_2_STAR_RATING,Doctor communication - star rating,Doctor communication - star rating,4.0,2111.0,21.0
VIRGINIA HOSPITAL CENTER,490050,VA,READM-30-HF-HRRP,524.0,0.9405,89,H_COMP_5_STAR_RATING,Communication about medicines - star rating,Communication about medicines - star rating,3.0,2111.0,21.0
VIRGINIA HOSPITAL CENTER,490050,VA,READM-30-HF-HRRP,524.0,0.9405,89,H_COMP_6_STAR_RATING,Discharge information - star rating,Discharge information - star rating,4.0,2111.0,21.0
VIRGINIA HOSPITAL CENTER,490050,VA,READM-30-HF-HRRP,524.0,0.9405,89,H_CLEAN_STAR_RATING,Cleanliness - star rating,Cleanliness - star rating,4.0,2111.0,21.0
VIRGINIA HOSPITAL CENTER,490050,VA,READM-30-HF-HRRP,524.0,0.9405,89,H_QUIET_STAR_RATING,Quietness - star rating,Quietness - star rating,3.0,2111.0,21.0
VIRGINIA HOSPITAL CENTER,490050,VA,READM-30-HF-HRRP,524.0,0.9405,89,H_HSP_RATING_STAR_RATING,Overall hospital rating - star rating,Overall hospital rating - star rating,4.0,2111.0,21.0
VIRGINIA HOSPITAL CENTER,490050,VA,READM-30-HF-HRRP,524.0,0.9405,89,H_RECMND_STAR_RATING,Recommend hospital - star rating,Recommend hospital - star rating,4.0,2111.0,21.0
VIRGINIA HOSPITAL CENTER,490050,VA,READM-30-HF-HRRP,524.0,0.9405,89,H_STAR_RATING,Summary star rating,Summary star rating,4.0,2111.0,21.0
VIRGINIA HOSPITAL CENTER,490050,VA,READM-30-COPD-HRRP,84.0,0.9638,11,H_COMP_1_STAR_RATING,Nurse communication - star rating,Nurse communication - star rating,3.0,2111.0,21.0
VIRGINIA HOSPITAL CENTER,490050,VA,READM-30-COPD-HRRP,84.0,0.9638,11,H_COMP_2_STAR_RATING,Doctor communication - star rating,Doctor communication - star rating,4.0,2111.0,21.0
VIRGINIA HOSPITAL CENTER,490050,VA,READM-30-COPD-HRRP,84.0,0.9638,11,H_COMP_5_STAR_RATING,Communication about medicines - star rating,Communication about medicines - star rating,3.0,2111.0,21.0
VIRGINIA HOSPITAL CENTER,490050,VA,READM-30-COPD-HRRP,84.0,0.9638,11,H_COMP_6_STAR_RATING,Discharge information - star rating,Discharge information - star rating,4.0,2111.0,21.0
VIRGINIA HOSPITAL CENTER,490050,VA,READM-30-COPD-HRRP,84.0,0.9638,11,H_CLEAN_STAR_RATING,Cleanliness - star rating,Cleanliness - star rating,4.0,2111.0,21.0
VIRGINIA HOSPITAL CENTER,490050,VA,READM-30-COPD-HRRP,84.0,0.9638,11,H_QUIET_STAR_RATING,Quietness - star rating,Quietness - star rating,3.0,2111.0,21.0
VIRGINIA HOSPITAL CENTER,490050,VA,READM-30-COPD-HRRP,84.0,0.9638,11,H_HSP_RATING_STAR_RATING,Overall hospital rating - star rating,Overall hospital rating - star rating,4.0,2111.0,21.0
VIRGINIA HOSPITAL CENTER,490050,VA,READM-30-COPD-HRRP,84.0,0.9638,11,H_RECMND_STAR_RATING,Recommend hospital - star rating,Recommend hospital - star rating,4.0,2111.0,21.0
VIRGINIA HOSPITAL CENTER,490050,VA,READM-30-COPD-HRRP,84.0,0.9638,11,H_STAR_RATING,Summary star rating,Summary star rating,4.0,2111.0,21.0
VIRGINIA HOSPITAL CENTER,490050,VA,READM-30-CABG-HRRP,86.0,1.1233,12,H_COMP_1_STAR_RATING,Nurse communication - star rating,Nurse communication - star rating,3.0,2111.0,21.0
VIRGINIA HOSPITAL CENTER,490050,VA,READM-30-CABG-HRRP,86.0,1.1233,12,H_COMP_2_STAR_RATING,Doctor communication - star rating,Doctor communication - star rating,4.0,2111.0,21.0
VIRGINIA HOSPITAL CENTER,490050,VA,READM-30-CABG-HRRP,86.0,1.1233,12,H_COMP_5_STAR_RATING,Communication about medicines - star rating,Communication about medicines - star rating,3.0,2111.0,21.0
VIRGINIA HOSPITAL CENTER,490050,VA,READM-30-CABG-HRRP,86.0,1.1233,12,H_COMP_6_STAR_RATING,Discharge information - star rating,Discharge information - star rating,4.0,2111.0,21.0
VIRGINIA HOSPITAL CENTER,490050,VA,READM-30-CABG-HRRP,86.0,1.1233,12,H_CLEAN_STAR_RATING,Cleanliness - star rating,Cleanliness - star rating,4.0,2111.0,21.0
VIRGINIA HOSPITAL CENTER,490050,VA,READM-30-CABG-HRRP,86.0,1.1233,12,H_QUIET_STAR_RATING,Quietness - star rating,Quietness - star rating,3.0,2111.0,21.0
VIRGINIA HOSPITAL CENTER,490050,VA,READM-30-CABG-HRRP,86.0,1.1233,12,H_HSP_RATING_STAR_RATING,Overall hospital rating - star rating,Overall hospital rating - star rating,4.0,2111.0,21.0
VIRGINIA HOSPITAL CENTER,490050,VA,READM-30-CABG-HRRP,86.0,1.1233,12,H_RECMND_STAR_RATING,Recommend hospital - star rating,Recommend hospital - star rating,4.0,2111.0,21.0
VIRGINIA HOSPITAL CENTER,490050,VA,READM-30-CABG-HRRP,86.0,1.1233,12,H_STAR_RATING,Summary star rating,Summary star rating,4.0,2111.0,21.0
VIRGINIA HOSPITAL CENTER,490050,VA,READM-30-AMI-HRRP,117.0,1.0233,16,H_COMP_1_STAR_RATING,Nurse communication - star rating,Nurse communication - star rating,3.0,2111.0,21.0
VIRGINIA HOSPITAL CENTER,490050,VA,READM-30-AMI-HRRP,117.0,1.0233,16,H_COMP_2_STAR_RATING,Doctor communication - star rating,Doctor communication - star rating,4.0,2111.0,21.0
VIRGINIA HOSPITAL CENTER,490050,VA,READM-30-AMI-HRRP,117.0,1.0233,16,H_COMP_5_STAR_RATING,Communication about medicines - star rating,Communication about medicines - star rating,3.0,2111.0,21.0
VIRGINIA HOSPITAL CENTER,490050,VA,READM-30-AMI-HRRP,117.0,1.0233,16,H_COMP_6_STAR_RATING,Discharge information - star rating,Discharge information - star rating,4.0,2111.0,21.0
VIRGINIA HOSPITAL CENTER,490050,VA,READM-30-AMI-HRRP,117.0,1.0233,16,H_CLEAN_STAR_RATING,Cleanliness - star rating,Cleanliness - star rating,4.0,2111.0,21.0
VIRGINIA HOSPITAL CENTER,490050,VA,READM-30-AMI-HRRP,117.0,1.0233,16,H_QUIET_STAR_RATING,Quietness - star rating,Quietness - star rating,3.0,2111.0,21.0
VIRGINIA HOSPITAL CENTER,490050,VA,READM-30-AMI-HRRP,117.0,1.0233,16,H_HSP_RATING_STAR_RATING,Overall hospital rating - star rating,Overall hospital rating - star rating,4.0,2111.0,21.0
VIRGINIA HOSPITAL CENTER,490050,VA,READM-30-AMI-HRRP,117.0,1.0233,16,H_RECMND_STAR_RATING,Recommend hospital - star rating,Recommend hospital - star rating,4.0,2111.0,21.0
VIRGINIA HOSPITAL CENTER,490050,VA,READM-30-AMI-HRRP,117.0,1.0233,16,H_STAR_RATING,Summary star rating,Summary star rating,4.0,2111.0,21.0
RIVERSIDE REGIONAL MEDICAL CENTER,490052,VA,READM-30-PN-HRRP,570.0,0.9882,87,H_COMP_1_STAR_RATING,Nurse communication - star rating,Nurse communication - star rating,4.0,1141.0,19.0
RIVERSIDE REGIONAL MEDICAL CENTER,490052,VA,READM-30-PN-HRRP,570.0,0.9882,87,H_COMP_2_STAR_RATING,Doctor communication - star rating,Doctor communication - star rating,4.0,1141.0,19.0
RIVERSIDE REGIONAL MEDICAL CENTER,490052,VA,READM-30-PN-HRRP,570.0,0.9882,87,H_COMP_5_STAR_RATING,Communication about medicines - star rating,Communication about medicines - star rating,2.0,1141.0,19.0
RIVERSIDE REGIONAL MEDICAL CENTER,490052,VA,READM-30-PN-HRRP,570.0,0.9882,87,H_COMP_6_STAR_RATING,Discharge information - star rating,Discharge information - star rating,3.0,1141.0,19.0
RIVERSIDE REGIONAL MEDICAL CENTER,490052,VA,READM-30-PN-HRRP,570.0,0.9882,87,H_CLEAN_STAR_RATING,Cleanliness - star rating,Cleanliness - star rating,3.0,1141.0,19.0
RIVERSIDE REGIONAL MEDICAL CENTER,490052,VA,READM-30-PN-HRRP,570.0,0.9882,87,H_QUIET_STAR_RATING,Quietness - star rating,Quietness - star rating,4.0,1141.0,19.0
RIVERSIDE REGIONAL MEDICAL CENTER,490052,VA,READM-30-PN-HRRP,570.0,0.9882,87,H_HSP_RATING_STAR_RATING,Overall hospital rating - star rating,Overall hospital rating - star rating,4.0,1141.0,19.0
RIVERSIDE REGIONAL MEDICAL CENTER,490052,VA,READM-30-PN-HRRP,570.0,0.9882,87,H_RECMND_STAR_RATING,Recommend hospital - star rating,Recommend hospital - star rating,4.0,1141.0,19.0
RIVERSIDE REGIONAL MEDICAL CENTER,490052,VA,READM-30-PN-HRRP,570.0,0.9882,87,H_STAR_RATING,Summary star rating,Summary star rating,3.0,1141.0,19.0
RIVERSIDE REGIONAL MEDICAL CENTER,490052,VA,READM-30-HF-HRRP,768.0,0.9378,139,H_COMP_1_STAR_RATING,Nurse communication - star rating,Nurse communication - star rating,4.0,1141.0,19.0
RIVERSIDE REGIONAL MEDICAL CENTER,490052,VA,READM-30-HF-HRRP,768.0,0.9378,139,H_COMP_2_STAR_RATING,Doctor communication - star rating,Doctor communication - star rating,4.0,1141.0,19.0
RIVERSIDE REGIONAL MEDICAL CENTER,490052,VA,READM-30-HF-HRRP,768.0,0.9378,139,H_COMP_5_STAR_RATING,Communication about medicines - star rating,Communication about medicines - star rating,2.0,1141.0,19.0
RIVERSIDE REGIONAL MEDICAL CENTER,490052,VA,READM-30-HF-HRRP,768.0,0.9378,139,H_COMP_6_STAR_RATING,Discharge information - star rating,Discharge information - star rating,3.0,1141.0,19.0
RIVERSIDE REGIONAL MEDICAL CENTER,490052,VA,READM-30-HF-HRRP,768.0,0.9378,139,H_CLEAN_STAR_RATING,Cleanliness - star rating,Cleanliness - star rating,3.0,1141.0,19.0
RIVERSIDE REGIONAL MEDICAL CENTER,490052,VA,READM-30-HF-HRRP,768.0,0.9378,139,H_QUIET_STAR_RATING,Quietness - star rating,Quietness - star rating,4.0,1141.0,19.0
RIVERSIDE REGIONAL MEDICAL CENTER,490052,VA,READM-30-HF-HRRP,768.0,0.9378,139,H_HSP_RATING_STAR_RATING,Overall hospital rating - star rating,Overall hospital rating - star rating,4.0,1141.0,19.0
RIVERSIDE REGIONAL MEDICAL CENTER,490052,VA,READM-30-HF-HRRP,768.0,0.9378,139,H_RECMND_STAR_RATING,Recommend hospital - star rating,Recommend hospital - star rating,4.0,1141.0,19.0
RIVERSIDE REGIONAL MEDICAL CENTER,490052,VA,READM-30-HF-HRRP,768.0,0.9378,139,H_STAR_RATING,Summary star rating,Summary star rating,3.0,1141.0,19.0
RIVERSIDE REGIONAL MEDICAL CENTER,490052,VA,READM-30-COPD-HRRP,195.0,1.047,41,H_COMP_1_STAR_RATING,Nurse communication - star rating,Nurse communication - star rating,4.0,1141.0,19.0
RIVERSIDE REGIONAL MEDICAL CENTER,490052,VA,READM-30-COPD-HRRP,195.0,1.047,41,H_COMP_2_STAR_RATING,Doctor communication - star rating,Doctor communication - star rating,4.0,1141.0,19.0
RIVERSIDE REGIONAL MEDICAL CENTER,490052,VA,READM-30-COPD-HRRP,195.0,1.047,41,H_COMP_5_STAR_RATING,Communication about medicines - star rating,Communication about medicines - star rating,2.0,1141.0,19.0
RIVERSIDE REGIONAL MEDICAL CENTER,490052,VA,READM-30-COPD-HRRP,195.0,1.047,41,H_COMP_6_STAR_RATING,Discharge information - star rating,Discharge information - star rating,3.0,1141.0,19.0
RIVERSIDE REGIONAL MEDICAL CENTER,490052,VA,READM-30-COPD-HRRP,195.0,1.047,41,H_CLEAN_STAR_RATING,Cleanliness - star rating,Cleanliness - star rating,3.0,1141.0,19.0
RIVERSIDE REGIONAL MEDICAL CENTER,490052,VA,READM-30-COPD-HRRP,195.0,1.047,41,H_QUIET_STAR_RATING,Quietness - star rating,Quietness - star rating,4.0,1141.0,19.0
RIVERSIDE REGIONAL MEDICAL CENTER,490052,VA,READM-30-COPD-HRRP,195.0,1.047,41,H_HSP_RATING_STAR_RATING,Overall hospital rating - star rating,Overall hospital rating - star rating,4.0,1141.0,19.0
RIVERSIDE REGIONAL MEDICAL CENTER,490052,VA,READM-30-COPD-HRRP,195.0,1.047,41,H_RECMND_STAR_RATING,Recommend hospital - star rating,Recommend hospital - star rating,4.0,1141.0,19.0
RIVERSIDE REGIONAL MEDICAL CENTER,490052,VA,READM-30-COPD-HRRP,195.0,1.047,41,H_STAR_RATING,Summary star rating,Summary star rating,3.0,1141.0,19.0
RIVERSIDE REGIONAL MEDICAL CENTER,490052,VA,READM-30-AMI-HRRP,354.0,0.8987,33,H_COMP_1_STAR_RATING,Nurse communication - star rating,Nurse communication - star rating,4.0,1141.0,19.0
RIVERSIDE REGIONAL MEDICAL CENTER,490052,VA,READM-30-AMI-HRRP,354.0,0.8987,33,H_COMP_2_STAR_RATING,Doctor communication - star rating,Doctor communication - star rating,4.0,1141.0,19.0
RIVERSIDE REGIONAL MEDICAL CENTER,490052,VA,READM-30-AMI-HRRP,354.0,0.8987,33,H_COMP_5_STAR_RATING,Communication about medicines - star rating,Communication about medicines - star rating,2.0,1141.0,19.0
RIVERSIDE REGIONAL MEDICAL CENTER,490052,VA,READM-30-AMI-HRRP,354.0,0.8987,33,H_COMP_6_STAR_RATING,Discharge information - star rating,Discharge information - star rating,3.0,1141.0,19.0
RIVERSIDE REGIONAL MEDICAL CENTER,490052,VA,READM-30-AMI-HRRP,354.0,0.8987,33,H_CLEAN_STAR_RATING,Cleanliness - star rating,Cleanliness - star rating,3.0,1141.0,19.0
RIVERSIDE REGIONAL MEDICAL CENTER,490052,VA,READM-30-AMI-HRRP,354.0,0.8987,33,H_QUIET_STAR_RATING,Quietness - star rating,Quietness - star rating,4.0,1141.0,19.0
RIVERSIDE REGIONAL MEDICAL CENTER,490052,VA,READM-30-AMI-HRRP,354.0,0.8987,33,H_HSP_RATING_STAR_RATING,Overall hospital rating - star rating,Overall hospital rating - star rating,4.0,1141.0,19.0
RIVERSIDE REGIONAL MEDICAL CENTER,490052,VA,READM-30-AMI-HRRP,354.0,0.8987,33,H_RECMND_STAR_RATING,Recommend hospital - star rating,Recommend hospital - star rating,4.0,1141.0,19.0
RIVERSIDE REGIONAL MEDICAL CENTER,490052,VA,READM-30-AMI-HRRP,354.0,0.8987,33,H_STAR_RATING,Summary star rating,Summary star rating,3.0,1141.0,19.0
JOHNSTON MEMORIAL HOSPITAL,490053,VA,READM-30-PN-HRRP,375.0,0.9567,56,H_COMP_1_STAR_RATING,Nurse communication - star rating,Nurse communication - star rating,3.0,736.0,18.0
JOHNSTON MEMORIAL HOSPITAL,490053,VA,READM-30-PN-HRRP,375.0,0.9567,56,H_COMP_2_STAR_RATING,Doctor communication - star rating,Doctor communication - star rating,3.0,736.0,18.0
JOHNSTON MEMORIAL HOSPITAL,490053,VA,READM-30-PN-HRRP,375.0,0.9567,56,H_COMP_5_STAR_RATING,Communication about medicines - star rating,Communication about medicines - star rating,2.0,736.0,18.0
JOHNSTON MEMORIAL HOSPITAL,490053,VA,READM-30-PN-HRRP,375.0,0.9567,56,H_COMP_6_STAR_RATING,Discharge information - star rating,Discharge information - star rating,3.0,736.0,18.0
JOHNSTON MEMORIAL HOSPITAL,490053,VA,READM-30-PN-HRRP,375.0,0.9567,56,H_CLEAN_STAR_RATING,Cleanliness - star rating,Cleanliness - star rating,5.0,736.0,18.0
JOHNSTON MEMORIAL HOSPITAL,490053,VA,READM-30-PN-HRRP,375.0,0.9567,56,H_QUIET_STAR_RATING,Quietness - star rating,Quietness - star rating,4.0,736.0,18.0
JOHNSTON MEMORIAL HOSPITAL,490053,VA,READM-30-PN-HRRP,375.0,0.9567,56,H_HSP_RATING_STAR_RATING,Overall hospital rating - star rating,Overall hospital rating - star rating,3.0,736.0,18.0
JOHNSTON MEMORIAL HOSPITAL,490053,VA,READM-30-PN-HRRP,375.0,0.9567,56,H_RECMND_STAR_RATING,Recommend hospital - star rating,Recommend hospital - star rating,3.0,736.0,18.0
JOHNSTON MEMORIAL HOSPITAL,490053,VA,READM-30-PN-HRRP,375.0,0.9567,56,H_STAR_RATING,Summary star rating,Summary star rating,3.0,736.0,18.0
JOHNSTON MEMORIAL HOSPITAL,490053,VA,READM-30-HF-HRRP,177.0,0.9422,29,H_COMP_1_STAR_RATING,Nurse communication - star rating,Nurse communication - star rating,3.0,736.0,18.0
JOHNSTON MEMORIAL HOSPITAL,490053,VA,READM-30-HF-HRRP,177.0,0.9422,29,H_COMP_2_STAR_RATING,Doctor communication - star rating,Doctor communication - star rating,3.0,736.0,18.0
JOHNSTON MEMORIAL HOSPITAL,490053,VA,READM-30-HF-HRRP,177.0,0.9422,29,H_COMP_5_STAR_RATING,Communication about medicines - star rating,Communication about medicines - star rating,2.0,736.0,18.0
JOHNSTON MEMORIAL HOSPITAL,490053,VA,READM-30-HF-HRRP,177.0,0.9422,29,H_COMP_6_STAR_RATING,Discharge information - star rating,Discharge information - star rating,3.0,736.0,18.0
JOHNSTON MEMORIAL HOSPITAL,490053,VA,READM-30-HF-HRRP,177.0,0.9422,29,H_CLEAN_STAR_RATING,Cleanliness - star rating,Cleanliness - star rating,5.0,736.0,18.0
JOHNSTON MEMORIAL HOSPITAL,490053,VA,READM-30-HF-HRRP,177.0,0.9422,29,H_QUIET_STAR_RATING,Quietness - star rating,Quietness - star rating,4.0,736.0,18.0
JOHNSTON MEMORIAL HOSPITAL,490053,VA,READM-30-HF-HRRP,177.0,0.9422,29,H_HSP_RATING_STAR_RATING,Overall hospital rating - star rating,Overall hospital rating - star rating,3.0,736.0,18.0
JOHNSTON MEMORIAL HOSPITAL,490053,VA,READM-30-HF-HRRP,177.0,0.9422,29,H_RECMND_STAR_RATING,Recommend hospital - star rating,Recommend hospital - star rating,3.0,736.0,18.0
JOHNSTON MEMORIAL HOSPITAL,490053,VA,READM-30-HF-HRRP,177.0,0.9422,29,H_STAR_RATING,Summary star rating,Summary star rating,3.0,736.0,18.0
JOHNSTON MEMORIAL HOSPITAL,490053,VA,READM-30-AMI-HRRP,128.0,1.0685,21,H_COMP_1_STAR_RATING,Nurse communication - star rating,Nurse communication - star rating,3.0,736.0,18.0
JOHNSTON MEMORIAL HOSPITAL,490053,VA,READM-30-AMI-HRRP,128.0,1.0685,21,H_COMP_2_STAR_RATING,Doctor communication - star rating,Doctor communication - star rating,3.0,736.0,18.0
JOHNSTON MEMORIAL HOSPITAL,490053,VA,READM-30-AMI-HRRP,128.0,1.0685,21,H_COMP_5_STAR_RATING,Communication about medicines - star rating,Communication about medicines - star rating,2.0,736.0,18.0
JOHNSTON MEMORIAL HOSPITAL,490053,VA,READM-30-AMI-HRRP,128.0,1.0685,21,H_COMP_6_STAR_RATING,Discharge information - star rating,Discharge information - star rating,3.0,736.0,18.0
JOHNSTON MEMORIAL HOSPITAL,490053,VA,READM-30-AMI-HRRP,128.0,1.0685,21,H_CLEAN_STAR_RATING,Cleanliness - star rating,Cleanliness - star rating,5.0,736.0,18.0
JOHNSTON MEMORIAL HOSPITAL,490053,VA,READM-30-AMI-HRRP,128.0,1.0685,21,H_QUIET_STAR_RATING,Quietness - star rating,Quietness - star rating,4.0,736.0,18.0
JOHNSTON MEMORIAL HOSPITAL,490053,VA,READM-30-AMI-HRRP,128.0,1.0685,21,H_HSP_RATING_STAR_RATING,Overall hospital rating - star rating,Overall hospital rating - star rating,3.0,736.0,18.0
JOHNSTON MEMORIAL HOSPITAL,490053,VA,READM-30-AMI-HRRP,128.0,1.0685,21,H_RECMND_STAR_RATING,Recommend hospital - star rating,Recommend hospital - star rating,3.0,736.0,18.0
JOHNSTON MEMORIAL HOSPITAL,490053,VA,READM-30-AMI-HRRP,128.0,1.0685,21,H_STAR_RATING,Summary star rating,Summary star rating,3.0,736.0,18.0
SENTARA VIRGINIA BEACH GENERAL HOSPITAL,490057,VA,READM-30-PN-HRRP,697.0,0.9987,112,H_COMP_1_STAR_RATING,Nurse communication - star rating,Nurse communication - star rating,4.0,913.0,26.0
SENTARA VIRGINIA BEACH GENERAL HOSPITAL,490057,VA,READM-30-PN-HRRP,697.0,0.9987,112,H_COMP_2_STAR_RATING,Doctor communication - star rating,Doctor communication - star rating,3.0,913.0,26.0
SENTARA VIRGINIA BEACH GENERAL HOSPITAL,490057,VA,READM-30-PN-HRRP,697.0,0.9987,112,H_COMP_5_STAR_RATING,Communication about medicines - star rating,Communication about medicines - star rating,2.0,913.0,26.0
SENTARA VIRGINIA BEACH GENERAL HOSPITAL,490057,VA,READM-30-PN-HRRP,697.0,0.9987,112,H_COMP_6_STAR_RATING,Discharge information - star rating,Discharge information - star rating,3.0,913.0,26.0
SENTARA VIRGINIA BEACH GENERAL HOSPITAL,490057,VA,READM-30-PN-HRRP,697.0,0.9987,112,H_CLEAN_STAR_RATING,Cleanliness - star rating,Cleanliness - star rating,3.0,913.0,26.0
SENTARA VIRGINIA BEACH GENERAL HOSPITAL,490057,VA,READM-30-PN-HRRP,697.0,0.9987,112,H_QUIET_STAR_RATING,Quietness - star rating,Quietness - star rating,4.0,913.0,26.0
SENTARA VIRGINIA BEACH GENERAL HOSPITAL,490057,VA,READM-30-PN-HRRP,697.0,0.9987,112,H_HSP_RATING_STAR_RATING,Overall hospital rating - star rating,Overall hospital rating - star rating,4.0,913.0,26.0
SENTARA VIRGINIA BEACH GENERAL HOSPITAL,490057,VA,READM-30-PN-HRRP,697.0,0.9987,112,H_RECMND_STAR_RATING,Recommend hospital - star rating,Recommend hospital - star rating,4.0,913.0,26.0
SENTARA VIRGINIA BEACH GENERAL HOSPITAL,490057,VA,READM-30-PN-HRRP,697.0,0.9987,112,H_STAR_RATING,Summary star rating,Summary star rating,3.0,913.0,26.0
SENTARA VIRGINIA BEACH GENERAL HOSPITAL,490057,VA,READM-30-HF-HRRP,1007.0,1.0519,214,H_COMP_1_STAR_RATING,Nurse communication - star rating,Nurse communication - star rating,4.0,913.0,26.0
SENTARA VIRGINIA BEACH GENERAL HOSPITAL,490057,VA,READM-30-HF-HRRP,1007.0,1.0519,214,H_COMP_2_STAR_RATING,Doctor communication - star rating,Doctor communication - star rating,3.0,913.0,26.0
SENTARA VIRGINIA BEACH GENERAL HOSPITAL,490057,VA,READM-30-HF-HRRP,1007.0,1.0519,214,H_COMP_5_STAR_RATING,Communication about medicines - star rating,Communication about medicines - star rating,2.0,913.0,26.0
SENTARA VIRGINIA BEACH GENERAL HOSPITAL,490057,VA,READM-30-HF-HRRP,1007.0,1.0519,214,H_COMP_6_STAR_RATING,Discharge information - star rating,Discharge information - star rating,3.0,913.0,26.0
SENTARA VIRGINIA BEACH GENERAL HOSPITAL,490057,VA,READM-30-HF-HRRP,1007.0,1.0519,214,H_CLEAN_STAR_RATING,Cleanliness - star rating,Cleanliness - star rating,3.0,913.0,26.0
SENTARA VIRGINIA BEACH GENERAL HOSPITAL,490057,VA,READM-30-HF-HRRP,1007.0,1.0519,214,H_QUIET_STAR_RATING,Quietness - star rating,Quietness - star rating,4.0,913.0,26.0
SENTARA VIRGINIA BEACH GENERAL HOSPITAL,490057,VA,READM-30-HF-HRRP,1007.0,1.0519,214,H_HSP_RATING_STAR_RATING,Overall hospital rating - star rating,Overall hospital rating - star rating,4.0,913.0,26.0
SENTARA VIRGINIA BEACH GENERAL HOSPITAL,490057,VA,READM-30-HF-HRRP,1007.0,1.0519,214,H_RECMND_STAR_RATING,Recommend hospital - star rating,Recommend hospital - star rating,4.0,913.0,26.0
SENTARA VIRGINIA BEACH GENERAL HOSPITAL,490057,VA,READM-30-HF-HRRP,1007.0,1.0519,214,H_STAR_RATING,Summary star rating,Summary star rating,3.0,913.0,26.0
SENTARA VIRGINIA BEACH GENERAL HOSPITAL,490057,VA,READM-30-COPD-HRRP,214.0,0.915,30,H_COMP_1_STAR_RATING,Nurse communication - star rating,Nurse communication - star rating,4.0,913.0,26.0
SENTARA VIRGINIA BEACH GENERAL HOSPITAL,490057,VA,READM-30-COPD-HRRP,214.0,0.915,30,H_COMP_2_STAR_RATING,Doctor communication - star rating,Doctor communication - star rating,3.0,913.0,26.0
SENTARA VIRGINIA BEACH GENERAL HOSPITAL,490057,VA,READM-30-COPD-HRRP,214.0,0.915,30,H_COMP_5_STAR_RATING,Communication about medicines - star rating,Communication about medicines - star rating,2.0,913.0,26.0
SENTARA VIRGINIA BEACH GENERAL HOSPITAL,490057,VA,READM-30-COPD-HRRP,214.0,0.915,30,H_COMP_6_STAR_RATING,Discharge information - star rating,Discharge information - star rating,3.0,913.0,26.0
SENTARA VIRGINIA BEACH GENERAL HOSPITAL,490057,VA,READM-30-COPD-HRRP,214.0,0.915,30,H_CLEAN_STAR_RATING,Cleanliness - star rating,Cleanliness - star rating,3.0,913.0,26.0
SENTARA VIRGINIA BEACH GENERAL HOSPITAL,490057,VA,READM-30-COPD-HRRP,214.0,0.915,30,H_QUIET_STAR_RATING,Quietness - star rating,Quietness - star rating,4.0,913.0,26.0
SENTARA VIRGINIA BEACH GENERAL HOSPITAL,490057,VA,READM-30-COPD-HRRP,214.0,0.915,30,H_HSP_RATING_STAR_RATING,Overall hospital rating - star rating,Overall hospital rating - star rating,4.0,913.0,26.0
SENTARA VIRGINIA BEACH GENERAL HOSPITAL,490057,VA,READM-30-COPD-HRRP,214.0,0.915,30,H_RECMND_STAR_RATING,Recommend hospital - star rating,Recommend hospital - star rating,4.0,913.0,26.0
SENTARA VIRGINIA BEACH GENERAL HOSPITAL,490057,VA,READM-30-COPD-HRRP,214.0,0.915,30,H_STAR_RATING,Summary star rating,Summary star rating,3.0,913.0,26.0
SENTARA VIRGINIA BEACH GENERAL HOSPITAL,490057,VA,READM-30-AMI-HRRP,350.0,0.8892,34,H_COMP_1_STAR_RATING,Nurse communication - star rating,Nurse communication - star rating,4.0,913.0,26.0
SENTARA VIRGINIA BEACH GENERAL HOSPITAL,490057,VA,READM-30-AMI-HRRP,350.0,0.8892,34,H_COMP_2_STAR_RATING,Doctor communication - star rating,Doctor communication - star rating,3.0,913.0,26.0
SENTARA VIRGINIA BEACH GENERAL HOSPITAL,490057,VA,READM-30-AMI-HRRP,350.0,0.8892,34,H_COMP_5_STAR_RATING,Communication about medicines - star rating,Communication about medicines - star rating,2.0,913.0,26.0
SENTARA VIRGINIA BEACH GENERAL HOSPITAL,490057,VA,READM-30-AMI-HRRP,350.0,0.8892,34,H_COMP_6_STAR_RATING,Discharge information - star rating,Discharge information - star rating,3.0,913.0,26.0
SENTARA VIRGINIA BEACH GENERAL HOSPITAL,490057,VA,READM-30-AMI-HRRP,350.0,0.8892,34,H_CLEAN_STAR_RATING,Cleanliness - star rating,Cleanliness - star rating,3.0,913.0,26.0
SENTARA VIRGINIA BEACH GENERAL HOSPITAL,490057,VA,READM-30-AMI-HRRP,350.0,0.8892,34,H_QUIET_STAR_RATING,Quietness - star rating,Quietness - star rating,4.0,913.0,26.0
SENTARA VIRGINIA BEACH GENERAL HOSPITAL,490057,VA,READM-30-AMI-HRRP,350.0,0.8892,34,H_HSP_RATING_STAR_RATING,Overall hospital rating - star rating,Overall hospital rating - star rating,4.0,913.0,26.0
SENTARA VIRGINIA BEACH GENERAL HOSPITAL,490057,VA,READM-30-AMI-HRRP,350.0,0.8892,34,H_RECMND_STAR_RATING,Recommend hospital - star rating,Recommend hospital - star rating,4.0,913.0,26.0
SENTARA VIRGINIA BEACH GENERAL HOSPITAL,490057,VA,READM-30-AMI-HRRP,350.0,0.8892,34,H_STAR_RATING,Summary star rating,Summary star rating,3.0,913.0,26.0
BON SECOURS ST MARYS HOSPITAL,490059,VA,READM-30-PN-HRRP,546.0,0.9191,69,H_COMP_1_STAR_RATING,Nurse communication - star rating,Nurse communication - star rating,3.0,1906.0,20.0
BON SECOURS ST MARYS HOSPITAL,490059,VA,READM-30-PN-HRRP,546.0,0.9191,69,H_COMP_2_STAR_RATING,Doctor communication - star rating,Doctor communication - star rating,3.0,1906.0,20.0
BON SECOURS ST MARYS HOSPITAL,490059,VA,READM-30-PN-HRRP,546.0,0.9191,69,H_COMP_5_STAR_RATING,Communication about medicines - star rating,Communication about medicines - star rating,2.0,1906.0,20.0
BON SECOURS ST MARYS HOSPITAL,490059,VA,READM-30-PN-HRRP,546.0,0.9191,69,H_COMP_6_STAR_RATING,Discharge information - star rating,Discharge information - star rating,3.0,1906.0,20.0
BON SECOURS ST MARYS HOSPITAL,490059,VA,READM-30-PN-HRRP,546.0,0.9191,69,H_CLEAN_STAR_RATING,Cleanliness - star rating,Cleanliness - star rating,2.0,1906.0,20.0
BON SECOURS ST MARYS HOSPITAL,490059,VA,READM-30-PN-HRRP,546.0,0.9191,69,H_QUIET_STAR_RATING,Quietness - star rating,Quietness - star rating,2.0,1906.0,20.0
BON SECOURS ST MARYS HOSPITAL,490059,VA,READM-30-PN-HRRP,546.0,0.9191,69,H_HSP_RATING_STAR_RATING,Overall hospital rating - star rating,Overall hospital rating - star rating,3.0,1906.0,20.0
BON SECOURS ST MARYS HOSPITAL,490059,VA,READM-30-PN-HRRP,546.0,0.9191,69,H_RECMND_STAR_RATING,Recommend hospital - star rating,Recommend hospital - star rating,4.0,1906.0,20.0
BON SECOURS ST MARYS HOSPITAL,490059,VA,READM-30-PN-HRRP,546.0,0.9191,69,H_STAR_RATING,Summary star rating,Summary star rating,3.0,1906.0,20.0
BON SECOURS ST MARYS HOSPITAL,490059,VA,READM-30-HIP-KNEE-HRRP,263.0,0.9777,14,H_COMP_1_STAR_RATING,Nurse communication - star rating,Nurse communication - star rating,3.0,1906.0,20.0
BON SECOURS ST MARYS HOSPITAL,490059,VA,READM-30-HIP-KNEE-HRRP,263.0,0.9777,14,H_COMP_2_STAR_RATING,Doctor communication - star rating,Doctor communication - star rating,3.0,1906.0,20.0
BON SECOURS ST MARYS HOSPITAL,490059,VA,READM-30-HIP-KNEE-HRRP,263.0,0.9777,14,H_COMP_5_STAR_RATING,Communication about medicines - star rating,Communication about medicines - star rating,2.0,1906.0,20.0
BON SECOURS ST MARYS HOSPITAL,490059,VA,READM-30-HIP-KNEE-HRRP,263.0,0.9777,14,H_COMP_6_STAR_RATING,Discharge information - star rating,Discharge information - star rating,3.0,1906.0,20.0
BON SECOURS ST MARYS HOSPITAL,490059,VA,READM-30-HIP-KNEE-HRRP,263.0,0.9777,14,H_CLEAN_STAR_RATING,Cleanliness - star rating,Cleanliness - star rating,2.0,1906.0,20.0
BON SECOURS ST MARYS HOSPITAL,490059,VA,READM-30-HIP-KNEE-HRRP,263.0,0.9777,14,H_QUIET_STAR_RATING,Quietness - star rating,Quietness - star rating,2.0,1906.0,20.0
BON SECOURS ST MARYS HOSPITAL,490059,VA,READM-30-HIP-KNEE-HRRP,263.0,0.9777,14,H_HSP_RATING_STAR_RATING,Overall hospital rating - star rating,Overall hospital rating - star rating,3.0,1906.0,20.0
BON SECOURS ST MARYS HOSPITAL,490059,VA,READM-30-HIP-KNEE-HRRP,263.0,0.9777,14,H_RECMND_STAR_RATING,Recommend hospital - star rating,Recommend hospital - star rating,4.0,1906.0,20.0
BON SECOURS ST MARYS HOSPITAL,490059,VA,READM-30-HIP-KNEE-HRRP,263.0,0.9777,14,H_STAR_RATING,Summary star rating,Summary star rating,3.0,1906.0,20.0
BON SECOURS ST MARYS HOSPITAL,490059,VA,READM-30-HF-HRRP,750.0,0.994,141,H_COMP_1_STAR_RATING,Nurse communication - star rating,Nurse communication - star rating,3.0,1906.0,20.0
BON SECOURS ST MARYS HOSPITAL,490059,VA,READM-30-HF-HRRP,750.0,0.994,141,H_COMP_2_STAR_RATING,Doctor communication - star rating,Doctor communication - star rating,3.0,1906.0,20.0
BON SECOURS ST MARYS HOSPITAL,490059,VA,READM-30-HF-HRRP,750.0,0.994,141,H_COMP_5_STAR_RATING,Communication about medicines - star rating,Communication about medicines - star rating,2.0,1906.0,20.0
BON SECOURS ST MARYS HOSPITAL,490059,VA,READM-30-HF-HRRP,750.0,0.994,141,H_COMP_6_STAR_RATING,Discharge information - star rating,Discharge information - star rating,3.0,1906.0,20.0
BON SECOURS ST MARYS HOSPITAL,490059,VA,READM-30-HF-HRRP,750.0,0.994,141,H_CLEAN_STAR_RATING,Cleanliness - star rating,Cleanliness - star rating,2.0,1906.0,20.0
BON SECOURS ST MARYS HOSPITAL,490059,VA,READM-30-HF-HRRP,750.0,0.994,141,H_QUIET_STAR_RATING,Quietness - star rating,Quietness - star rating,2.0,1906.0,20.0
BON SECOURS ST MARYS HOSPITAL,490059,VA,READM-30-HF-HRRP,750.0,0.994,141,H_HSP_RATING_STAR_RATING,Overall hospital rating - star rating,Overall hospital rating - star rating,3.0,1906.0,20.0
BON SECOURS ST MARYS HOSPITAL,490059,VA,READM-30-HF-HRRP,750.0,0.994,141,H_RECMND_STAR_RATING,Recommend hospital - star rating,Recommend hospital - star rating,4.0,1906.0,20.0
BON SECOURS ST MARYS HOSPITAL,490059,VA,READM-30-HF-HRRP,750.0,0.994,141,H_STAR_RATING,Summary star rating,Summary star rating,3.0,1906.0,20.0
BON SECOURS ST MARYS HOSPITAL,490059,VA,READM-30-COPD-HRRP,170.0,0.9473,26,H_COMP_1_STAR_RATING,Nurse communication - star rating,Nurse communication - star rating,3.0,1906.0,20.0
BON SECOURS ST MARYS HOSPITAL,490059,VA,READM-30-COPD-HRRP,170.0,0.9473,26,H_COMP_2_STAR_RATING,Doctor communication - star rating,Doctor communication - star rating,3.0,1906.0,20.0
BON SECOURS ST MARYS HOSPITAL,490059,VA,READM-30-COPD-HRRP,170.0,0.9473,26,H_COMP_5_STAR_RATING,Communication about medicines - star rating,Communication about medicines - star rating,2.0,1906.0,20.0
BON SECOURS ST MARYS HOSPITAL,490059,VA,READM-30-COPD-HRRP,170.0,0.9473,26,H_COMP_6_STAR_RATING,Discharge information - star rating,Discharge information - star rating,3.0,1906.0,20.0
BON SECOURS ST MARYS HOSPITAL,490059,VA,READM-30-COPD-HRRP,170.0,0.9473,26,H_CLEAN_STAR_RATING,Cleanliness - star rating,Cleanliness - star rating,2.0,1906.0,20.0
BON SECOURS ST MARYS HOSPITAL,490059,VA,READM-30-COPD-HRRP,170.0,0.9473,26,H_QUIET_STAR_RATING,Quietness - star rating,Quietness - star rating,2.0,1906.0,20.0
BON SECOURS ST MARYS HOSPITAL,490059,VA,READM-30-COPD-HRRP,170.0,0.9473,26,H_HSP_RATING_STAR_RATING,Overall hospital rating - star rating,Overall hospital rating - star rating,3.0,1906.0,20.0
BON SECOURS ST MARYS HOSPITAL,490059,VA,READM-30-COPD-HRRP,170.0,0.9473,26,H_RECMND_STAR_RATING,Recommend hospital - star rating,Recommend hospital - star rating,4.0,1906.0,20.0
BON SECOURS ST MARYS HOSPITAL,490059,VA,READM-30-COPD-HRRP,170.0,0.9473,26,H_STAR_RATING,Summary star rating,Summary star rating,3.0,1906.0,20.0
BON SECOURS ST MARYS HOSPITAL,490059,VA,READM-30-AMI-HRRP,227.0,0.9474,25,H_COMP_1_STAR_RATING,Nurse communication - star rating,Nurse communication - star rating,3.0,1906.0,20.0
BON SECOURS ST MARYS HOSPITAL,490059,VA,READM-30-AMI-HRRP,227.0,0.9474,25,H_COMP_2_STAR_RATING,Doctor communication - star rating,Doctor communication - star rating,3.0,1906.0,20.0
BON SECOURS ST MARYS HOSPITAL,490059,VA,READM-30-AMI-HRRP,227.0,0.9474,25,H_COMP_5_STAR_RATING,Communication about medicines - star rating,Communication about medicines - star rating,2.0,1906.0,20.0
BON SECOURS ST MARYS HOSPITAL,490059,VA,READM-30-AMI-HRRP,227.0,0.9474,25,H_COMP_6_STAR_RATING,Discharge information - star rating,Discharge information - star rating,3.0,1906.0,20.0
BON SECOURS ST MARYS HOSPITAL,490059,VA,READM-30-AMI-HRRP,227.0,0.9474,25,H_CLEAN_STAR_RATING,Cleanliness - star rating,Cleanliness - star rating,2.0,1906.0,20.0
BON SECOURS ST MARYS HOSPITAL,490059,VA,READM-30-AMI-HRRP,227.0,0.9474,25,H_QUIET_STAR_RATING,Quietness - star rating,Quietness - star rating,2.0,1906.0,20.0
BON SECOURS ST MARYS HOSPITAL,490059,VA,READM-30-AMI-HRRP,227.0,0.9474,25,H_HSP_RATING_STAR_RATING,Overall hospital rating - star rating,Overall hospital rating - star rating,3.0,1906.0,20.0
BON SECOURS ST MARYS HOSPITAL,490059,VA,READM-30-AMI-HRRP,227.0,0.9474,25,H_RECMND_STAR_RATING,Recommend hospital - star rating,Recommend hospital - star rating,4.0,1906.0,20.0
BON SECOURS ST MARYS HOSPITAL,490059,VA,READM-30-AMI-HRRP,227.0,0.9474,25,H_STAR_RATING,Summary star rating,Summary star rating,3.0,1906.0,20.0
CLINCH VALLEY MEDICAL CENTER,490060,VA,READM-30-PN-HRRP,176.0,0.9624,25,H_COMP_1_STAR_RATING,Nurse communication - star rating,Nurse communication - star rating,5.0,400.0,18.0
CLINCH VALLEY MEDICAL CENTER,490060,VA,READM-30-PN-HRRP,176.0,0.9624,25,H_COMP_2_STAR_RATING,Doctor communication - star rating,Doctor communication - star rating,4.0,400.0,18.0
CLINCH VALLEY MEDICAL CENTER,490060,VA,READM-30-PN-HRRP,176.0,0.9624,25,H_COMP_5_STAR_RATING,Communication about medicines - star rating,Communication about medicines - star rating,3.0,400.0,18.0
CLINCH VALLEY MEDICAL CENTER,490060,VA,READM-30-PN-HRRP,176.0,0.9624,25,H_COMP_6_STAR_RATING,Discharge information - star rating,Discharge information - star rating,4.0,400.0,18.0
CLINCH VALLEY MEDICAL CENTER,490060,VA,READM-30-PN-HRRP,176.0,0.9624,25,H_CLEAN_STAR_RATING,Cleanliness - star rating,Cleanliness - star rating,4.0,400.0,18.0
CLINCH VALLEY MEDICAL CENTER,490060,VA,READM-30-PN-HRRP,176.0,0.9624,25,H_QUIET_STAR_RATING,Quietness - star rating,Quietness - star rating,4.0,400.0,18.0
CLINCH VALLEY MEDICAL CENTER,490060,VA,READM-30-PN-HRRP,176.0,0.9624,25,H_HSP_RATING_STAR_RATING,Overall hospital rating - star rating,Overall hospital rating - star rating,4.0,400.0,18.0
CLINCH VALLEY MEDICAL CENTER,490060,VA,READM-30-PN-HRRP,176.0,0.9624,25,H_RECMND_STAR_RATING,Recommend hospital - star rating,Recommend hospital - star rating,4.0,400.0,18.0
CLINCH VALLEY MEDICAL CENTER,490060,VA,READM-30-PN-HRRP,176.0,0.9624,25,H_STAR_RATING,Summary star rating,Summary star rating,4.0,400.0,18.0
CLINCH VALLEY MEDICAL CENTER,490060,VA,READM-30-HF-HRRP,130.0,1.0141,27,H_COMP_1_STAR_RATING,Nurse communication - star rating,Nurse communication - star rating,5.0,400.0,18.0
CLINCH VALLEY MEDICAL CENTER,490060,VA,READM-30-HF-HRRP,130.0,1.0141,27,H_COMP_2_STAR_RATING,Doctor communication - star rating,Doctor communication - star rating,4.0,400.0,18.0
CLINCH VALLEY MEDICAL CENTER,490060,VA,READM-30-HF-HRRP,130.0,1.0141,27,H_COMP_5_STAR_RATING,Communication about medicines - star rating,Communication about medicines - star rating,3.0,400.0,18.0
CLINCH VALLEY MEDICAL CENTER,490060,VA,READM-30-HF-HRRP,130.0,1.0141,27,H_COMP_6_STAR_RATING,Discharge information - star rating,Discharge information - star rating,4.0,400.0,18.0
CLINCH VALLEY MEDICAL CENTER,490060,VA,READM-30-HF-HRRP,130.0,1.0141,27,H_CLEAN_STAR_RATING,Cleanliness - star rating,Cleanliness - star rating,4.0,400.0,18.0
CLINCH VALLEY MEDICAL CENTER,490060,VA,READM-30-HF-HRRP,130.0,1.0141,27,H_QUIET_STAR_RATING,Quietness - star rating,Quietness - star rating,4.0,400.0,18.0
CLINCH VALLEY MEDICAL CENTER,490060,VA,READM-30-HF-HRRP,130.0,1.0141,27,H_HSP_RATING_STAR_RATING,Overall hospital rating - star rating,Overall hospital rating - star rating,4.0,400.0,18.0
CLINCH VALLEY MEDICAL CENTER,490060,VA,READM-30-HF-HRRP,130.0,1.0141,27,H_RECMND_STAR_RATING,Recommend hospital - star rating,Recommend hospital - star rating,4.0,400.0,18.0
CLINCH VALLEY MEDICAL CENTER,490060,VA,READM-30-HF-HRRP,130.0,1.0141,27,H_STAR_RATING,Summary star rating,Summary star rating,4.0,400.0,18.0
CLINCH VALLEY MEDICAL CENTER,490060,VA,READM-30-COPD-HRRP,52.0,1.0166,11,H_COMP_1_STAR_RATING,Nurse communication - star rating,Nurse communication - star rating,5.0,400.0,18.0
CLINCH VALLEY MEDICAL CENTER,490060,VA,READM-30-COPD-HRRP,52.0,1.0166,11,H_COMP_2_STAR_RATING,Doctor communication - star rating,Doctor communication - star rating,4.0,400.0,18.0
CLINCH VALLEY MEDICAL CENTER,490060,VA,READM-30-COPD-HRRP,52.0,1.0166,11,H_COMP_5_STAR_RATING,Communication about medicines - star rating,Communication about medicines - star rating,3.0,400.0,18.0
CLINCH VALLEY MEDICAL CENTER,490060,VA,READM-30-COPD-HRRP,52.0,1.0166,11,H_COMP_6_STAR_RATING,Discharge information - star rating,Discharge information - star rating,4.0,400.0,18.0
CLINCH VALLEY MEDICAL CENTER,490060,VA,READM-30-COPD-HRRP,52.0,1.0166,11,H_CLEAN_STAR_RATING,Cleanliness - star rating,Cleanliness - star rating,4.0,400.0,18.0
CLINCH VALLEY MEDICAL CENTER,490060,VA,READM-30-COPD-HRRP,52.0,1.0166,11,H_QUIET_STAR_RATING,Quietness - star rating,Quietness - star rating,4.0,400.0,18.0
CLINCH VALLEY MEDICAL CENTER,490060,VA,READM-30-COPD-HRRP,52.0,1.0166,11,H_HSP_RATING_STAR_RATING,Overall hospital rating - star rating,Overall hospital rating - star rating,4.0,400.0,18.0
CLINCH VALLEY MEDICAL CENTER,490060,VA,READM-30-COPD-HRRP,52.0,1.0166,11,H_RECMND_STAR_RATING,Recommend hospital - star rating,Recommend hospital - star rating,4.0,400.0,18.0
CLINCH VALLEY MEDICAL CENTER,490060,VA,READM-30-COPD-HRRP,52.0,1.0166,11,H_STAR_RATING,Summary star rating,Summary star rating,4.0,400.0,18.0
INOVA FAIRFAX HOSPITAL,490063,VA,READM-30-PN-HRRP,1128.0,1.0514,191,H_COMP_1_STAR_RATING,Nurse communication - star rating,Nurse communication - star rating,3.0,717.0,19.0
INOVA FAIRFAX HOSPITAL,490063,VA,READM-30-PN-HRRP,1128.0,1.0514,191,H_COMP_2_STAR_RATING,Doctor communication - star rating,Doctor communication - star rating,3.0,717.0,19.0
INOVA FAIRFAX HOSPITAL,490063,VA,READM-30-PN-HRRP,1128.0,1.0514,191,H_COMP_5_STAR_RATING,Communication about medicines - star rating,Communication about medicines - star rating,2.0,717.0,19.0
INOVA FAIRFAX HOSPITAL,490063,VA,READM-30-PN-HRRP,1128.0,1.0514,191,H_COMP_6_STAR_RATING,Discharge information - star rating,Discharge information - star rating,4.0,717.0,19.0
INOVA FAIRFAX HOSPITAL,490063,VA,READM-30-PN-HRRP,1128.0,1.0514,191,H_CLEAN_STAR_RATING,Cleanliness - star rating,Cleanliness - star rating,4.0,717.0,19.0
INOVA FAIRFAX HOSPITAL,490063,VA,READM-30-PN-HRRP,1128.0,1.0514,191,H_QUIET_STAR_RATING,Quietness - star rating,Quietness - star rating,4.0,717.0,19.0
INOVA FAIRFAX HOSPITAL,490063,VA,READM-30-PN-HRRP,1128.0,1.0514,191,H_HSP_RATING_STAR_RATING,Overall hospital rating - star rating,Overall hospital rating - star rating,4.0,717.0,19.0
INOVA FAIRFAX HOSPITAL,490063,VA,READM-30-PN-HRRP,1128.0,1.0514,191,H_RECMND_STAR_RATING,Recommend hospital - star rating,Recommend hospital - star rating,5.0,717.0,19.0
INOVA FAIRFAX HOSPITAL,490063,VA,READM-30-PN-HRRP,1128.0,1.0514,191,H_STAR_RATING,Summary star rating,Summary star rating,3.0,717.0,19.0
INOVA FAIRFAX HOSPITAL,490063,VA,READM-30-HF-HRRP,1615.0,0.9418,298,H_COMP_1_STAR_RATING,Nurse communication - star rating,Nurse communication - star rating,3.0,717.0,19.0
INOVA FAIRFAX HOSPITAL,490063,VA,READM-30-HF-HRRP,1615.0,0.9418,298,H_COMP_2_STAR_RATING,Doctor communication - star rating,Doctor communication - star rating,3.0,717.0,19.0
INOVA FAIRFAX HOSPITAL,490063,VA,READM-30-HF-HRRP,1615.0,0.9418,298,H_COMP_5_STAR_RATING,Communication about medicines - star rating,Communication about medicines - star rating,2.0,717.0,19.0
INOVA FAIRFAX HOSPITAL,490063,VA,READM-30-HF-HRRP,1615.0,0.9418,298,H_COMP_6_STAR_RATING,Discharge information - star rating,Discharge information - star rating,4.0,717.0,19.0
INOVA FAIRFAX HOSPITAL,490063,VA,READM-30-HF-HRRP,1615.0,0.9418,298,H_CLEAN_STAR_RATING,Cleanliness - star rating,Cleanliness - star rating,4.0,717.0,19.0
INOVA FAIRFAX HOSPITAL,490063,VA,READM-30-HF-HRRP,1615.0,0.9418,298,H_QUIET_STAR_RATING,Quietness - star rating,Quietness - star rating,4.0,717.0,19.0
INOVA FAIRFAX HOSPITAL,490063,VA,READM-30-HF-HRRP,1615.0,0.9418,298,H_HSP_RATING_STAR_RATING,Overall hospital rating - star rating,Overall hospital rating - star rating,4.0,717.0,19.0
INOVA FAIRFAX HOSPITAL,490063,VA,READM-30-HF-HRRP,1615.0,0.9418,298,H_RECMND_STAR_RATING,Recommend hospital - star rating,Recommend hospital - star rating,5.0,717.0,19.0
INOVA FAIRFAX HOSPITAL,490063,VA,READM-30-HF-HRRP,1615.0,0.9418,298,H_STAR_RATING,Summary star rating,Summary star rating,3.0,717.0,19.0
INOVA FAIRFAX HOSPITAL,490063,VA,READM-30-COPD-HRRP,232.0,0.8871,28,H_COMP_1_STAR_RATING,Nurse communication - star rating,Nurse communication - star rating,3.0,717.0,19.0
INOVA FAIRFAX HOSPITAL,490063,VA,READM-30-COPD-HRRP,232.0,0.8871,28,H_COMP_2_STAR_RATING,Doctor communication - star rating,Doctor communication - star rating,3.0,717.0,19.0
INOVA FAIRFAX HOSPITAL,490063,VA,READM-30-COPD-HRRP,232.0,0.8871,28,H_COMP_5_STAR_RATING,Communication about medicines - star rating,Communication about medicines - star rating,2.0,717.0,19.0
INOVA FAIRFAX HOSPITAL,490063,VA,READM-30-COPD-HRRP,232.0,0.8871,28,H_COMP_6_STAR_RATING,Discharge information - star rating,Discharge information - star rating,4.0,717.0,19.0
INOVA FAIRFAX HOSPITAL,490063,VA,READM-30-COPD-HRRP,232.0,0.8871,28,H_CLEAN_STAR_RATING,Cleanliness - star rating,Cleanliness - star rating,4.0,717.0,19.0
INOVA FAIRFAX HOSPITAL,490063,VA,READM-30-COPD-HRRP,232.0,0.8871,28,H_QUIET_STAR_RATING,Quietness - star rating,Quietness - star rating,4.0,717.0,19.0
INOVA FAIRFAX HOSPITAL,490063,VA,READM-30-COPD-HRRP,232.0,0.8871,28,H_HSP_RATING_STAR_RATING,Overall hospital rating - star rating,Overall hospital rating - star rating,4.0,717.0,19.0
INOVA FAIRFAX HOSPITAL,490063,VA,READM-30-COPD-HRRP,232.0,0.8871,28,H_RECMND_STAR_RATING,Recommend hospital - star rating,Recommend hospital - star rating,5.0,717.0,19.0
INOVA FAIRFAX HOSPITAL,490063,VA,READM-30-COPD-HRRP,232.0,0.8871,28,H_STAR_RATING,Summary star rating,Summary star rating,3.0,717.0,19.0
INOVA FAIRFAX HOSPITAL,490063,VA,READM-30-CABG-HRRP,360.0,0.908,30,H_COMP_1_STAR_RATING,Nurse communication - star rating,Nurse communication - star rating,3.0,717.0,19.0
INOVA FAIRFAX HOSPITAL,490063,VA,READM-30-CABG-HRRP,360.0,0.908,30,H_COMP_2_STAR_RATING,Doctor communication - star rating,Doctor communication - star rating,3.0,717.0,19.0
INOVA FAIRFAX HOSPITAL,490063,VA,READM-30-CABG-HRRP,360.0,0.908,30,H_COMP_5_STAR_RATING,Communication about medicines - star rating,Communication about medicines - star rating,2.0,717.0,19.0
INOVA FAIRFAX HOSPITAL,490063,VA,READM-30-CABG-HRRP,360.0,0.908,30,H_COMP_6_STAR_RATING,Discharge information - star rating,Discharge information - star rating,4.0,717.0,19.0
INOVA FAIRFAX HOSPITAL,490063,VA,READM-30-CABG-HRRP,360.0,0.908,30,H_CLEAN_STAR_RATING,Cleanliness - star rating,Cleanliness - star rating,4.0,717.0,19.0
INOVA FAIRFAX HOSPITAL,490063,VA,READM-30-CABG-HRRP,360.0,0.908,30,H_QUIET_STAR_RATING,Quietness - star rating,Quietness - star rating,4.0,717.0,19.0
INOVA FAIRFAX HOSPITAL,490063,VA,READM-30-CABG-HRRP,360.0,0.908,30,H_HSP_RATING_STAR_RATING,Overall hospital rating - star rating,Overall hospital rating - star rating,4.0,717.0,19.0
INOVA FAIRFAX HOSPITAL,490063,VA,READM-30-CABG-HRRP,360.0,0.908,30,H_RECMND_STAR_RATING,Recommend hospital - star rating,Recommend hospital - star rating,5.0,717.0,19.0
INOVA FAIRFAX HOSPITAL,490063,VA,READM-30-CABG-HRRP,360.0,0.908,30,H_STAR_RATING,Summary star rating,Summary star rating,3.0,717.0,19.0
INOVA FAIRFAX HOSPITAL,490063,VA,READM-30-AMI-HRRP,556.0,0.9098,61,H_COMP_1_STAR_RATING,Nurse communication - star rating,Nurse communication - star rating,3.0,717.0,19.0
INOVA FAIRFAX HOSPITAL,490063,VA,READM-30-AMI-HRRP,556.0,0.9098,61,H_COMP_2_STAR_RATING,Doctor communication - star rating,Doctor communication - star rating,3.0,717.0,19.0
INOVA FAIRFAX HOSPITAL,490063,VA,READM-30-AMI-HRRP,556.0,0.9098,61,H_COMP_5_STAR_RATING,Communication about medicines - star rating,Communication about medicines - star rating,2.0,717.0,19.0
INOVA FAIRFAX HOSPITAL,490063,VA,READM-30-AMI-HRRP,556.0,0.9098,61,H_COMP_6_STAR_RATING,Discharge information - star rating,Discharge information - star rating,4.0,717.0,19.0
INOVA FAIRFAX HOSPITAL,490063,VA,READM-30-AMI-HRRP,556.0,0.9098,61,H_CLEAN_STAR_RATING,Cleanliness - star rating,Cleanliness - star rating,4.0,717.0,19.0
INOVA FAIRFAX HOSPITAL,490063,VA,READM-30-AMI-HRRP,556.0,0.9098,61,H_QUIET_STAR_RATING,Quietness - star rating,Quietness - star rating,4.0,717.0,19.0
INOVA FAIRFAX HOSPITAL,490063,VA,READM-30-AMI-HRRP,556.0,0.9098,61,H_HSP_RATING_STAR_RATING,Overall hospital rating - star rating,Overall hospital rating - star rating,4.0,717.0,19.0
INOVA FAIRFAX HOSPITAL,490063,VA,READM-30-AMI-HRRP,556.0,0.9098,61,H_RECMND_STAR_RATING,Recommend hospital - star rating,Recommend hospital - star rating,5.0,717.0,19.0
INOVA FAIRFAX HOSPITAL,490063,VA,READM-30-AMI-HRRP,556.0,0.9098,61,H_STAR_RATING,Summary star rating,Summary star rating,3.0,717.0,19.0
SENTARA WILLIAMSBURG REGIONAL MEDICAL CENTER,490066,VA,READM-30-PN-HRRP,372.0,1.0178,60,H_COMP_1_STAR_RATING,Nurse communication - star rating,Nurse communication - star rating,5.0,812.0,27.0
SENTARA WILLIAMSBURG REGIONAL MEDICAL CENTER,490066,VA,READM-30-PN-HRRP,372.0,1.0178,60,H_COMP_2_STAR_RATING,Doctor communication - star rating,Doctor communication - star rating,4.0,812.0,27.0
SENTARA WILLIAMSBURG REGIONAL MEDICAL CENTER,490066,VA,READM-30-PN-HRRP,372.0,1.0178,60,H_COMP_5_STAR_RATING,Communication about medicines - star rating,Communication about medicines - star rating,3.0,812.0,27.0
SENTARA WILLIAMSBURG REGIONAL MEDICAL CENTER,490066,VA,READM-30-PN-HRRP,372.0,1.0178,60,H_COMP_6_STAR_RATING,Discharge information - star rating,Discharge information - star rating,4.0,812.0,27.0
SENTARA WILLIAMSBURG REGIONAL MEDICAL CENTER,490066,VA,READM-30-PN-HRRP,372.0,1.0178,60,H_CLEAN_STAR_RATING,Cleanliness - star rating,Cleanliness - star rating,4.0,812.0,27.0
SENTARA WILLIAMSBURG REGIONAL MEDICAL CENTER,490066,VA,READM-30-PN-HRRP,372.0,1.0178,60,H_QUIET_STAR_RATING,Quietness - star rating,Quietness - star rating,3.0,812.0,27.0
SENTARA WILLIAMSBURG REGIONAL MEDICAL CENTER,490066,VA,READM-30-PN-HRRP,372.0,1.0178,60,H_HSP_RATING_STAR_RATING,Overall hospital rating - star rating,Overall hospital rating - star rating,4.0,812.0,27.0
SENTARA WILLIAMSBURG REGIONAL MEDICAL CENTER,490066,VA,READM-30-PN-HRRP,372.0,1.0178,60,H_RECMND_STAR_RATING,Recommend hospital - star rating,Recommend hospital - star rating,5.0,812.0,27.0
SENTARA WILLIAMSBURG REGIONAL MEDICAL CENTER,490066,VA,READM-30-PN-HRRP,372.0,1.0178,60,H_STAR_RATING,Summary star rating,Summary star rating,4.0,812.0,27.0
SENTARA WILLIAMSBURG REGIONAL MEDICAL CENTER,490066,VA,READM-30-HF-HRRP,454.0,0.8653,63,H_COMP_1_STAR_RATING,Nurse communication - star rating,Nurse communication - star rating,5.0,812.0,27.0
SENTARA WILLIAMSBURG REGIONAL MEDICAL CENTER,490066,VA,READM-30-HF-HRRP,454.0,0.8653,63,H_COMP_2_STAR_RATING,Doctor communication - star rating,Doctor communication - star rating,4.0,812.0,27.0
SENTARA WILLIAMSBURG REGIONAL MEDICAL CENTER,490066,VA,READM-30-HF-HRRP,454.0,0.8653,63,H_COMP_5_STAR_RATING,Communication about medicines - star rating,Communication about medicines - star rating,3.0,812.0,27.0
SENTARA WILLIAMSBURG REGIONAL MEDICAL CENTER,490066,VA,READM-30-HF-HRRP,454.0,0.8653,63,H_COMP_6_STAR_RATING,Discharge information - star rating,Discharge information - star rating,4.0,812.0,27.0
SENTARA WILLIAMSBURG REGIONAL MEDICAL CENTER,490066,VA,READM-30-HF-HRRP,454.0,0.8653,63,H_CLEAN_STAR_RATING,Cleanliness - star rating,Cleanliness - star rating,4.0,812.0,27.0
SENTARA WILLIAMSBURG REGIONAL MEDICAL CENTER,490066,VA,READM-30-HF-HRRP,454.0,0.8653,63,H_QUIET_STAR_RATING,Quietness - star rating,Quietness - star rating,3.0,812.0,27.0
SENTARA WILLIAMSBURG REGIONAL MEDICAL CENTER,490066,VA,READM-30-HF-HRRP,454.0,0.8653,63,H_HSP_RATING_STAR_RATING,Overall hospital rating - star rating,Overall hospital rating - star rating,4.0,812.0,27.0
SENTARA WILLIAMSBURG REGIONAL MEDICAL CENTER,490066,VA,READM-30-HF-HRRP,454.0,0.8653,63,H_RECMND_STAR_RATING,Recommend hospital - star rating,Recommend hospital - star rating,5.0,812.0,27.0
SENTARA WILLIAMSBURG REGIONAL MEDICAL CENTER,490066,VA,READM-30-HF-HRRP,454.0,0.8653,63,H_STAR_RATING,Summary star rating,Summary star rating,4.0,812.0,27.0
SENTARA WILLIAMSBURG REGIONAL MEDICAL CENTER,490066,VA,READM-30-COPD-HRRP,98.0,1.0162,19,H_COMP_1_STAR_RATING,Nurse communication - star rating,Nurse communication - star rating,5.0,812.0,27.0
SENTARA WILLIAMSBURG REGIONAL MEDICAL CENTER,490066,VA,READM-30-COPD-HRRP,98.0,1.0162,19,H_COMP_2_STAR_RATING,Doctor communication - star rating,Doctor communication - star rating,4.0,812.0,27.0
SENTARA WILLIAMSBURG REGIONAL MEDICAL CENTER,490066,VA,READM-30-COPD-HRRP,98.0,1.0162,19,H_COMP_5_STAR_RATING,Communication about medicines - star rating,Communication about medicines - star rating,3.0,812.0,27.0
SENTARA WILLIAMSBURG REGIONAL MEDICAL CENTER,490066,VA,READM-30-COPD-HRRP,98.0,1.0162,19,H_COMP_6_STAR_RATING,Discharge information - star rating,Discharge information - star rating,4.0,812.0,27.0
SENTARA WILLIAMSBURG REGIONAL MEDICAL CENTER,490066,VA,READM-30-COPD-HRRP,98.0,1.0162,19,H_CLEAN_STAR_RATING,Cleanliness - star rating,Cleanliness - star rating,4.0,812.0,27.0
SENTARA WILLIAMSBURG REGIONAL MEDICAL CENTER,490066,VA,READM-30-COPD-HRRP,98.0,1.0162,19,H_QUIET_STAR_RATING,Quietness - star rating,Quietness - star rating,3.0,812.0,27.0
SENTARA WILLIAMSBURG REGIONAL MEDICAL CENTER,490066,VA,READM-30-COPD-HRRP,98.0,1.0162,19,H_HSP_RATING_STAR_RATING,Overall hospital rating - star rating,Overall hospital rating - star rating,4.0,812.0,27.0
SENTARA WILLIAMSBURG REGIONAL MEDICAL CENTER,490066,VA,READM-30-COPD-HRRP,98.0,1.0162,19,H_RECMND_STAR_RATING,Recommend hospital - star rating,Recommend hospital - star rating,5.0,812.0,27.0
SENTARA WILLIAMSBURG REGIONAL MEDICAL CENTER,490066,VA,READM-30-COPD-HRRP,98.0,1.0162,19,H_STAR_RATING,Summary star rating,Summary star rating,4.0,812.0,27.0
SENTARA WILLIAMSBURG REGIONAL MEDICAL CENTER,490066,VA,READM-30-AMI-HRRP,163.0,1.0197,22,H_COMP_1_STAR_RATING,Nurse communication - star rating,Nurse communication - star rating,5.0,812.0,27.0
SENTARA WILLIAMSBURG REGIONAL MEDICAL CENTER,490066,VA,READM-30-AMI-HRRP,163.0,1.0197,22,H_COMP_2_STAR_RATING,Doctor communication - star rating,Doctor communication - star rating,4.0,812.0,27.0
SENTARA WILLIAMSBURG REGIONAL MEDICAL CENTER,490066,VA,READM-30-AMI-HRRP,163.0,1.0197,22,H_COMP_5_STAR_RATING,Communication about medicines - star rating,Communication about medicines - star rating,3.0,812.0,27.0
SENTARA WILLIAMSBURG REGIONAL MEDICAL CENTER,490066,VA,READM-30-AMI-HRRP,163.0,1.0197,22,H_COMP_6_STAR_RATING,Discharge information - star rating,Discharge information - star rating,4.0,812.0,27.0
SENTARA WILLIAMSBURG REGIONAL MEDICAL CENTER,490066,VA,READM-30-AMI-HRRP,163.0,1.0197,22,H_CLEAN_STAR_RATING,Cleanliness - star rating,Cleanliness - star rating,4.0,812.0,27.0
SENTARA WILLIAMSBURG REGIONAL MEDICAL CENTER,490066,VA,READM-30-AMI-HRRP,163.0,1.0197,22,H_QUIET_STAR_RATING,Quietness - star rating,Quietness - star rating,3.0,812.0,27.0
SENTARA WILLIAMSBURG REGIONAL MEDICAL CENTER,490066,VA,READM-30-AMI-HRRP,163.0,1.0197,22,H_HSP_RATING_STAR_RATING,Overall hospital rating - star rating,Overall hospital rating - star rating,4.0,812.0,27.0
SENTARA WILLIAMSBURG REGIONAL MEDICAL CENTER,490066,VA,READM-30-AMI-HRRP,163.0,1.0197,22,H_RECMND_STAR_RATING,Recommend hospital - star rating,Recommend hospital - star rating,5.0,812.0,27.0
SENTARA WILLIAMSBURG REGIONAL MEDICAL CENTER,490066,VA,READM-30-AMI-HRRP,163.0,1.0197,22,H_STAR_RATING,Summary star rating,Summary star rating,4.0,812.0,27.0
BON SECOURS SOUTHSIDE MEDICAL CENTER,490067,VA,READM-30-PN-HRRP,463.0,1.1279,93,H_COMP_1_STAR_RATING,Nurse communication - star rating,Nurse communication - star rating,3.0,846.0,15.0
BON SECOURS SOUTHSIDE MEDICAL CENTER,490067,VA,READM-30-PN-HRRP,463.0,1.1279,93,H_COMP_2_STAR_RATING,Doctor communication - star rating,Doctor communication - star rating,2.0,846.0,15.0
BON SECOURS SOUTHSIDE MEDICAL CENTER,490067,VA,READM-30-PN-HRRP,463.0,1.1279,93,H_COMP_5_STAR_RATING,Communication about medicines - star rating,Communication about medicines - star rating,2.0,846.0,15.0
BON SECOURS SOUTHSIDE MEDICAL CENTER,490067,VA,READM-30-PN-HRRP,463.0,1.1279,93,H_COMP_6_STAR_RATING,Discharge information - star rating,Discharge information - star rating,3.0,846.0,15.0
BON SECOURS SOUTHSIDE MEDICAL CENTER,490067,VA,READM-30-PN-HRRP,463.0,1.1279,93,H_CLEAN_STAR_RATING,Cleanliness - star rating,Cleanliness - star rating,3.0,846.0,15.0
BON SECOURS SOUTHSIDE MEDICAL CENTER,490067,VA,READM-30-PN-HRRP,463.0,1.1279,93,H_QUIET_STAR_RATING,Quietness - star rating,Quietness - star rating,3.0,846.0,15.0
BON SECOURS SOUTHSIDE MEDICAL CENTER,490067,VA,READM-30-PN-HRRP,463.0,1.1279,93,H_HSP_RATING_STAR_RATING,Overall hospital rating - star rating,Overall hospital rating - star rating,3.0,846.0,15.0
BON SECOURS SOUTHSIDE MEDICAL CENTER,490067,VA,READM-30-PN-HRRP,463.0,1.1279,93,H_RECMND_STAR_RATING,Recommend hospital - star rating,Recommend hospital - star rating,2.0,846.0,15.0
BON SECOURS SOUTHSIDE MEDICAL CENTER,490067,VA,READM-30-PN-HRRP,463.0,1.1279,93,H_STAR_RATING,Summary star rating,Summary star rating,3.0,846.0,15.0
BON SECOURS SOUTHSIDE MEDICAL CENTER,490067,VA,READM-30-HF-HRRP,571.0,1.1022,131,H_COMP_1_STAR_RATING,Nurse communication - star rating,Nurse communication - star rating,3.0,846.0,15.0
BON SECOURS SOUTHSIDE MEDICAL CENTER,490067,VA,READM-30-HF-HRRP,571.0,1.1022,131,H_COMP_2_STAR_RATING,Doctor communication - star rating,Doctor communication - star rating,2.0,846.0,15.0
BON SECOURS SOUTHSIDE MEDICAL CENTER,490067,VA,READM-30-HF-HRRP,571.0,1.1022,131,H_COMP_5_STAR_RATING,Communication about medicines - star rating,Communication about medicines - star rating,2.0,846.0,15.0
BON SECOURS SOUTHSIDE MEDICAL CENTER,490067,VA,READM-30-HF-HRRP,571.0,1.1022,131,H_COMP_6_STAR_RATING,Discharge information - star rating,Discharge information - star rating,3.0,846.0,15.0
BON SECOURS SOUTHSIDE MEDICAL CENTER,490067,VA,READM-30-HF-HRRP,571.0,1.1022,131,H_CLEAN_STAR_RATING,Cleanliness - star rating,Cleanliness - star rating,3.0,846.0,15.0
BON SECOURS SOUTHSIDE MEDICAL CENTER,490067,VA,READM-30-HF-HRRP,571.0,1.1022,131,H_QUIET_STAR_RATING,Quietness - star rating,Quietness - star rating,3.0,846.0,15.0
BON SECOURS SOUTHSIDE MEDICAL CENTER,490067,VA,READM-30-HF-HRRP,571.0,1.1022,131,H_HSP_RATING_STAR_RATING,Overall hospital rating - star rating,Overall hospital rating - star rating,3.0,846.0,15.0
BON SECOURS SOUTHSIDE MEDICAL CENTER,490067,VA,READM-30-HF-HRRP,571.0,1.1022,131,H_RECMND_STAR_RATING,Recommend hospital - star rating,Recommend hospital - star rating,2.0,846.0,15.0
BON SECOURS SOUTHSIDE MEDICAL CENTER,490067,VA,READM-30-HF-HRRP,571.0,1.1022,131,H_STAR_RATING,Summary star rating,Summary star rating,3.0,846.0,15.0
BON SECOURS SOUTHSIDE MEDICAL CENTER,490067,VA,READM-30-COPD-HRRP,174.0,0.9783,30,H_COMP_1_STAR_RATING,Nurse communication - star rating,Nurse communication - star rating,3.0,846.0,15.0
BON SECOURS SOUTHSIDE MEDICAL CENTER,490067,VA,READM-30-COPD-HRRP,174.0,0.9783,30,H_COMP_2_STAR_RATING,Doctor communication - star rating,Doctor communication - star rating,2.0,846.0,15.0
BON SECOURS SOUTHSIDE MEDICAL CENTER,490067,VA,READM-30-COPD-HRRP,174.0,0.9783,30,H_COMP_5_STAR_RATING,Communication about medicines - star rating,Communication about medicines - star rating,2.0,846.0,15.0
BON SECOURS SOUTHSIDE MEDICAL CENTER,490067,VA,READM-30-COPD-HRRP,174.0,0.9783,30,H_COMP_6_STAR_RATING,Discharge information - star rating,Discharge information - star rating,3.0,846.0,15.0
BON SECOURS SOUTHSIDE MEDICAL CENTER,490067,VA,READM-30-COPD-HRRP,174.0,0.9783,30,H_CLEAN_STAR_RATING,Cleanliness - star rating,Cleanliness - star rating,3.0,846.0,15.0
BON SECOURS SOUTHSIDE MEDICAL CENTER,490067,VA,READM-30-COPD-HRRP,174.0,0.9783,30,H_QUIET_STAR_RATING,Quietness - star rating,Quietness - star rating,3.0,846.0,15.0
BON SECOURS SOUTHSIDE MEDICAL CENTER,490067,VA,READM-30-COPD-HRRP,174.0,0.9783,30,H_HSP_RATING_STAR_RATING,Overall hospital rating - star rating,Overall hospital rating - star rating,3.0,846.0,15.0
BON SECOURS SOUTHSIDE MEDICAL CENTER,490067,VA,READM-30-COPD-HRRP,174.0,0.9783,30,H_RECMND_STAR_RATING,Recommend hospital - star rating,Recommend hospital - star rating,2.0,846.0,15.0
BON SECOURS SOUTHSIDE MEDICAL CENTER,490067,VA,READM-30-COPD-HRRP,174.0,0.9783,30,H_STAR_RATING,Summary star rating,Summary star rating,3.0,846.0,15.0
BON SECOURS SOUTHSIDE MEDICAL CENTER,490067,VA,READM-30-AMI-HRRP,234.0,0.9944,33,H_COMP_1_STAR_RATING,Nurse communication - star rating,Nurse communication - star rating,3.0,846.0,15.0
BON SECOURS SOUTHSIDE MEDICAL CENTER,490067,VA,READM-30-AMI-HRRP,234.0,0.9944,33,H_COMP_2_STAR_RATING,Doctor communication - star rating,Doctor communication - star rating,2.0,846.0,15.0
BON SECOURS SOUTHSIDE MEDICAL CENTER,490067,VA,READM-30-AMI-HRRP,234.0,0.9944,33,H_COMP_5_STAR_RATING,Communication about medicines - star rating,Communication about medicines - star rating,2.0,846.0,15.0
BON SECOURS SOUTHSIDE MEDICAL CENTER,490067,VA,READM-30-AMI-HRRP,234.0,0.9944,33,H_COMP_6_STAR_RATING,Discharge information - star rating,Discharge information - star rating,3.0,846.0,15.0
BON SECOURS SOUTHSIDE MEDICAL CENTER,490067,VA,READM-30-AMI-HRRP,234.0,0.9944,33,H_CLEAN_STAR_RATING,Cleanliness - star rating,Cleanliness - star rating,3.0,846.0,15.0
BON SECOURS SOUTHSIDE MEDICAL CENTER,490067,VA,READM-30-AMI-HRRP,234.0,0.9944,33,H_QUIET_STAR_RATING,Quietness - star rating,Quietness - star rating,3.0,846.0,15.0
BON SECOURS SOUTHSIDE MEDICAL CENTER,490067,VA,READM-30-AMI-HRRP,234.0,0.9944,33,H_HSP_RATING_STAR_RATING,Overall hospital rating - star rating,Overall hospital rating - star rating,3.0,846.0,15.0
BON SECOURS SOUTHSIDE MEDICAL CENTER,490067,VA,READM-30-AMI-HRRP,234.0,0.9944,33,H_RECMND_STAR_RATING,Recommend hospital - star rating,Recommend hospital - star rating,2.0,846.0,15.0
BON SECOURS SOUTHSIDE MEDICAL CENTER,490067,VA,READM-30-AMI-HRRP,234.0,0.9944,33,H_STAR_RATING,Summary star rating,Summary star rating,3.0,846.0,15.0
BON SECOURS MEMORIAL REGIONAL MEDICAL CENTER,490069,VA,READM-30-PN-HRRP,506.0,0.9585,72,H_COMP_1_STAR_RATING,Nurse communication - star rating,Nurse communication - star rating,3.0,1319.0,21.0
BON SECOURS MEMORIAL REGIONAL MEDICAL CENTER,490069,VA,READM-30-PN-HRRP,506.0,0.9585,72,H_COMP_2_STAR_RATING,Doctor communication - star rating,Doctor communication - star rating,2.0,1319.0,21.0
BON SECOURS MEMORIAL REGIONAL MEDICAL CENTER,490069,VA,READM-30-PN-HRRP,506.0,0.9585,72,H_COMP_5_STAR_RATING,Communication about medicines - star rating,Communication about medicines - star rating,2.0,1319.0,21.0
BON SECOURS MEMORIAL REGIONAL MEDICAL CENTER,490069,VA,READM-30-PN-HRRP,506.0,0.9585,72,H_COMP_6_STAR_RATING,Discharge information - star rating,Discharge information - star rating,3.0,1319.0,21.0
BON SECOURS MEMORIAL REGIONAL MEDICAL CENTER,490069,VA,READM-30-PN-HRRP,506.0,0.9585,72,H_CLEAN_STAR_RATING,Cleanliness - star rating,Cleanliness - star rating,2.0,1319.0,21.0
BON SECOURS MEMORIAL REGIONAL MEDICAL CENTER,490069,VA,READM-30-PN-HRRP,506.0,0.9585,72,H_QUIET_STAR_RATING,Quietness - star rating,Quietness - star rating,2.0,1319.0,21.0
BON SECOURS MEMORIAL REGIONAL MEDICAL CENTER,490069,VA,READM-30-PN-HRRP,506.0,0.9585,72,H_HSP_RATING_STAR_RATING,Overall hospital rating - star rating,Overall hospital rating - star rating,3.0,1319.0,21.0
BON SECOURS MEMORIAL REGIONAL MEDICAL CENTER,490069,VA,READM-30-PN-HRRP,506.0,0.9585,72,H_RECMND_STAR_RATING,Recommend hospital - star rating,Recommend hospital - star rating,3.0,1319.0,21.0
BON SECOURS MEMORIAL REGIONAL MEDICAL CENTER,490069,VA,READM-30-PN-HRRP,506.0,0.9585,72,H_STAR_RATING,Summary star rating,Summary star rating,3.0,1319.0,21.0
BON SECOURS MEMORIAL REGIONAL MEDICAL CENTER,490069,VA,READM-30-HIP-KNEE-HRRP,243.0,0.907,11,H_COMP_1_STAR_RATING,Nurse communication - star rating,Nurse communication - star rating,3.0,1319.0,21.0
BON SECOURS MEMORIAL REGIONAL MEDICAL CENTER,490069,VA,READM-30-HIP-KNEE-HRRP,243.0,0.907,11,H_COMP_2_STAR_RATING,Doctor communication - star rating,Doctor communication - star rating,2.0,1319.0,21.0
BON SECOURS MEMORIAL REGIONAL MEDICAL CENTER,490069,VA,READM-30-HIP-KNEE-HRRP,243.0,0.907,11,H_COMP_5_STAR_RATING,Communication about medicines - star rating,Communication about medicines - star rating,2.0,1319.0,21.0
BON SECOURS MEMORIAL REGIONAL MEDICAL CENTER,490069,VA,READM-30-HIP-KNEE-HRRP,243.0,0.907,11,H_COMP_6_STAR_RATING,Discharge information - star rating,Discharge information - star rating,3.0,1319.0,21.0
BON SECOURS MEMORIAL REGIONAL MEDICAL CENTER,490069,VA,READM-30-HIP-KNEE-HRRP,243.0,0.907,11,H_CLEAN_STAR_RATING,Cleanliness - star rating,Cleanliness - star rating,2.0,1319.0,21.0
BON SECOURS MEMORIAL REGIONAL MEDICAL CENTER,490069,VA,READM-30-HIP-KNEE-HRRP,243.0,0.907,11,H_QUIET_STAR_RATING,Quietness - star rating,Quietness - star rating,2.0,1319.0,21.0
BON SECOURS MEMORIAL REGIONAL MEDICAL CENTER,490069,VA,READM-30-HIP-KNEE-HRRP,243.0,0.907,11,H_HSP_RATING_STAR_RATING,Overall hospital rating - star rating,Overall hospital rating - star rating,3.0,1319.0,21.0
BON SECOURS MEMORIAL REGIONAL MEDICAL CENTER,490069,VA,READM-30-HIP-KNEE-HRRP,243.0,0.907,11,H_RECMND_STAR_RATING,Recommend hospital - star rating,Recommend hospital - star rating,3.0,1319.0,21.0
BON SECOURS MEMORIAL REGIONAL MEDICAL CENTER,490069,VA,READM-30-HIP-KNEE-HRRP,243.0,0.907,11,H_STAR_RATING,Summary star rating,Summary star rating,3.0,1319.0,21.0
BON SECOURS MEMORIAL REGIONAL MEDICAL CENTER,490069,VA,READM-30-HF-HRRP,814.0,1.0321,164,H_COMP_1_STAR_RATING,Nurse communication - star rating,Nurse communication - star rating,3.0,1319.0,21.0
BON SECOURS MEMORIAL REGIONAL MEDICAL CENTER,490069,VA,READM-30-HF-HRRP,814.0,1.0321,164,H_COMP_2_STAR_RATING,Doctor communication - star rating,Doctor communication - star rating,2.0,1319.0,21.0
BON SECOURS MEMORIAL REGIONAL MEDICAL CENTER,490069,VA,READM-30-HF-HRRP,814.0,1.0321,164,H_COMP_5_STAR_RATING,Communication about medicines - star rating,Communication about medicines - star rating,2.0,1319.0,21.0
BON SECOURS MEMORIAL REGIONAL MEDICAL CENTER,490069,VA,READM-30-HF-HRRP,814.0,1.0321,164,H_COMP_6_STAR_RATING,Discharge information - star rating,Discharge information - star rating,3.0,1319.0,21.0
BON SECOURS MEMORIAL REGIONAL MEDICAL CENTER,490069,VA,READM-30-HF-HRRP,814.0,1.0321,164,H_CLEAN_STAR_RATING,Cleanliness - star rating,Cleanliness - star rating,2.0,1319.0,21.0
BON SECOURS MEMORIAL REGIONAL MEDICAL CENTER,490069,VA,READM-30-HF-HRRP,814.0,1.0321,164,H_QUIET_STAR_RATING,Quietness - star rating,Quietness - star rating,2.0,1319.0,21.0
BON SECOURS MEMORIAL REGIONAL MEDICAL CENTER,490069,VA,READM-30-HF-HRRP,814.0,1.0321,164,H_HSP_RATING_STAR_RATING,Overall hospital rating - star rating,Overall hospital rating - star rating,3.0,1319.0,21.0
BON SECOURS MEMORIAL REGIONAL MEDICAL CENTER,490069,VA,READM-30-HF-HRRP,814.0,1.0321,164,H_RECMND_STAR_RATING,Recommend hospital - star rating,Recommend hospital - star rating,3.0,1319.0,21.0
BON SECOURS MEMORIAL REGIONAL MEDICAL CENTER,490069,VA,READM-30-HF-HRRP,814.0,1.0321,164,H_STAR_RATING,Summary star rating,Summary star rating,3.0,1319.0,21.0
BON SECOURS MEMORIAL REGIONAL MEDICAL CENTER,490069,VA,READM-30-COPD-HRRP,199.0,1.0111,36,H_COMP_1_STAR_RATING,Nurse communication - star rating,Nurse communication - star rating,3.0,1319.0,21.0
BON SECOURS MEMORIAL REGIONAL MEDICAL CENTER,490069,VA,READM-30-COPD-HRRP,199.0,1.0111,36,H_COMP_2_STAR_RATING,Doctor communication - star rating,Doctor communication - star rating,2.0,1319.0,21.0
BON SECOURS MEMORIAL REGIONAL MEDICAL CENTER,490069,VA,READM-30-COPD-HRRP,199.0,1.0111,36,H_COMP_5_STAR_RATING,Communication about medicines - star rating,Communication about medicines - star rating,2.0,1319.0,21.0
BON SECOURS MEMORIAL REGIONAL MEDICAL CENTER,490069,VA,READM-30-COPD-HRRP,199.0,1.0111,36,H_COMP_6_STAR_RATING,Discharge information - star rating,Discharge information - star rating,3.0,1319.0,21.0
BON SECOURS MEMORIAL REGIONAL MEDICAL CENTER,490069,VA,READM-30-COPD-HRRP,199.0,1.0111,36,H_CLEAN_STAR_RATING,Cleanliness - star rating,Cleanliness - star rating,2.0,1319.0,21.0
BON SECOURS MEMORIAL REGIONAL MEDICAL CENTER,490069,VA,READM-30-COPD-HRRP,199.0,1.0111,36,H_QUIET_STAR_RATING,Quietness - star rating,Quietness - star rating,2.0,1319.0,21.0
BON SECOURS MEMORIAL REGIONAL MEDICAL CENTER,490069,VA,READM-30-COPD-HRRP,199.0,1.0111,36,H_HSP_RATING_STAR_RATING,Overall hospital rating - star rating,Overall hospital rating - star rating,3.0,1319.0,21.0
BON SECOURS MEMORIAL REGIONAL MEDICAL CENTER,490069,VA,READM-30-COPD-HRRP,199.0,1.0111,36,H_RECMND_STAR_RATING,Recommend hospital - star rating,Recommend hospital - star rating,3.0,1319.0,21.0
BON SECOURS MEMORIAL REGIONAL MEDICAL CENTER,490069,VA,READM-30-COPD-HRRP,199.0,1.0111,36,H_STAR_RATING,Summary star rating,Summary star rating,3.0,1319.0,21.0
BON SECOURS MEMORIAL REGIONAL MEDICAL CENTER,490069,VA,READM-30-AMI-HRRP,362.0,0.9836,47,H_COMP_1_STAR_RATING,Nurse communication - star rating,Nurse communication - star rating,3.0,1319.0,21.0
BON SECOURS MEMORIAL REGIONAL MEDICAL CENTER,490069,VA,READM-30-AMI-HRRP,362.0,0.9836,47,H_COMP_2_STAR_RATING,Doctor communication - star rating,Doctor communication - star rating,2.0,1319.0,21.0
BON SECOURS MEMORIAL REGIONAL MEDICAL CENTER,490069,VA,READM-30-AMI-HRRP,362.0,0.9836,47,H_COMP_5_STAR_RATING,Communication about medicines - star rating,Communication about medicines - star rating,2.0,1319.0,21.0
BON SECOURS MEMORIAL REGIONAL MEDICAL CENTER,490069,VA,READM-30-AMI-HRRP,362.0,0.9836,47,H_COMP_6_STAR_RATING,Discharge information - star rating,Discharge information - star rating,3.0,1319.0,21.0
BON SECOURS MEMORIAL REGIONAL MEDICAL CENTER,490069,VA,READM-30-AMI-HRRP,362.0,0.9836,47,H_CLEAN_STAR_RATING,Cleanliness - star rating,Cleanliness - star rating,2.0,1319.0,21.0
BON SECOURS MEMORIAL REGIONAL MEDICAL CENTER,490069,VA,READM-30-AMI-HRRP,362.0,0.9836,47,H_QUIET_STAR_RATING,Quietness - star rating,Quietness - star rating,2.0,1319.0,21.0
BON SECOURS MEMORIAL REGIONAL MEDICAL CENTER,490069,VA,READM-30-AMI-HRRP,362.0,0.9836,47,H_HSP_RATING_STAR_RATING,Overall hospital rating - star rating,Overall hospital rating - star rating,3.0,1319.0,21.0
BON SECOURS MEMORIAL REGIONAL MEDICAL CENTER,490069,VA,READM-30-AMI-HRRP,362.0,0.9836,47,H_RECMND_STAR_RATING,Recommend hospital - star rating,Recommend hospital - star rating,3.0,1319.0,21.0
BON SECOURS MEMORIAL REGIONAL MEDICAL CENTER,490069,VA,READM-30-AMI-HRRP,362.0,0.9836,47,H_STAR_RATING,Summary star rating,Summary star rating,3.0,1319.0,21.0
SOVAH HEALTH DANVILLE,490075,VA,READM-30-PN-HRRP,581.0,0.89,74,H_COMP_1_STAR_RATING,Nurse communication - star rating,Nurse communication - star rating,3.0,838.0,16.0
SOVAH HEALTH DANVILLE,490075,VA,READM-30-PN-HRRP,581.0,0.89,74,H_COMP_2_STAR_RATING,Doctor communication - star rating,Doctor communication - star rating,2.0,838.0,16.0
SOVAH HEALTH DANVILLE,490075,VA,READM-30-PN-HRRP,581.0,0.89,74,H_COMP_5_STAR_RATING,Communication about medicines - star rating,Communication about medicines - star rating,2.0,838.0,16.0
SOVAH HEALTH DANVILLE,490075,VA,READM-30-PN-HRRP,581.0,0.89,74,H_COMP_6_STAR_RATING,Discharge information - star rating,Discharge information - star rating,3.0,838.0,16.0
SOVAH HEALTH DANVILLE,490075,VA,READM-30-PN-HRRP,581.0,0.89,74,H_CLEAN_STAR_RATING,Cleanliness - star rating,Cleanliness - star rating,4.0,838.0,16.0
SOVAH HEALTH DANVILLE,490075,VA,READM-30-PN-HRRP,581.0,0.89,74,H_QUIET_STAR_RATING,Quietness - star rating,Quietness - star rating,3.0,838.0,16.0
SOVAH HEALTH DANVILLE,490075,VA,READM-30-PN-HRRP,581.0,0.89,74,H_HSP_RATING_STAR_RATING,Overall hospital rating - star rating,Overall hospital rating - star rating,2.0,838.0,16.0
SOVAH HEALTH DANVILLE,490075,VA,READM-30-PN-HRRP,581.0,0.89,74,H_RECMND_STAR_RATING,Recommend hospital - star rating,Recommend hospital - star rating,2.0,838.0,16.0
SOVAH HEALTH DANVILLE,490075,VA,READM-30-PN-HRRP,581.0,0.89,74,H_STAR_RATING,Summary star rating,Summary star rating,3.0,838.0,16.0
SOVAH HEALTH DANVILLE,490075,VA,READM-30-HF-HRRP,388.0,1.1005,90,H_COMP_1_STAR_RATING,Nurse communication - star rating,Nurse communication - star rating,3.0,838.0,16.0
SOVAH HEALTH DANVILLE,490075,VA,READM-30-HF-HRRP,388.0,1.1005,90,H_COMP_2_STAR_RATING,Doctor communication - star rating,Doctor communication - star rating,2.0,838.0,16.0
SOVAH HEALTH DANVILLE,490075,VA,READM-30-HF-HRRP,388.0,1.1005,90,H_COMP_5_STAR_RATING,Communication about medicines - star rating,Communication about medicines - star rating,2.0,838.0,16.0
SOVAH HEALTH DANVILLE,490075,VA,READM-30-HF-HRRP,388.0,1.1005,90,H_COMP_6_STAR_RATING,Discharge information - star rating,Discharge information - star rating,3.0,838.0,16.0
SOVAH HEALTH DANVILLE,490075,VA,READM-30-HF-HRRP,388.0,1.1005,90,H_CLEAN_STAR_RATING,Cleanliness - star rating,Cleanliness - star rating,4.0,838.0,16.0
SOVAH HEALTH DANVILLE,490075,VA,READM-30-HF-HRRP,388.0,1.1005,90,H_QUIET_STAR_RATING,Quietness - star rating,Quietness - star rating,3.0,838.0,16.0
SOVAH HEALTH DANVILLE,490075,VA,READM-30-HF-HRRP,388.0,1.1005,90,H_HSP_RATING_STAR_RATING,Overall hospital rating - star rating,Overall hospital rating - star rating,2.0,838.0,16.0
SOVAH HEALTH DANVILLE,490075,VA,READM-30-HF-HRRP,388.0,1.1005,90,H_RECMND_STAR_RATING,Recommend hospital - star rating,Recommend hospital - star rating,2.0,838.0,16.0
SOVAH HEALTH DANVILLE,490075,VA,READM-30-HF-HRRP,388.0,1.1005,90,H_STAR_RATING,Summary star rating,Summary star rating,3.0,838.0,16.0
SOVAH HEALTH DANVILLE,490075,VA,READM-30-COPD-HRRP,194.0,0.8999,23,H_COMP_1_STAR_RATING,Nurse communication - star rating,Nurse communication - star rating,3.0,838.0,16.0
SOVAH HEALTH DANVILLE,490075,VA,READM-30-COPD-HRRP,194.0,0.8999,23,H_COMP_2_STAR_RATING,Doctor communication - star rating,Doctor communication - star rating,2.0,838.0,16.0
SOVAH HEALTH DANVILLE,490075,VA,READM-30-COPD-HRRP,194.0,0.8999,23,H_COMP_5_STAR_RATING,Communication about medicines - star rating,Communication about medicines - star rating,2.0,838.0,16.0
SOVAH HEALTH DANVILLE,490075,VA,READM-30-COPD-HRRP,194.0,0.8999,23,H_COMP_6_STAR_RATING,Discharge information - star rating,Discharge information - star rating,3.0,838.0,16.0
SOVAH HEALTH DANVILLE,490075,VA,READM-30-COPD-HRRP,194.0,0.8999,23,H_CLEAN_STAR_RATING,Cleanliness - star rating,Cleanliness - star rating,4.0,838.0,16.0
SOVAH HEALTH DANVILLE,490075,VA,READM-30-COPD-HRRP,194.0,0.8999,23,H_QUIET_STAR_RATING,Quietness - star rating,Quietness - star rating,3.0,838.0,16.0
SOVAH HEALTH DANVILLE,490075,VA,READM-30-COPD-HRRP,194.0,0.8999,23,H_HSP_RATING_STAR_RATING,Overall hospital rating - star rating,Overall hospital rating - star rating,2.0,838.0,16.0
SOVAH HEALTH DANVILLE,490075,VA,READM-30-COPD-HRRP,194.0,0.8999,23,H_RECMND_STAR_RATING,Recommend hospital - star rating,Recommend hospital - star rating,2.0,838.0,16.0
SOVAH HEALTH DANVILLE,490075,VA,READM-30-COPD-HRRP,194.0,0.8999,23,H_STAR_RATING,Summary star rating,Summary star rating,3.0,838.0,16.0
SOVAH HEALTH DANVILLE,490075,VA,READM-30-AMI-HRRP,102.0,1.0521,16,H_COMP_1_STAR_RATING,Nurse communication - star rating,Nurse communication - star rating,3.0,838.0,16.0
SOVAH HEALTH DANVILLE,490075,VA,READM-30-AMI-HRRP,102.0,1.0521,16,H_COMP_2_STAR_RATING,Doctor communication - star rating,Doctor communication - star rating,2.0,838.0,16.0
SOVAH HEALTH DANVILLE,490075,VA,READM-30-AMI-HRRP,102.0,1.0521,16,H_COMP_5_STAR_RATING,Communication about medicines - star rating,Communication about medicines - star rating,2.0,838.0,16.0
SOVAH HEALTH DANVILLE,490075,VA,READM-30-AMI-HRRP,102.0,1.0521,16,H_COMP_6_STAR_RATING,Discharge information - star rating,Discharge information - star rating,3.0,838.0,16.0
SOVAH HEALTH DANVILLE,490075,VA,READM-30-AMI-HRRP,102.0,1.0521,16,H_CLEAN_STAR_RATING,Cleanliness - star rating,Cleanliness - star rating,4.0,838.0,16.0
SOVAH HEALTH DANVILLE,490075,VA,READM-30-AMI-HRRP,102.0,1.0521,16,H_QUIET_STAR_RATING,Quietness - star rating,Quietness - star rating,3.0,838.0,16.0
SOVAH HEALTH DANVILLE,490075,VA,READM-30-AMI-HRRP,102.0,1.0521,16,H_HSP_RATING_STAR_RATING,Overall hospital rating - star rating,Overall hospital rating - star rating,2.0,838.0,16.0
SOVAH HEALTH DANVILLE,490075,VA,READM-30-AMI-HRRP,102.0,1.0521,16,H_RECMND_STAR_RATING,Recommend hospital - star rating,Recommend hospital - star rating,2.0,838.0,16.0
SOVAH HEALTH DANVILLE,490075,VA,READM-30-AMI-HRRP,102.0,1.0521,16,H_STAR_RATING,Summary star rating,Summary star rating,3.0,838.0,16.0
SENTARA MARTHA JEFFERSON HOSPITAL,490077,VA,READM-30-PN-HRRP,437.0,0.9207,54,H_COMP_1_STAR_RATING,Nurse communication - star rating,Nurse communication - star rating,4.0,775.0,27.0
SENTARA MARTHA JEFFERSON HOSPITAL,490077,VA,READM-30-PN-HRRP,437.0,0.9207,54,H_COMP_2_STAR_RATING,Doctor communication - star rating,Doctor communication - star rating,4.0,775.0,27.0
SENTARA MARTHA JEFFERSON HOSPITAL,490077,VA,READM-30-PN-HRRP,437.0,0.9207,54,H_COMP_5_STAR_RATING,Communication about medicines - star rating,Communication about medicines - star rating,3.0,775.0,27.0
SENTARA MARTHA JEFFERSON HOSPITAL,490077,VA,READM-30-PN-HRRP,437.0,0.9207,54,H_COMP_6_STAR_RATING,Discharge information - star rating,Discharge information - star rating,3.0,775.0,27.0
SENTARA MARTHA JEFFERSON HOSPITAL,490077,VA,READM-30-PN-HRRP,437.0,0.9207,54,H_CLEAN_STAR_RATING,Cleanliness - star rating,Cleanliness - star rating,4.0,775.0,27.0
SENTARA MARTHA JEFFERSON HOSPITAL,490077,VA,READM-30-PN-HRRP,437.0,0.9207,54,H_QUIET_STAR_RATING,Quietness - star rating,Quietness - star rating,4.0,775.0,27.0
SENTARA MARTHA JEFFERSON HOSPITAL,490077,VA,READM-30-PN-HRRP,437.0,0.9207,54,H_HSP_RATING_STAR_RATING,Overall hospital rating - star rating,Overall hospital rating - star rating,4.0,775.0,27.0
SENTARA MARTHA JEFFERSON HOSPITAL,490077,VA,READM-30-PN-HRRP,437.0,0.9207,54,H_RECMND_STAR_RATING,Recommend hospital - star rating,Recommend hospital - star rating,5.0,775.0,27.0
SENTARA MARTHA JEFFERSON HOSPITAL,490077,VA,READM-30-PN-HRRP,437.0,0.9207,54,H_STAR_RATING,Summary star rating,Summary star rating,4.0,775.0,27.0
SENTARA MARTHA JEFFERSON HOSPITAL,490077,VA,READM-30-HF-HRRP,540.0,0.8968,82,H_COMP_1_STAR_RATING,Nurse communication - star rating,Nurse communication - star rating,4.0,775.0,27.0
SENTARA MARTHA JEFFERSON HOSPITAL,490077,VA,READM-30-HF-HRRP,540.0,0.8968,82,H_COMP_2_STAR_RATING,Doctor communication - star rating,Doctor communication - star rating,4.0,775.0,27.0
SENTARA MARTHA JEFFERSON HOSPITAL,490077,VA,READM-30-HF-HRRP,540.0,0.8968,82,H_COMP_5_STAR_RATING,Communication about medicines - star rating,Communication about medicines - star rating,3.0,775.0,27.0
SENTARA MARTHA JEFFERSON HOSPITAL,490077,VA,READM-30-HF-HRRP,540.0,0.8968,82,H_COMP_6_STAR_RATING,Discharge information - star rating,Discharge information - star rating,3.0,775.0,27.0
SENTARA MARTHA JEFFERSON HOSPITAL,490077,VA,READM-30-HF-HRRP,540.0,0.8968,82,H_CLEAN_STAR_RATING,Cleanliness - star rating,Cleanliness - star rating,4.0,775.0,27.0
SENTARA MARTHA JEFFERSON HOSPITAL,490077,VA,READM-30-HF-HRRP,540.0,0.8968,82,H_QUIET_STAR_RATING,Quietness - star rating,Quietness - star rating,4.0,775.0,27.0
SENTARA MARTHA JEFFERSON HOSPITAL,490077,VA,READM-30-HF-HRRP,540.0,0.8968,82,H_HSP_RATING_STAR_RATING,Overall hospital rating - star rating,Overall hospital rating - star rating,4.0,775.0,27.0
SENTARA MARTHA JEFFERSON HOSPITAL,490077,VA,READM-30-HF-HRRP,540.0,0.8968,82,H_RECMND_STAR_RATING,Recommend hospital - star rating,Recommend hospital - star rating,5.0,775.0,27.0
SENTARA MARTHA JEFFERSON HOSPITAL,490077,VA,READM-30-HF-HRRP,540.0,0.8968,82,H_STAR_RATING,Summary star rating,Summary star rating,4.0,775.0,27.0
SENTARA MARTHA JEFFERSON HOSPITAL,490077,VA,READM-30-COPD-HRRP,83.0,1.0008,14,H_COMP_1_STAR_RATING,Nurse communication - star rating,Nurse communication - star rating,4.0,775.0,27.0
SENTARA MARTHA JEFFERSON HOSPITAL,490077,VA,READM-30-COPD-HRRP,83.0,1.0008,14,H_COMP_2_STAR_RATING,Doctor communication - star rating,Doctor communication - star rating,4.0,775.0,27.0
SENTARA MARTHA JEFFERSON HOSPITAL,490077,VA,READM-30-COPD-HRRP,83.0,1.0008,14,H_COMP_5_STAR_RATING,Communication about medicines - star rating,Communication about medicines - star rating,3.0,775.0,27.0
SENTARA MARTHA JEFFERSON HOSPITAL,490077,VA,READM-30-COPD-HRRP,83.0,1.0008,14,H_COMP_6_STAR_RATING,Discharge information - star rating,Discharge information - star rating,3.0,775.0,27.0
SENTARA MARTHA JEFFERSON HOSPITAL,490077,VA,READM-30-COPD-HRRP,83.0,1.0008,14,H_CLEAN_STAR_RATING,Cleanliness - star rating,Cleanliness - star rating,4.0,775.0,27.0
SENTARA MARTHA JEFFERSON HOSPITAL,490077,VA,READM-30-COPD-HRRP,83.0,1.0008,14,H_QUIET_STAR_RATING,Quietness - star rating,Quietness - star rating,4.0,775.0,27.0
SENTARA MARTHA JEFFERSON HOSPITAL,490077,VA,READM-30-COPD-HRRP,83.0,1.0008,14,H_HSP_RATING_STAR_RATING,Overall hospital rating - star rating,Overall hospital rating - star rating,4.0,775.0,27.0
SENTARA MARTHA JEFFERSON HOSPITAL,490077,VA,READM-30-COPD-HRRP,83.0,1.0008,14,H_RECMND_STAR_RATING,Recommend hospital - star rating,Recommend hospital - star rating,5.0,775.0,27.0
SENTARA MARTHA JEFFERSON HOSPITAL,490077,VA,READM-30-COPD-HRRP,83.0,1.0008,14,H_STAR_RATING,Summary star rating,Summary star rating,4.0,775.0,27.0
SENTARA MARTHA JEFFERSON HOSPITAL,490077,VA,READM-30-AMI-HRRP,255.0,0.9721,27,H_COMP_1_STAR_RATING,Nurse communication - star rating,Nurse communication - star rating,4.0,775.0,27.0
SENTARA MARTHA JEFFERSON HOSPITAL,490077,VA,READM-30-AMI-HRRP,255.0,0.9721,27,H_COMP_2_STAR_RATING,Doctor communication - star rating,Doctor communication - star rating,4.0,775.0,27.0
SENTARA MARTHA JEFFERSON HOSPITAL,490077,VA,READM-30-AMI-HRRP,255.0,0.9721,27,H_COMP_5_STAR_RATING,Communication about medicines - star rating,Communication about medicines - star rating,3.0,775.0,27.0
SENTARA MARTHA JEFFERSON HOSPITAL,490077,VA,READM-30-AMI-HRRP,255.0,0.9721,27,H_COMP_6_STAR_RATING,Discharge information - star rating,Discharge information - star rating,3.0,775.0,27.0
SENTARA MARTHA JEFFERSON HOSPITAL,490077,VA,READM-30-AMI-HRRP,255.0,0.9721,27,H_CLEAN_STAR_RATING,Cleanliness - star rating,Cleanliness - star rating,4.0,775.0,27.0
SENTARA MARTHA JEFFERSON HOSPITAL,490077,VA,READM-30-AMI-HRRP,255.0,0.9721,27,H_QUIET_STAR_RATING,Quietness - star rating,Quietness - star rating,4.0,775.0,27.0
SENTARA MARTHA JEFFERSON HOSPITAL,490077,VA,READM-30-AMI-HRRP,255.0,0.9721,27,H_HSP_RATING_STAR_RATING,Overall hospital rating - star rating,Overall hospital rating - star rating,4.0,775.0,27.0
SENTARA MARTHA JEFFERSON HOSPITAL,490077,VA,READM-30-AMI-HRRP,255.0,0.9721,27,H_RECMND_STAR_RATING,Recommend hospital - star rating,Recommend hospital - star rating,5.0,775.0,27.0
SENTARA MARTHA JEFFERSON HOSPITAL,490077,VA,READM-30-AMI-HRRP,255.0,0.9721,27,H_STAR_RATING,Summary star rating,Summary star rating,4.0,775.0,27.0
VCU HEALTH TAPPAHANNOCK HOSPITAL,490084,VA,READM-30-PN-HRRP,149.0,0.967,19,H_COMP_1_STAR_RATING,Nurse communication - star rating,Nurse communication - star rating,4.0,280.0,20.0
VCU HEALTH TAPPAHANNOCK HOSPITAL,490084,VA,READM-30-PN-HRRP,149.0,0.967,19,H_COMP_2_STAR_RATING,Doctor communication - star rating,Doctor communication - star rating,4.0,280.0,20.0
VCU HEALTH TAPPAHANNOCK HOSPITAL,490084,VA,READM-30-PN-HRRP,149.0,0.967,19,H_COMP_5_STAR_RATING,Communication about medicines - star rating,Communication about medicines - star rating,3.0,280.0,20.0
VCU HEALTH TAPPAHANNOCK HOSPITAL,490084,VA,READM-30-PN-HRRP,149.0,0.967,19,H_COMP_6_STAR_RATING,Discharge information - star rating,Discharge information - star rating,3.0,280.0,20.0
VCU HEALTH TAPPAHANNOCK HOSPITAL,490084,VA,READM-30-PN-HRRP,149.0,0.967,19,H_CLEAN_STAR_RATING,Cleanliness - star rating,Cleanliness - star rating,4.0,280.0,20.0
VCU HEALTH TAPPAHANNOCK HOSPITAL,490084,VA,READM-30-PN-HRRP,149.0,0.967,19,H_QUIET_STAR_RATING,Quietness - star rating,Quietness - star rating,4.0,280.0,20.0
VCU HEALTH TAPPAHANNOCK HOSPITAL,490084,VA,READM-30-PN-HRRP,149.0,0.967,19,H_HSP_RATING_STAR_RATING,Overall hospital rating - star rating,Overall hospital rating - star rating,3.0,280.0,20.0
VCU HEALTH TAPPAHANNOCK HOSPITAL,490084,VA,READM-30-PN-HRRP,149.0,0.967,19,H_RECMND_STAR_RATING,Recommend hospital - star rating,Recommend hospital - star rating,4.0,280.0,20.0
VCU HEALTH TAPPAHANNOCK HOSPITAL,490084,VA,READM-30-PN-HRRP,149.0,0.967,19,H_STAR_RATING,Summary star rating,Summary star rating,4.0,280.0,20.0
VCU HEALTH TAPPAHANNOCK HOSPITAL,490084,VA,READM-30-HF-HRRP,149.0,1.046,32,H_COMP_1_STAR_RATING,Nurse communication - star rating,Nurse communication - star rating,4.0,280.0,20.0
VCU HEALTH TAPPAHANNOCK HOSPITAL,490084,VA,READM-30-HF-HRRP,149.0,1.046,32,H_COMP_2_STAR_RATING,Doctor communication - star rating,Doctor communication - star rating,4.0,280.0,20.0
VCU HEALTH TAPPAHANNOCK HOSPITAL,490084,VA,READM-30-HF-HRRP,149.0,1.046,32,H_COMP_5_STAR_RATING,Communication about medicines - star rating,Communication about medicines - star rating,3.0,280.0,20.0
VCU HEALTH TAPPAHANNOCK HOSPITAL,490084,VA,READM-30-HF-HRRP,149.0,1.046,32,H_COMP_6_STAR_RATING,Discharge information - star rating,Discharge information - star rating,3.0,280.0,20.0
VCU HEALTH TAPPAHANNOCK HOSPITAL,490084,VA,READM-30-HF-HRRP,149.0,1.046,32,H_CLEAN_STAR_RATING,Cleanliness - star rating,Cleanliness - star rating,4.0,280.0,20.0
VCU HEALTH TAPPAHANNOCK HOSPITAL,490084,VA,READM-30-HF-HRRP,149.0,1.046,32,H_QUIET_STAR_RATING,Quietness - star rating,Quietness - star rating,4.0,280.0,20.0
VCU HEALTH TAPPAHANNOCK HOSPITAL,490084,VA,READM-30-HF-HRRP,149.0,1.046,32,H_HSP_RATING_STAR_RATING,Overall hospital rating - star rating,Overall hospital rating - star rating,3.0,280.0,20.0
VCU HEALTH TAPPAHANNOCK HOSPITAL,490084,VA,READM-30-HF-HRRP,149.0,1.046,32,H_RECMND_STAR_RATING,Recommend hospital - star rating,Recommend hospital - star rating,4.0,280.0,20.0
VCU HEALTH TAPPAHANNOCK HOSPITAL,490084,VA,READM-30-HF-HRRP,149.0,1.046,32,H_STAR_RATING,Summary star rating,Summary star rating,4.0,280.0,20.0
CENTRA BEDFORD MEMORIAL HOSPITAL,490088,VA,READM-30-PN-HRRP,143.0,1.0138,21,H_COMP_1_STAR_RATING,Nurse communication - star rating,Nurse communication - star rating,5.0,295.0,29.0
CENTRA BEDFORD MEMORIAL HOSPITAL,490088,VA,READM-30-PN-HRRP,143.0,1.0138,21,H_COMP_2_STAR_RATING,Doctor communication - star rating,Doctor communication - star rating,5.0,295.0,29.0
CENTRA BEDFORD MEMORIAL HOSPITAL,490088,VA,READM-30-PN-HRRP,143.0,1.0138,21,H_COMP_5_STAR_RATING,Communication about medicines - star rating,Communication about medicines - star rating,4.0,295.0,29.0
CENTRA BEDFORD MEMORIAL HOSPITAL,490088,VA,READM-30-PN-HRRP,143.0,1.0138,21,H_COMP_6_STAR_RATING,Discharge information - star rating,Discharge information - star rating,5.0,295.0,29.0
CENTRA BEDFORD MEMORIAL HOSPITAL,490088,VA,READM-30-PN-HRRP,143.0,1.0138,21,H_CLEAN_STAR_RATING,Cleanliness - star rating,Cleanliness - star rating,3.0,295.0,29.0
CENTRA BEDFORD MEMORIAL HOSPITAL,490088,VA,READM-30-PN-HRRP,143.0,1.0138,21,H_QUIET_STAR_RATING,Quietness - star rating,Quietness - star rating,4.0,295.0,29.0
CENTRA BEDFORD MEMORIAL HOSPITAL,490088,VA,READM-30-PN-HRRP,143.0,1.0138,21,H_HSP_RATING_STAR_RATING,Overall hospital rating - star rating,Overall hospital rating - star rating,4.0,295.0,29.0
CENTRA BEDFORD MEMORIAL HOSPITAL,490088,VA,READM-30-PN-HRRP,143.0,1.0138,21,H_RECMND_STAR_RATING,Recommend hospital - star rating,Recommend hospital - star rating,5.0,295.0,29.0
CENTRA BEDFORD MEMORIAL HOSPITAL,490088,VA,READM-30-PN-HRRP,143.0,1.0138,21,H_STAR_RATING,Summary star rating,Summary star rating,5.0,295.0,29.0
CENTRA BEDFORD MEMORIAL HOSPITAL,490088,VA,READM-30-HF-HRRP,132.0,0.9964,23,H_COMP_1_STAR_RATING,Nurse communication - star rating,Nurse communication - star rating,5.0,295.0,29.0
CENTRA BEDFORD MEMORIAL HOSPITAL,490088,VA,READM-30-HF-HRRP,132.0,0.9964,23,H_COMP_2_STAR_RATING,Doctor communication - star rating,Doctor communication - star rating,5.0,295.0,29.0
CENTRA BEDFORD MEMORIAL HOSPITAL,490088,VA,READM-30-HF-HRRP,132.0,0.9964,23,H_COMP_5_STAR_RATING,Communication about medicines - star rating,Communication about medicines - star rating,4.0,295.0,29.0
CENTRA BEDFORD MEMORIAL HOSPITAL,490088,VA,READM-30-HF-HRRP,132.0,0.9964,23,H_COMP_6_STAR_RATING,Discharge information - star rating,Discharge information - star rating,5.0,295.0,29.0
CENTRA BEDFORD MEMORIAL HOSPITAL,490088,VA,READM-30-HF-HRRP,132.0,0.9964,23,H_CLEAN_STAR_RATING,Cleanliness - star rating,Cleanliness - star rating,3.0,295.0,29.0
CENTRA BEDFORD MEMORIAL HOSPITAL,490088,VA,READM-30-HF-HRRP,132.0,0.9964,23,H_QUIET_STAR_RATING,Quietness - star rating,Quietness - star rating,4.0,295.0,29.0
CENTRA BEDFORD MEMORIAL HOSPITAL,490088,VA,READM-30-HF-HRRP,132.0,0.9964,23,H_HSP_RATING_STAR_RATING,Overall hospital rating - star rating,Overall hospital rating - star rating,4.0,295.0,29.0
CENTRA BEDFORD MEMORIAL HOSPITAL,490088,VA,READM-30-HF-HRRP,132.0,0.9964,23,H_RECMND_STAR_RATING,Recommend hospital - star rating,Recommend hospital - star rating,5.0,295.0,29.0
CENTRA BEDFORD MEMORIAL HOSPITAL,490088,VA,READM-30-HF-HRRP,132.0,0.9964,23,H_STAR_RATING,Summary star rating,Summary star rating,5.0,295.0,29.0
CARILION FRANKLIN MEMORIAL HOSPITAL,490089,VA,READM-30-PN-HRRP,202.0,0.9712,25,H_COMP_1_STAR_RATING,Nurse communication - star rating,Nurse communication - star rating,4.0,389.0,25.0
CARILION FRANKLIN MEMORIAL HOSPITAL,490089,VA,READM-30-PN-HRRP,202.0,0.9712,25,H_COMP_2_STAR_RATING,Doctor communication - star rating,Doctor communication - star rating,4.0,389.0,25.0
CARILION FRANKLIN MEMORIAL HOSPITAL,490089,VA,READM-30-PN-HRRP,202.0,0.9712,25,H_COMP_5_STAR_RATING,Communication about medicines - star rating,Communication about medicines - star rating,3.0,389.0,25.0
CARILION FRANKLIN MEMORIAL HOSPITAL,490089,VA,READM-30-PN-HRRP,202.0,0.9712,25,H_COMP_6_STAR_RATING,Discharge information - star rating,Discharge information - star rating,4.0,389.0,25.0
CARILION FRANKLIN MEMORIAL HOSPITAL,490089,VA,READM-30-PN-HRRP,202.0,0.9712,25,H_CLEAN_STAR_RATING,Cleanliness - star rating,Cleanliness - star rating,3.0,389.0,25.0
CARILION FRANKLIN MEMORIAL HOSPITAL,490089,VA,READM-30-PN-HRRP,202.0,0.9712,25,H_QUIET_STAR_RATING,Quietness - star rating,Quietness - star rating,3.0,389.0,25.0
CARILION FRANKLIN MEMORIAL HOSPITAL,490089,VA,READM-30-PN-HRRP,202.0,0.9712,25,H_HSP_RATING_STAR_RATING,Overall hospital rating - star rating,Overall hospital rating - star rating,4.0,389.0,25.0
CARILION FRANKLIN MEMORIAL HOSPITAL,490089,VA,READM-30-PN-HRRP,202.0,0.9712,25,H_RECMND_STAR_RATING,Recommend hospital - star rating,Recommend hospital - star rating,4.0,389.0,25.0
CARILION FRANKLIN MEMORIAL HOSPITAL,490089,VA,READM-30-PN-HRRP,202.0,0.9712,25,H_STAR_RATING,Summary star rating,Summary star rating,4.0,389.0,25.0
CARILION FRANKLIN MEMORIAL HOSPITAL,490089,VA,READM-30-HF-HRRP,132.0,0.921,16,H_COMP_1_STAR_RATING,Nurse communication - star rating,Nurse communication - star rating,4.0,389.0,25.0
CARILION FRANKLIN MEMORIAL HOSPITAL,490089,VA,READM-30-HF-HRRP,132.0,0.921,16,H_COMP_2_STAR_RATING,Doctor communication - star rating,Doctor communication - star rating,4.0,389.0,25.0
CARILION FRANKLIN MEMORIAL HOSPITAL,490089,VA,READM-30-HF-HRRP,132.0,0.921,16,H_COMP_5_STAR_RATING,Communication about medicines - star rating,Communication about medicines - star rating,3.0,389.0,25.0
CARILION FRANKLIN MEMORIAL HOSPITAL,490089,VA,READM-30-HF-HRRP,132.0,0.921,16,H_COMP_6_STAR_RATING,Discharge information - star rating,Discharge information - star rating,4.0,389.0,25.0
CARILION FRANKLIN MEMORIAL HOSPITAL,490089,VA,READM-30-HF-HRRP,132.0,0.921,16,H_CLEAN_STAR_RATING,Cleanliness - star rating,Cleanliness - star rating,3.0,389.0,25.0
CARILION FRANKLIN MEMORIAL HOSPITAL,490089,VA,READM-30-HF-HRRP,132.0,0.921,16,H_QUIET_STAR_RATING,Quietness - star rating,Quietness - star rating,3.0,389.0,25.0
CARILION FRANKLIN MEMORIAL HOSPITAL,490089,VA,READM-30-HF-HRRP,132.0,0.921,16,H_HSP_RATING_STAR_RATING,Overall hospital rating - star rating,Overall hospital rating - star rating,4.0,389.0,25.0
CARILION FRANKLIN MEMORIAL HOSPITAL,490089,VA,READM-30-HF-HRRP,132.0,0.921,16,H_RECMND_STAR_RATING,Recommend hospital - star rating,Recommend hospital - star rating,4.0,389.0,25.0
CARILION FRANKLIN MEMORIAL HOSPITAL,490089,VA,READM-30-HF-HRRP,132.0,0.921,16,H_STAR_RATING,Summary star rating,Summary star rating,4.0,389.0,25.0
"SOUTHSIDE COMMUNITY HOSPITAL, INC",490090,VA,READM-30-PN-HRRP,234.0,0.9731,33,H_COMP_1_STAR_RATING,Nurse communication - star rating,Nurse communication - star rating,4.0,355.0,19.0
"SOUTHSIDE COMMUNITY HOSPITAL, INC",490090,VA,READM-30-PN-HRRP,234.0,0.9731,33,H_COMP_2_STAR_RATING,Doctor communication - star rating,Doctor communication - star rating,4.0,355.0,19.0
"SOUTHSIDE COMMUNITY HOSPITAL, INC",490090,VA,READM-30-PN-HRRP,234.0,0.9731,33,H_COMP_5_STAR_RATING,Communication about medicines - star rating,Communication about medicines - star rating,3.0,355.0,19.0
"SOUTHSIDE COMMUNITY HOSPITAL, INC",490090,VA,READM-30-PN-HRRP,234.0,0.9731,33,H_COMP_6_STAR_RATING,Discharge information - star rating,Discharge information - star rating,5.0,355.0,19.0
"SOUTHSIDE COMMUNITY HOSPITAL, INC",490090,VA,READM-30-PN-HRRP,234.0,0.9731,33,H_CLEAN_STAR_RATING,Cleanliness - star rating,Cleanliness - star rating,4.0,355.0,19.0
"SOUTHSIDE COMMUNITY HOSPITAL, INC",490090,VA,READM-30-PN-HRRP,234.0,0.9731,33,H_QUIET_STAR_RATING,Quietness - star rating,Quietness - star rating,4.0,355.0,19.0
"SOUTHSIDE COMMUNITY HOSPITAL, INC",490090,VA,READM-30-PN-HRRP,234.0,0.9731,33,H_HSP_RATING_STAR_RATING,Overall hospital rating - star rating,Overall hospital rating - star rating,3.0,355.0,19.0
"SOUTHSIDE COMMUNITY HOSPITAL, INC",490090,VA,READM-30-PN-HRRP,234.0,0.9731,33,H_RECMND_STAR_RATING,Recommend hospital - star rating,Recommend hospital - star rating,3.0,355.0,19.0
"SOUTHSIDE COMMUNITY HOSPITAL, INC",490090,VA,READM-30-PN-HRRP,234.0,0.9731,33,H_STAR_RATING,Summary star rating,Summary star rating,4.0,355.0,19.0
"SOUTHSIDE COMMUNITY HOSPITAL, INC",490090,VA,READM-30-HF-HRRP,174.0,0.9052,24,H_COMP_1_STAR_RATING,Nurse communication - star rating,Nurse communication - star rating,4.0,355.0,19.0
"SOUTHSIDE COMMUNITY HOSPITAL, INC",490090,VA,READM-30-HF-HRRP,174.0,0.9052,24,H_COMP_2_STAR_RATING,Doctor communication - star rating,Doctor communication - star rating,4.0,355.0,19.0
"SOUTHSIDE COMMUNITY HOSPITAL, INC",490090,VA,READM-30-HF-HRRP,174.0,0.9052,24,H_COMP_5_STAR_RATING,Communication about medicines - star rating,Communication about medicines - star rating,3.0,355.0,19.0
"SOUTHSIDE COMMUNITY HOSPITAL, INC",490090,VA,READM-30-HF-HRRP,174.0,0.9052,24,H_COMP_6_STAR_RATING,Discharge information - star rating,Discharge information - star rating,5.0,355.0,19.0
"SOUTHSIDE COMMUNITY HOSPITAL, INC",490090,VA,READM-30-HF-HRRP,174.0,0.9052,24,H_CLEAN_STAR_RATING,Cleanliness - star rating,Cleanliness - star rating,4.0,355.0,19.0
"SOUTHSIDE COMMUNITY HOSPITAL, INC",490090,VA,READM-30-HF-HRRP,174.0,0.9052,24,H_QUIET_STAR_RATING,Quietness - star rating,Quietness - star rating,4.0,355.0,19.0
"SOUTHSIDE COMMUNITY HOSPITAL, INC",490090,VA,READM-30-HF-HRRP,174.0,0.9052,24,H_HSP_RATING_STAR_RATING,Overall hospital rating - star rating,Overall hospital rating - star rating,3.0,355.0,19.0
"SOUTHSIDE COMMUNITY HOSPITAL, INC",490090,VA,READM-30-HF-HRRP,174.0,0.9052,24,H_RECMND_STAR_RATING,Recommend hospital - star rating,Recommend hospital - star rating,3.0,355.0,19.0
"SOUTHSIDE COMMUNITY HOSPITAL, INC",490090,VA,READM-30-HF-HRRP,174.0,0.9052,24,H_STAR_RATING,Summary star rating,Summary star rating,4.0,355.0,19.0
"SOUTHSIDE COMMUNITY HOSPITAL, INC",490090,VA,READM-30-COPD-HRRP,85.0,0.9563,11,H_COMP_1_STAR_RATING,Nurse communication - star rating,Nurse communication - star rating,4.0,355.0,19.0
"SOUTHSIDE COMMUNITY HOSPITAL, INC",490090,VA,READM-30-COPD-HRRP,85.0,0.9563,11,H_COMP_2_STAR_RATING,Doctor communication - star rating,Doctor communication - star rating,4.0,355.0,19.0
"SOUTHSIDE COMMUNITY HOSPITAL, INC",490090,VA,READM-30-COPD-HRRP,85.0,0.9563,11,H_COMP_5_STAR_RATING,Communication about medicines - star rating,Communication about medicines - star rating,3.0,355.0,19.0
"SOUTHSIDE COMMUNITY HOSPITAL, INC",490090,VA,READM-30-COPD-HRRP,85.0,0.9563,11,H_COMP_6_STAR_RATING,Discharge information - star rating,Discharge information - star rating,5.0,355.0,19.0
"SOUTHSIDE COMMUNITY HOSPITAL, INC",490090,VA,READM-30-COPD-HRRP,85.0,0.9563,11,H_CLEAN_STAR_RATING,Cleanliness - star rating,Cleanliness - star rating,4.0,355.0,19.0
"SOUTHSIDE COMMUNITY HOSPITAL, INC",490090,VA,READM-30-COPD-HRRP,85.0,0.9563,11,H_QUIET_STAR_RATING,Quietness - star rating,Quietness - star rating,4.0,355.0,19.0
"SOUTHSIDE COMMUNITY HOSPITAL, INC",490090,VA,READM-30-COPD-HRRP,85.0,0.9563,11,H_HSP_RATING_STAR_RATING,Overall hospital rating - star rating,Overall hospital rating - star rating,3.0,355.0,19.0
"SOUTHSIDE COMMUNITY HOSPITAL, INC",490090,VA,READM-30-COPD-HRRP,85.0,0.9563,11,H_RECMND_STAR_RATING,Recommend hospital - star rating,Recommend hospital - star rating,3.0,355.0,19.0
"SOUTHSIDE COMMUNITY HOSPITAL, INC",490090,VA,READM-30-COPD-HRRP,85.0,0.9563,11,H_STAR_RATING,Summary star rating,Summary star rating,4.0,355.0,19.0
BON SECOURS SOUTHAMPTON MEMORIAL HOSPITAL,490092,VA,READM-30-PN-HRRP,80.0,1.0919,19,H_COMP_1_STAR_RATING,Nurse communication - star rating,Nurse communication - star rating,4.0,111.0,17.0
BON SECOURS SOUTHAMPTON MEMORIAL HOSPITAL,490092,VA,READM-30-PN-HRRP,80.0,1.0919,19,H_COMP_2_STAR_RATING,Doctor communication - star rating,Doctor communication - star rating,3.0,111.0,17.0
BON SECOURS SOUTHAMPTON MEMORIAL HOSPITAL,490092,VA,READM-30-PN-HRRP,80.0,1.0919,19,H_COMP_5_STAR_RATING,Communication about medicines - star rating,Communication about medicines - star rating,4.0,111.0,17.0
BON SECOURS SOUTHAMPTON MEMORIAL HOSPITAL,490092,VA,READM-30-PN-HRRP,80.0,1.0919,19,H_COMP_6_STAR_RATING,Discharge information - star rating,Discharge information - star rating,2.0,111.0,17.0
BON SECOURS SOUTHAMPTON MEMORIAL HOSPITAL,490092,VA,READM-30-PN-HRRP,80.0,1.0919,19,H_CLEAN_STAR_RATING,Cleanliness - star rating,Cleanliness - star rating,4.0,111.0,17.0
BON SECOURS SOUTHAMPTON MEMORIAL HOSPITAL,490092,VA,READM-30-PN-HRRP,80.0,1.0919,19,H_QUIET_STAR_RATING,Quietness - star rating,Quietness - star rating,3.0,111.0,17.0
BON SECOURS SOUTHAMPTON MEMORIAL HOSPITAL,490092,VA,READM-30-PN-HRRP,80.0,1.0919,19,H_HSP_RATING_STAR_RATING,Overall hospital rating - star rating,Overall hospital rating - star rating,3.0,111.0,17.0
BON SECOURS SOUTHAMPTON MEMORIAL HOSPITAL,490092,VA,READM-30-PN-HRRP,80.0,1.0919,19,H_RECMND_STAR_RATING,Recommend hospital - star rating,Recommend hospital - star rating,2.0,111.0,17.0
BON SECOURS SOUTHAMPTON MEMORIAL HOSPITAL,490092,VA,READM-30-PN-HRRP,80.0,1.0919,19,H_STAR_RATING,Summary star rating,Summary star rating,3.0,111.0,17.0
BON SECOURS SOUTHAMPTON MEMORIAL HOSPITAL,490092,VA,READM-30-HF-HRRP,120.0,1.0406,26,H_COMP_1_STAR_RATING,Nurse communication - star rating,Nurse communication - star rating,4.0,111.0,17.0
BON SECOURS SOUTHAMPTON MEMORIAL HOSPITAL,490092,VA,READM-30-HF-HRRP,120.0,1.0406,26,H_COMP_2_STAR_RATING,Doctor communication - star rating,Doctor communication - star rating,3.0,111.0,17.0
BON SECOURS SOUTHAMPTON MEMORIAL HOSPITAL,490092,VA,READM-30-HF-HRRP,120.0,1.0406,26,H_COMP_5_STAR_RATING,Communication about medicines - star rating,Communication about medicines - star rating,4.0,111.0,17.0
BON SECOURS SOUTHAMPTON MEMORIAL HOSPITAL,490092,VA,READM-30-HF-HRRP,120.0,1.0406,26,H_COMP_6_STAR_RATING,Discharge information - star rating,Discharge information - star rating,2.0,111.0,17.0
BON SECOURS SOUTHAMPTON MEMORIAL HOSPITAL,490092,VA,READM-30-HF-HRRP,120.0,1.0406,26,H_CLEAN_STAR_RATING,Cleanliness - star rating,Cleanliness - star rating,4.0,111.0,17.0
BON SECOURS SOUTHAMPTON MEMORIAL HOSPITAL,490092,VA,READM-30-HF-HRRP,120.0,1.0406,26,H_QUIET_STAR_RATING,Quietness - star rating,Quietness - star rating,3.0,111.0,17.0
BON SECOURS SOUTHAMPTON MEMORIAL HOSPITAL,490092,VA,READM-30-HF-HRRP,120.0,1.0406,26,H_HSP_RATING_STAR_RATING,Overall hospital rating - star rating,Overall hospital rating - star rating,3.0,111.0,17.0
BON SECOURS SOUTHAMPTON MEMORIAL HOSPITAL,490092,VA,READM-30-HF-HRRP,120.0,1.0406,26,H_RECMND_STAR_RATING,Recommend hospital - star rating,Recommend hospital - star rating,2.0,111.0,17.0
BON SECOURS SOUTHAMPTON MEMORIAL HOSPITAL,490092,VA,READM-30-HF-HRRP,120.0,1.0406,26,H_STAR_RATING,Summary star rating,Summary star rating,3.0,111.0,17.0
SENTARA CAREPLEX HOSPITAL,490093,VA,READM-30-PN-HRRP,349.0,1.0012,59,H_COMP_1_STAR_RATING,Nurse communication - star rating,Nurse communication - star rating,4.0,670.0,17.0
SENTARA CAREPLEX HOSPITAL,490093,VA,READM-30-PN-HRRP,349.0,1.0012,59,H_COMP_2_STAR_RATING,Doctor communication - star rating,Doctor communication - star rating,4.0,670.0,17.0
SENTARA CAREPLEX HOSPITAL,490093,VA,READM-30-PN-HRRP,349.0,1.0012,59,H_COMP_5_STAR_RATING,Communication about medicines - star rating,Communication about medicines - star rating,2.0,670.0,17.0
SENTARA CAREPLEX HOSPITAL,490093,VA,READM-30-PN-HRRP,349.0,1.0012,59,H_COMP_6_STAR_RATING,Discharge information - star rating,Discharge information - star rating,3.0,670.0,17.0
SENTARA CAREPLEX HOSPITAL,490093,VA,READM-30-PN-HRRP,349.0,1.0012,59,H_CLEAN_STAR_RATING,Cleanliness - star rating,Cleanliness - star rating,3.0,670.0,17.0
SENTARA CAREPLEX HOSPITAL,490093,VA,READM-30-PN-HRRP,349.0,1.0012,59,H_QUIET_STAR_RATING,Quietness - star rating,Quietness - star rating,4.0,670.0,17.0
SENTARA CAREPLEX HOSPITAL,490093,VA,READM-30-PN-HRRP,349.0,1.0012,59,H_HSP_RATING_STAR_RATING,Overall hospital rating - star rating,Overall hospital rating - star rating,4.0,670.0,17.0
SENTARA CAREPLEX HOSPITAL,490093,VA,READM-30-PN-HRRP,349.0,1.0012,59,H_RECMND_STAR_RATING,Recommend hospital - star rating,Recommend hospital - star rating,4.0,670.0,17.0
SENTARA CAREPLEX HOSPITAL,490093,VA,READM-30-PN-HRRP,349.0,1.0012,59,H_STAR_RATING,Summary star rating,Summary star rating,3.0,670.0,17.0
SENTARA CAREPLEX HOSPITAL,490093,VA,READM-30-HF-HRRP,452.0,1.0767,102,H_COMP_1_STAR_RATING,Nurse communication - star rating,Nurse communication - star rating,4.0,670.0,17.0
SENTARA CAREPLEX HOSPITAL,490093,VA,READM-30-HF-HRRP,452.0,1.0767,102,H_COMP_2_STAR_RATING,Doctor communication - star rating,Doctor communication - star rating,4.0,670.0,17.0
SENTARA CAREPLEX HOSPITAL,490093,VA,READM-30-HF-HRRP,452.0,1.0767,102,H_COMP_5_STAR_RATING,Communication about medicines - star rating,Communication about medicines - star rating,2.0,670.0,17.0
SENTARA CAREPLEX HOSPITAL,490093,VA,READM-30-HF-HRRP,452.0,1.0767,102,H_COMP_6_STAR_RATING,Discharge information - star rating,Discharge information - star rating,3.0,670.0,17.0
SENTARA CAREPLEX HOSPITAL,490093,VA,READM-30-HF-HRRP,452.0,1.0767,102,H_CLEAN_STAR_RATING,Cleanliness - star rating,Cleanliness - star rating,3.0,670.0,17.0
SENTARA CAREPLEX HOSPITAL,490093,VA,READM-30-HF-HRRP,452.0,1.0767,102,H_QUIET_STAR_RATING,Quietness - star rating,Quietness - star rating,4.0,670.0,17.0
SENTARA CAREPLEX HOSPITAL,490093,VA,READM-30-HF-HRRP,452.0,1.0767,102,H_HSP_RATING_STAR_RATING,Overall hospital rating - star rating,Overall hospital rating - star rating,4.0,670.0,17.0
SENTARA CAREPLEX HOSPITAL,490093,VA,READM-30-HF-HRRP,452.0,1.0767,102,H_RECMND_STAR_RATING,Recommend hospital - star rating,Recommend hospital - star rating,4.0,670.0,17.0
SENTARA CAREPLEX HOSPITAL,490093,VA,READM-30-HF-HRRP,452.0,1.0767,102,H_STAR_RATING,Summary star rating,Summary star rating,3.0,670.0,17.0
SENTARA CAREPLEX HOSPITAL,490093,VA,READM-30-COPD-HRRP,76.0,0.9967,14,H_COMP_1_STAR_RATING,Nurse communication - star rating,Nurse communication - star rating,4.0,670.0,17.0
SENTARA CAREPLEX HOSPITAL,490093,VA,READM-30-COPD-HRRP,76.0,0.9967,14,H_COMP_2_STAR_RATING,Doctor communication - star rating,Doctor communication - star rating,4.0,670.0,17.0
SENTARA CAREPLEX HOSPITAL,490093,VA,READM-30-COPD-HRRP,76.0,0.9967,14,H_COMP_5_STAR_RATING,Communication about medicines - star rating,Communication about medicines - star rating,2.0,670.0,17.0
SENTARA CAREPLEX HOSPITAL,490093,VA,READM-30-COPD-HRRP,76.0,0.9967,14,H_COMP_6_STAR_RATING,Discharge information - star rating,Discharge information - star rating,3.0,670.0,17.0
SENTARA CAREPLEX HOSPITAL,490093,VA,READM-30-COPD-HRRP,76.0,0.9967,14,H_CLEAN_STAR_RATING,Cleanliness - star rating,Cleanliness - star rating,3.0,670.0,17.0
SENTARA CAREPLEX HOSPITAL,490093,VA,READM-30-COPD-HRRP,76.0,0.9967,14,H_QUIET_STAR_RATING,Quietness - star rating,Quietness - star rating,4.0,670.0,17.0
SENTARA CAREPLEX HOSPITAL,490093,VA,READM-30-COPD-HRRP,76.0,0.9967,14,H_HSP_RATING_STAR_RATING,Overall hospital rating - star rating,Overall hospital rating - star rating,4.0,670.0,17.0
SENTARA CAREPLEX HOSPITAL,490093,VA,READM-30-COPD-HRRP,76.0,0.9967,14,H_RECMND_STAR_RATING,Recommend hospital - star rating,Recommend hospital - star rating,4.0,670.0,17.0
SENTARA CAREPLEX HOSPITAL,490093,VA,READM-30-COPD-HRRP,76.0,0.9967,14,H_STAR_RATING,Summary star rating,Summary star rating,3.0,670.0,17.0
SENTARA CAREPLEX HOSPITAL,490093,VA,READM-30-AMI-HRRP,120.0,0.9832,17,H_COMP_1_STAR_RATING,Nurse communication - star rating,Nurse communication - star rating,4.0,670.0,17.0
SENTARA CAREPLEX HOSPITAL,490093,VA,READM-30-AMI-HRRP,120.0,0.9832,17,H_COMP_2_STAR_RATING,Doctor communication - star rating,Doctor communication - star rating,4.0,670.0,17.0
SENTARA CAREPLEX HOSPITAL,490093,VA,READM-30-AMI-HRRP,120.0,0.9832,17,H_COMP_5_STAR_RATING,Communication about medicines - star rating,Communication about medicines - star rating,2.0,670.0,17.0
SENTARA CAREPLEX HOSPITAL,490093,VA,READM-30-AMI-HRRP,120.0,0.9832,17,H_COMP_6_STAR_RATING,Discharge information - star rating,Discharge information - star rating,3.0,670.0,17.0
SENTARA CAREPLEX HOSPITAL,490093,VA,READM-30-AMI-HRRP,120.0,0.9832,17,H_CLEAN_STAR_RATING,Cleanliness - star rating,Cleanliness - star rating,3.0,670.0,17.0
SENTARA CAREPLEX HOSPITAL,490093,VA,READM-30-AMI-HRRP,120.0,0.9832,17,H_QUIET_STAR_RATING,Quietness - star rating,Quietness - star rating,4.0,670.0,17.0
SENTARA CAREPLEX HOSPITAL,490093,VA,READM-30-AMI-HRRP,120.0,0.9832,17,H_HSP_RATING_STAR_RATING,Overall hospital rating - star rating,Overall hospital rating - star rating,4.0,670.0,17.0
SENTARA CAREPLEX HOSPITAL,490093,VA,READM-30-AMI-HRRP,120.0,0.9832,17,H_RECMND_STAR_RATING,Recommend hospital - star rating,Recommend hospital - star rating,4.0,670.0,17.0
SENTARA CAREPLEX HOSPITAL,490093,VA,READM-30-AMI-HRRP,120.0,0.9832,17,H_STAR_RATING,Summary star rating,Summary star rating,3.0,670.0,17.0
COMMUNITY MEMORIAL HOSPITAL,490098,VA,READM-30-PN-HRRP,185.0,0.9932,28,H_COMP_1_STAR_RATING,Nurse communication - star rating,Nurse communication - star rating,5.0,417.0,16.0
COMMUNITY MEMORIAL HOSPITAL,490098,VA,READM-30-PN-HRRP,185.0,0.9932,28,H_COMP_2_STAR_RATING,Doctor communication - star rating,Doctor communication - star rating,4.0,417.0,16.0
COMMUNITY MEMORIAL HOSPITAL,490098,VA,READM-30-PN-HRRP,185.0,0.9932,28,H_COMP_5_STAR_RATING,Communication about medicines - star rating,Communication about medicines - star rating,4.0,417.0,16.0
COMMUNITY MEMORIAL HOSPITAL,490098,VA,READM-30-PN-HRRP,185.0,0.9932,28,H_COMP_6_STAR_RATING,Discharge information - star rating,Discharge information - star rating,3.0,417.0,16.0
COMMUNITY MEMORIAL HOSPITAL,490098,VA,READM-30-PN-HRRP,185.0,0.9932,28,H_CLEAN_STAR_RATING,Cleanliness - star rating,Cleanliness - star rating,5.0,417.0,16.0
COMMUNITY MEMORIAL HOSPITAL,490098,VA,READM-30-PN-HRRP,185.0,0.9932,28,H_QUIET_STAR_RATING,Quietness - star rating,Quietness - star rating,4.0,417.0,16.0
COMMUNITY MEMORIAL HOSPITAL,490098,VA,READM-30-PN-HRRP,185.0,0.9932,28,H_HSP_RATING_STAR_RATING,Overall hospital rating - star rating,Overall hospital rating - star rating,4.0,417.0,16.0
COMMUNITY MEMORIAL HOSPITAL,490098,VA,READM-30-PN-HRRP,185.0,0.9932,28,H_RECMND_STAR_RATING,Recommend hospital - star rating,Recommend hospital - star rating,4.0,417.0,16.0
COMMUNITY MEMORIAL HOSPITAL,490098,VA,READM-30-PN-HRRP,185.0,0.9932,28,H_STAR_RATING,Summary star rating,Summary star rating,4.0,417.0,16.0
COMMUNITY MEMORIAL HOSPITAL,490098,VA,READM-30-HF-HRRP,203.0,1.002,40,H_COMP_1_STAR_RATING,Nurse communication - star rating,Nurse communication - star rating,5.0,417.0,16.0
COMMUNITY MEMORIAL HOSPITAL,490098,VA,READM-30-HF-HRRP,203.0,1.002,40,H_COMP_2_STAR_RATING,Doctor communication - star rating,Doctor communication - star rating,4.0,417.0,16.0
COMMUNITY MEMORIAL HOSPITAL,490098,VA,READM-30-HF-HRRP,203.0,1.002,40,H_COMP_5_STAR_RATING,Communication about medicines - star rating,Communication about medicines - star rating,4.0,417.0,16.0
COMMUNITY MEMORIAL HOSPITAL,490098,VA,READM-30-HF-HRRP,203.0,1.002,40,H_COMP_6_STAR_RATING,Discharge information - star rating,Discharge information - star rating,3.0,417.0,16.0
COMMUNITY MEMORIAL HOSPITAL,490098,VA,READM-30-HF-HRRP,203.0,1.002,40,H_CLEAN_STAR_RATING,Cleanliness - star rating,Cleanliness - star rating,5.0,417.0,16.0
COMMUNITY MEMORIAL HOSPITAL,490098,VA,READM-30-HF-HRRP,203.0,1.002,40,H_QUIET_STAR_RATING,Quietness - star rating,Quietness - star rating,4.0,417.0,16.0
COMMUNITY MEMORIAL HOSPITAL,490098,VA,READM-30-HF-HRRP,203.0,1.002,40,H_HSP_RATING_STAR_RATING,Overall hospital rating - star rating,Overall hospital rating - star rating,4.0,417.0,16.0
COMMUNITY MEMORIAL HOSPITAL,490098,VA,READM-30-HF-HRRP,203.0,1.002,40,H_RECMND_STAR_RATING,Recommend hospital - star rating,Recommend hospital - star rating,4.0,417.0,16.0
COMMUNITY MEMORIAL HOSPITAL,490098,VA,READM-30-HF-HRRP,203.0,1.002,40,H_STAR_RATING,Summary star rating,Summary star rating,4.0,417.0,16.0
INOVA FAIR OAKS HOSPITAL,490101,VA,READM-30-PN-HRRP,421.0,1.0912,73,H_COMP_1_STAR_RATING,Nurse communication - star rating,Nurse communication - star rating,3.0,563.0,18.0
INOVA FAIR OAKS HOSPITAL,490101,VA,READM-30-PN-HRRP,421.0,1.0912,73,H_COMP_2_STAR_RATING,Doctor communication - star rating,Doctor communication - star rating,3.0,563.0,18.0
INOVA FAIR OAKS HOSPITAL,490101,VA,READM-30-PN-HRRP,421.0,1.0912,73,H_COMP_5_STAR_RATING,Communication about medicines - star rating,Communication about medicines - star rating,3.0,563.0,18.0
INOVA FAIR OAKS HOSPITAL,490101,VA,READM-30-PN-HRRP,421.0,1.0912,73,H_COMP_6_STAR_RATING,Discharge information - star rating,Discharge information - star rating,4.0,563.0,18.0
INOVA FAIR OAKS HOSPITAL,490101,VA,READM-30-PN-HRRP,421.0,1.0912,73,H_CLEAN_STAR_RATING,Cleanliness - star rating,Cleanliness - star rating,4.0,563.0,18.0
INOVA FAIR OAKS HOSPITAL,490101,VA,READM-30-PN-HRRP,421.0,1.0912,73,H_QUIET_STAR_RATING,Quietness - star rating,Quietness - star rating,3.0,563.0,18.0
INOVA FAIR OAKS HOSPITAL,490101,VA,READM-30-PN-HRRP,421.0,1.0912,73,H_HSP_RATING_STAR_RATING,Overall hospital rating - star rating,Overall hospital rating - star rating,4.0,563.0,18.0
INOVA FAIR OAKS HOSPITAL,490101,VA,READM-30-PN-HRRP,421.0,1.0912,73,H_RECMND_STAR_RATING,Recommend hospital - star rating,Recommend hospital - star rating,5.0,563.0,18.0
INOVA FAIR OAKS HOSPITAL,490101,VA,READM-30-PN-HRRP,421.0,1.0912,73,H_STAR_RATING,Summary star rating,Summary star rating,4.0,563.0,18.0
INOVA FAIR OAKS HOSPITAL,490101,VA,READM-30-HF-HRRP,416.0,0.8433,54,H_COMP_1_STAR_RATING,Nurse communication - star rating,Nurse communication - star rating,3.0,563.0,18.0
INOVA FAIR OAKS HOSPITAL,490101,VA,READM-30-HF-HRRP,416.0,0.8433,54,H_COMP_2_STAR_RATING,Doctor communication - star rating,Doctor communication - star rating,3.0,563.0,18.0
INOVA FAIR OAKS HOSPITAL,490101,VA,READM-30-HF-HRRP,416.0,0.8433,54,H_COMP_5_STAR_RATING,Communication about medicines - star rating,Communication about medicines - star rating,3.0,563.0,18.0
INOVA FAIR OAKS HOSPITAL,490101,VA,READM-30-HF-HRRP,416.0,0.8433,54,H_COMP_6_STAR_RATING,Discharge information - star rating,Discharge information - star rating,4.0,563.0,18.0
INOVA FAIR OAKS HOSPITAL,490101,VA,READM-30-HF-HRRP,416.0,0.8433,54,H_CLEAN_STAR_RATING,Cleanliness - star rating,Cleanliness - star rating,4.0,563.0,18.0
INOVA FAIR OAKS HOSPITAL,490101,VA,READM-30-HF-HRRP,416.0,0.8433,54,H_QUIET_STAR_RATING,Quietness - star rating,Quietness - star rating,3.0,563.0,18.0
INOVA FAIR OAKS HOSPITAL,490101,VA,READM-30-HF-HRRP,416.0,0.8433,54,H_HSP_RATING_STAR_RATING,Overall hospital rating - star rating,Overall hospital rating - star rating,4.0,563.0,18.0
INOVA FAIR OAKS HOSPITAL,490101,VA,READM-30-HF-HRRP,416.0,0.8433,54,H_RECMND_STAR_RATING,Recommend hospital - star rating,Recommend hospital - star rating,5.0,563.0,18.0
INOVA FAIR OAKS HOSPITAL,490101,VA,READM-30-HF-HRRP,416.0,0.8433,54,H_STAR_RATING,Summary star rating,Summary star rating,4.0,563.0,18.0
RESTON HOSPITAL CENTER,490107,VA,READM-30-PN-HRRP,380.0,1.0213,58,H_COMP_1_STAR_RATING,Nurse communication - star rating,Nurse communication - star rating,2.0,523.0,21.0
RESTON HOSPITAL CENTER,490107,VA,READM-30-PN-HRRP,380.0,1.0213,58,H_COMP_2_STAR_RATING,Doctor communication - star rating,Doctor communication - star rating,2.0,523.0,21.0
RESTON HOSPITAL CENTER,490107,VA,READM-30-PN-HRRP,380.0,1.0213,58,H_COMP_5_STAR_RATING,Communication about medicines - star rating,Communication about medicines - star rating,2.0,523.0,21.0
RESTON HOSPITAL CENTER,490107,VA,READM-30-PN-HRRP,380.0,1.0213,58,H_COMP_6_STAR_RATING,Discharge information - star rating,Discharge information - star rating,2.0,523.0,21.0
RESTON HOSPITAL CENTER,490107,VA,READM-30-PN-HRRP,380.0,1.0213,58,H_CLEAN_STAR_RATING,Cleanliness - star rating,Cleanliness - star rating,4.0,523.0,21.0
RESTON HOSPITAL CENTER,490107,VA,READM-30-PN-HRRP,380.0,1.0213,58,H_QUIET_STAR_RATING,Quietness - star rating,Quietness - star rating,3.0,523.0,21.0
RESTON HOSPITAL CENTER,490107,VA,READM-30-PN-HRRP,380.0,1.0213,58,H_HSP_RATING_STAR_RATING,Overall hospital rating - star rating,Overall hospital rating - star rating,3.0,523.0,21.0
RESTON HOSPITAL CENTER,490107,VA,READM-30-PN-HRRP,380.0,1.0213,58,H_RECMND_STAR_RATING,Recommend hospital - star rating,Recommend hospital - star rating,3.0,523.0,21.0
RESTON HOSPITAL CENTER,490107,VA,READM-30-PN-HRRP,380.0,1.0213,58,H_STAR_RATING,Summary star rating,Summary star rating,2.0,523.0,21.0
RESTON HOSPITAL CENTER,490107,VA,READM-30-HIP-KNEE-HRRP,203.0,0.9862,12,H_COMP_1_STAR_RATING,Nurse communication - star rating,Nurse communication - star rating,2.0,523.0,21.0
RESTON HOSPITAL CENTER,490107,VA,READM-30-HIP-KNEE-HRRP,203.0,0.9862,12,H_COMP_2_STAR_RATING,Doctor communication - star rating,Doctor communication - star rating,2.0,523.0,21.0
RESTON HOSPITAL CENTER,490107,VA,READM-30-HIP-KNEE-HRRP,203.0,0.9862,12,H_COMP_5_STAR_RATING,Communication about medicines - star rating,Communication about medicines - star rating,2.0,523.0,21.0
RESTON HOSPITAL CENTER,490107,VA,READM-30-HIP-KNEE-HRRP,203.0,0.9862,12,H_COMP_6_STAR_RATING,Discharge information - star rating,Discharge information - star rating,2.0,523.0,21.0
RESTON HOSPITAL CENTER,490107,VA,READM-30-HIP-KNEE-HRRP,203.0,0.9862,12,H_CLEAN_STAR_RATING,Cleanliness - star rating,Cleanliness - star rating,4.0,523.0,21.0
RESTON HOSPITAL CENTER,490107,VA,READM-30-HIP-KNEE-HRRP,203.0,0.9862,12,H_QUIET_STAR_RATING,Quietness - star rating,Quietness - star rating,3.0,523.0,21.0
RESTON HOSPITAL CENTER,490107,VA,READM-30-HIP-KNEE-HRRP,203.0,0.9862,12,H_HSP_RATING_STAR_RATING,Overall hospital rating - star rating,Overall hospital rating - star rating,3.0,523.0,21.0
RESTON HOSPITAL CENTER,490107,VA,READM-30-HIP-KNEE-HRRP,203.0,0.9862,12,H_RECMND_STAR_RATING,Recommend hospital - star rating,Recommend hospital - star rating,3.0,523.0,21.0
RESTON HOSPITAL CENTER,490107,VA,READM-30-HIP-KNEE-HRRP,203.0,0.9862,12,H_STAR_RATING,Summary star rating,Summary star rating,2.0,523.0,21.0
RESTON HOSPITAL CENTER,490107,VA,READM-30-HF-HRRP,333.0,1.0257,65,H_COMP_1_STAR_RATING,Nurse communication - star rating,Nurse communication - star rating,2.0,523.0,21.0
RESTON HOSPITAL CENTER,490107,VA,READM-30-HF-HRRP,333.0,1.0257,65,H_COMP_2_STAR_RATING,Doctor communication - star rating,Doctor communication - star rating,2.0,523.0,21.0
RESTON HOSPITAL CENTER,490107,VA,READM-30-HF-HRRP,333.0,1.0257,65,H_COMP_5_STAR_RATING,Communication about medicines - star rating,Communication about medicines - star rating,2.0,523.0,21.0
RESTON HOSPITAL CENTER,490107,VA,READM-30-HF-HRRP,333.0,1.0257,65,H_COMP_6_STAR_RATING,Discharge information - star rating,Discharge information - star rating,2.0,523.0,21.0
RESTON HOSPITAL CENTER,490107,VA,READM-30-HF-HRRP,333.0,1.0257,65,H_CLEAN_STAR_RATING,Cleanliness - star rating,Cleanliness - star rating,4.0,523.0,21.0
RESTON HOSPITAL CENTER,490107,VA,READM-30-HF-HRRP,333.0,1.0257,65,H_QUIET_STAR_RATING,Quietness - star rating,Quietness - star rating,3.0,523.0,21.0
RESTON HOSPITAL CENTER,490107,VA,READM-30-HF-HRRP,333.0,1.0257,65,H_HSP_RATING_STAR_RATING,Overall hospital rating - star rating,Overall hospital rating - star rating,3.0,523.0,21.0
RESTON HOSPITAL CENTER,490107,VA,READM-30-HF-HRRP,333.0,1.0257,65,H_RECMND_STAR_RATING,Recommend hospital - star rating,Recommend hospital - star rating,3.0,523.0,21.0
RESTON HOSPITAL CENTER,490107,VA,READM-30-HF-HRRP,333.0,1.0257,65,H_STAR_RATING,Summary star rating,Summary star rating,2.0,523.0,21.0
RESTON HOSPITAL CENTER,490107,VA,READM-30-AMI-HRRP,98.0,1.0393,14,H_COMP_1_STAR_RATING,Nurse communication - star rating,Nurse communication - star rating,2.0,523.0,21.0
RESTON HOSPITAL CENTER,490107,VA,READM-30-AMI-HRRP,98.0,1.0393,14,H_COMP_2_STAR_RATING,Doctor communication - star rating,Doctor communication - star rating,2.0,523.0,21.0
RESTON HOSPITAL CENTER,490107,VA,READM-30-AMI-HRRP,98.0,1.0393,14,H_COMP_5_STAR_RATING,Communication about medicines - star rating,Communication about medicines - star rating,2.0,523.0,21.0
RESTON HOSPITAL CENTER,490107,VA,READM-30-AMI-HRRP,98.0,1.0393,14,H_COMP_6_STAR_RATING,Discharge information - star rating,Discharge information - star rating,2.0,523.0,21.0
RESTON HOSPITAL CENTER,490107,VA,READM-30-AMI-HRRP,98.0,1.0393,14,H_CLEAN_STAR_RATING,Cleanliness - star rating,Cleanliness - star rating,4.0,523.0,21.0
RESTON HOSPITAL CENTER,490107,VA,READM-30-AMI-HRRP,98.0,1.0393,14,H_QUIET_STAR_RATING,Quietness - star rating,Quietness - star rating,3.0,523.0,21.0
RESTON HOSPITAL CENTER,490107,VA,READM-30-AMI-HRRP,98.0,1.0393,14,H_HSP_RATING_STAR_RATING,Overall hospital rating - star rating,Overall hospital rating - star rating,3.0,523.0,21.0
RESTON HOSPITAL CENTER,490107,VA,READM-30-AMI-HRRP,98.0,1.0393,14,H_RECMND_STAR_RATING,Recommend hospital - star rating,Recommend hospital - star rating,3.0,523.0,21.0
RESTON HOSPITAL CENTER,490107,VA,READM-30-AMI-HRRP,98.0,1.0393,14,H_STAR_RATING,Summary star rating,Summary star rating,2.0,523.0,21.0
LEWISGALE HOSPITAL MONTGOMERY,490110,VA,READM-30-PN-HRRP,251.0,1.0265,42,H_COMP_1_STAR_RATING,Nurse communication - star rating,Nurse communication - star rating,4.0,507.0,22.0
LEWISGALE HOSPITAL MONTGOMERY,490110,VA,READM-30-PN-HRRP,251.0,1.0265,42,H_COMP_2_STAR_RATING,Doctor communication - star rating,Doctor communication - star rating,4.0,507.0,22.0
LEWISGALE HOSPITAL MONTGOMERY,490110,VA,READM-30-PN-HRRP,251.0,1.0265,42,H_COMP_5_STAR_RATING,Communication about medicines - star rating,Communication about medicines - star rating,3.0,507.0,22.0
LEWISGALE HOSPITAL MONTGOMERY,490110,VA,READM-30-PN-HRRP,251.0,1.0265,42,H_COMP_6_STAR_RATING,Discharge information - star rating,Discharge information - star rating,4.0,507.0,22.0
LEWISGALE HOSPITAL MONTGOMERY,490110,VA,READM-30-PN-HRRP,251.0,1.0265,42,H_CLEAN_STAR_RATING,Cleanliness - star rating,Cleanliness - star rating,4.0,507.0,22.0
LEWISGALE HOSPITAL MONTGOMERY,490110,VA,READM-30-PN-HRRP,251.0,1.0265,42,H_QUIET_STAR_RATING,Quietness - star rating,Quietness - star rating,2.0,507.0,22.0
LEWISGALE HOSPITAL MONTGOMERY,490110,VA,READM-30-PN-HRRP,251.0,1.0265,42,H_HSP_RATING_STAR_RATING,Overall hospital rating - star rating,Overall hospital rating - star rating,4.0,507.0,22.0
LEWISGALE HOSPITAL MONTGOMERY,490110,VA,READM-30-PN-HRRP,251.0,1.0265,42,H_RECMND_STAR_RATING,Recommend hospital - star rating,Recommend hospital - star rating,5.0,507.0,22.0
LEWISGALE HOSPITAL MONTGOMERY,490110,VA,READM-30-PN-HRRP,251.0,1.0265,42,H_STAR_RATING,Summary star rating,Summary star rating,4.0,507.0,22.0
LEWISGALE HOSPITAL MONTGOMERY,490110,VA,READM-30-HF-HRRP,169.0,1.0806,42,H_COMP_1_STAR_RATING,Nurse communication - star rating,Nurse communication - star rating,4.0,507.0,22.0
LEWISGALE HOSPITAL MONTGOMERY,490110,VA,READM-30-HF-HRRP,169.0,1.0806,42,H_COMP_2_STAR_RATING,Doctor communication - star rating,Doctor communication - star rating,4.0,507.0,22.0
LEWISGALE HOSPITAL MONTGOMERY,490110,VA,READM-30-HF-HRRP,169.0,1.0806,42,H_COMP_5_STAR_RATING,Communication about medicines - star rating,Communication about medicines - star rating,3.0,507.0,22.0
LEWISGALE HOSPITAL MONTGOMERY,490110,VA,READM-30-HF-HRRP,169.0,1.0806,42,H_COMP_6_STAR_RATING,Discharge information - star rating,Discharge information - star rating,4.0,507.0,22.0
LEWISGALE HOSPITAL MONTGOMERY,490110,VA,READM-30-HF-HRRP,169.0,1.0806,42,H_CLEAN_STAR_RATING,Cleanliness - star rating,Cleanliness - star rating,4.0,507.0,22.0
LEWISGALE HOSPITAL MONTGOMERY,490110,VA,READM-30-HF-HRRP,169.0,1.0806,42,H_QUIET_STAR_RATING,Quietness - star rating,Quietness - star rating,2.0,507.0,22.0
LEWISGALE HOSPITAL MONTGOMERY,490110,VA,READM-30-HF-HRRP,169.0,1.0806,42,H_HSP_RATING_STAR_RATING,Overall hospital rating - star rating,Overall hospital rating - star rating,4.0,507.0,22.0
LEWISGALE HOSPITAL MONTGOMERY,490110,VA,READM-30-HF-HRRP,169.0,1.0806,42,H_RECMND_STAR_RATING,Recommend hospital - star rating,Recommend hospital - star rating,5.0,507.0,22.0
LEWISGALE HOSPITAL MONTGOMERY,490110,VA,READM-30-HF-HRRP,169.0,1.0806,42,H_STAR_RATING,Summary star rating,Summary star rating,4.0,507.0,22.0
LEWISGALE HOSPITAL MONTGOMERY,490110,VA,READM-30-COPD-HRRP,67.0,1.035,15,H_COMP_1_STAR_RATING,Nurse communication - star rating,Nurse communication - star rating,4.0,507.0,22.0
LEWISGALE HOSPITAL MONTGOMERY,490110,VA,READM-30-COPD-HRRP,67.0,1.035,15,H_COMP_2_STAR_RATING,Doctor communication - star rating,Doctor communication - star rating,4.0,507.0,22.0
LEWISGALE HOSPITAL MONTGOMERY,490110,VA,READM-30-COPD-HRRP,67.0,1.035,15,H_COMP_5_STAR_RATING,Communication about medicines - star rating,Communication about medicines - star rating,3.0,507.0,22.0
LEWISGALE HOSPITAL MONTGOMERY,490110,VA,READM-30-COPD-HRRP,67.0,1.035,15,H_COMP_6_STAR_RATING,Discharge information - star rating,Discharge information - star rating,4.0,507.0,22.0
LEWISGALE HOSPITAL MONTGOMERY,490110,VA,READM-30-COPD-HRRP,67.0,1.035,15,H_CLEAN_STAR_RATING,Cleanliness - star rating,Cleanliness - star rating,4.0,507.0,22.0
LEWISGALE HOSPITAL MONTGOMERY,490110,VA,READM-30-COPD-HRRP,67.0,1.035,15,H_QUIET_STAR_RATING,Quietness - star rating,Quietness - star rating,2.0,507.0,22.0
LEWISGALE HOSPITAL MONTGOMERY,490110,VA,READM-30-COPD-HRRP,67.0,1.035,15,H_HSP_RATING_STAR_RATING,Overall hospital rating - star rating,Overall hospital rating - star rating,4.0,507.0,22.0
LEWISGALE HOSPITAL MONTGOMERY,490110,VA,READM-30-COPD-HRRP,67.0,1.035,15,H_RECMND_STAR_RATING,Recommend hospital - star rating,Recommend hospital - star rating,5.0,507.0,22.0
LEWISGALE HOSPITAL MONTGOMERY,490110,VA,READM-30-COPD-HRRP,67.0,1.035,15,H_STAR_RATING,Summary star rating,Summary star rating,4.0,507.0,22.0
LEWISGALE HOSPITAL MONTGOMERY,490110,VA,READM-30-AMI-HRRP,204.0,0.8761,17,H_COMP_1_STAR_RATING,Nurse communication - star rating,Nurse communication - star rating,4.0,507.0,22.0
LEWISGALE HOSPITAL MONTGOMERY,490110,VA,READM-30-AMI-HRRP,204.0,0.8761,17,H_COMP_2_STAR_RATING,Doctor communication - star rating,Doctor communication - star rating,4.0,507.0,22.0
LEWISGALE HOSPITAL MONTGOMERY,490110,VA,READM-30-AMI-HRRP,204.0,0.8761,17,H_COMP_5_STAR_RATING,Communication about medicines - star rating,Communication about medicines - star rating,3.0,507.0,22.0
LEWISGALE HOSPITAL MONTGOMERY,490110,VA,READM-30-AMI-HRRP,204.0,0.8761,17,H_COMP_6_STAR_RATING,Discharge information - star rating,Discharge information - star rating,4.0,507.0,22.0
LEWISGALE HOSPITAL MONTGOMERY,490110,VA,READM-30-AMI-HRRP,204.0,0.8761,17,H_CLEAN_STAR_RATING,Cleanliness - star rating,Cleanliness - star rating,4.0,507.0,22.0
LEWISGALE HOSPITAL MONTGOMERY,490110,VA,READM-30-AMI-HRRP,204.0,0.8761,17,H_QUIET_STAR_RATING,Quietness - star rating,Quietness - star rating,2.0,507.0,22.0
LEWISGALE HOSPITAL MONTGOMERY,490110,VA,READM-30-AMI-HRRP,204.0,0.8761,17,H_HSP_RATING_STAR_RATING,Overall hospital rating - star rating,Overall hospital rating - star rating,4.0,507.0,22.0
LEWISGALE HOSPITAL MONTGOMERY,490110,VA,READM-30-AMI-HRRP,204.0,0.8761,17,H_RECMND_STAR_RATING,Recommend hospital - star rating,Recommend hospital - star rating,5.0,507.0,22.0
LEWISGALE HOSPITAL MONTGOMERY,490110,VA,READM-30-AMI-HRRP,204.0,0.8761,17,H_STAR_RATING,Summary star rating,Summary star rating,4.0,507.0,22.0
WYTHE COUNTY COMMUNITY HOSPITAL,490111,VA,READM-30-PN-HRRP,126.0,0.9611,16,H_COMP_1_STAR_RATING,Nurse communication - star rating,Nurse communication - star rating,4.0,245.0,20.0
WYTHE COUNTY COMMUNITY HOSPITAL,490111,VA,READM-30-PN-HRRP,126.0,0.9611,16,H_COMP_2_STAR_RATING,Doctor communication - star rating,Doctor communication - star rating,4.0,245.0,20.0
WYTHE COUNTY COMMUNITY HOSPITAL,490111,VA,READM-30-PN-HRRP,126.0,0.9611,16,H_COMP_5_STAR_RATING,Communication about medicines - star rating,Communication about medicines - star rating,3.0,245.0,20.0
WYTHE COUNTY COMMUNITY HOSPITAL,490111,VA,READM-30-PN-HRRP,126.0,0.9611,16,H_COMP_6_STAR_RATING,Discharge information - star rating,Discharge information - star rating,4.0,245.0,20.0
WYTHE COUNTY COMMUNITY HOSPITAL,490111,VA,READM-30-PN-HRRP,126.0,0.9611,16,H_CLEAN_STAR_RATING,Cleanliness - star rating,Cleanliness - star rating,3.0,245.0,20.0
WYTHE COUNTY COMMUNITY HOSPITAL,490111,VA,READM-30-PN-HRRP,126.0,0.9611,16,H_QUIET_STAR_RATING,Quietness - star rating,Quietness - star rating,3.0,245.0,20.0
WYTHE COUNTY COMMUNITY HOSPITAL,490111,VA,READM-30-PN-HRRP,126.0,0.9611,16,H_HSP_RATING_STAR_RATING,Overall hospital rating - star rating,Overall hospital rating - star rating,4.0,245.0,20.0
WYTHE COUNTY COMMUNITY HOSPITAL,490111,VA,READM-30-PN-HRRP,126.0,0.9611,16,H_RECMND_STAR_RATING,Recommend hospital - star rating,Recommend hospital - star rating,3.0,245.0,20.0
WYTHE COUNTY COMMUNITY HOSPITAL,490111,VA,READM-30-PN-HRRP,126.0,0.9611,16,H_STAR_RATING,Summary star rating,Summary star rating,4.0,245.0,20.0
WYTHE COUNTY COMMUNITY HOSPITAL,490111,VA,READM-30-HF-HRRP,101.0,0.9517,15,H_COMP_1_STAR_RATING,Nurse communication - star rating,Nurse communication - star rating,4.0,245.0,20.0
WYTHE COUNTY COMMUNITY HOSPITAL,490111,VA,READM-30-HF-HRRP,101.0,0.9517,15,H_COMP_2_STAR_RATING,Doctor communication - star rating,Doctor communication - star rating,4.0,245.0,20.0
WYTHE COUNTY COMMUNITY HOSPITAL,490111,VA,READM-30-HF-HRRP,101.0,0.9517,15,H_COMP_5_STAR_RATING,Communication about medicines - star rating,Communication about medicines - star rating,3.0,245.0,20.0
WYTHE COUNTY COMMUNITY HOSPITAL,490111,VA,READM-30-HF-HRRP,101.0,0.9517,15,H_COMP_6_STAR_RATING,Discharge information - star rating,Discharge information - star rating,4.0,245.0,20.0
WYTHE COUNTY COMMUNITY HOSPITAL,490111,VA,READM-30-HF-HRRP,101.0,0.9517,15,H_CLEAN_STAR_RATING,Cleanliness - star rating,Cleanliness - star rating,3.0,245.0,20.0
WYTHE COUNTY COMMUNITY HOSPITAL,490111,VA,READM-30-HF-HRRP,101.0,0.9517,15,H_QUIET_STAR_RATING,Quietness - star rating,Quietness - star rating,3.0,245.0,20.0
WYTHE COUNTY COMMUNITY HOSPITAL,490111,VA,READM-30-HF-HRRP,101.0,0.9517,15,H_HSP_RATING_STAR_RATING,Overall hospital rating - star rating,Overall hospital rating - star rating,4.0,245.0,20.0
WYTHE COUNTY COMMUNITY HOSPITAL,490111,VA,READM-30-HF-HRRP,101.0,0.9517,15,H_RECMND_STAR_RATING,Recommend hospital - star rating,Recommend hospital - star rating,3.0,245.0,20.0
WYTHE COUNTY COMMUNITY HOSPITAL,490111,VA,READM-30-HF-HRRP,101.0,0.9517,15,H_STAR_RATING,Summary star rating,Summary star rating,4.0,245.0,20.0
CJW MEDICAL CENTER,490112,VA,READM-30-PN-HRRP,851.0,0.9601,124,H_COMP_1_STAR_RATING,Nurse communication - star rating,Nurse communication - star rating,3.0,1223.0,20.0
CJW MEDICAL CENTER,490112,VA,READM-30-PN-HRRP,851.0,0.9601,124,H_COMP_2_STAR_RATING,Doctor communication - star rating,Doctor communication - star rating,2.0,1223.0,20.0
CJW MEDICAL CENTER,490112,VA,READM-30-PN-HRRP,851.0,0.9601,124,H_COMP_5_STAR_RATING,Communication about medicines - star rating,Communication about medicines - star rating,2.0,1223.0,20.0
CJW MEDICAL CENTER,490112,VA,READM-30-PN-HRRP,851.0,0.9601,124,H_COMP_6_STAR_RATING,Discharge information - star rating,Discharge information - star rating,3.0,1223.0,20.0
CJW MEDICAL CENTER,490112,VA,READM-30-PN-HRRP,851.0,0.9601,124,H_CLEAN_STAR_RATING,Cleanliness - star rating,Cleanliness - star rating,3.0,1223.0,20.0
CJW MEDICAL CENTER,490112,VA,READM-30-PN-HRRP,851.0,0.9601,124,H_QUIET_STAR_RATING,Quietness - star rating,Quietness - star rating,2.0,1223.0,20.0
CJW MEDICAL CENTER,490112,VA,READM-30-PN-HRRP,851.0,0.9601,124,H_HSP_RATING_STAR_RATING,Overall hospital rating - star rating,Overall hospital rating - star rating,3.0,1223.0,20.0
CJW MEDICAL CENTER,490112,VA,READM-30-PN-HRRP,851.0,0.9601,124,H_RECMND_STAR_RATING,Recommend hospital - star rating,Recommend hospital - star rating,3.0,1223.0,20.0
CJW MEDICAL CENTER,490112,VA,READM-30-PN-HRRP,851.0,0.9601,124,H_STAR_RATING,Summary star rating,Summary star rating,3.0,1223.0,20.0
CJW MEDICAL CENTER,490112,VA,READM-30-HIP-KNEE-HRRP,824.0,0.9413,32,H_COMP_1_STAR_RATING,Nurse communication - star rating,Nurse communication - star rating,3.0,1223.0,20.0
CJW MEDICAL CENTER,490112,VA,READM-30-HIP-KNEE-HRRP,824.0,0.9413,32,H_COMP_2_STAR_RATING,Doctor communication - star rating,Doctor communication - star rating,2.0,1223.0,20.0
CJW MEDICAL CENTER,490112,VA,READM-30-HIP-KNEE-HRRP,824.0,0.9413,32,H_COMP_5_STAR_RATING,Communication about medicines - star rating,Communication about medicines - star rating,2.0,1223.0,20.0
CJW MEDICAL CENTER,490112,VA,READM-30-HIP-KNEE-HRRP,824.0,0.9413,32,H_COMP_6_STAR_RATING,Discharge information - star rating,Discharge information - star rating,3.0,1223.0,20.0
CJW MEDICAL CENTER,490112,VA,READM-30-HIP-KNEE-HRRP,824.0,0.9413,32,H_CLEAN_STAR_RATING,Cleanliness - star rating,Cleanliness - star rating,3.0,1223.0,20.0
CJW MEDICAL CENTER,490112,VA,READM-30-HIP-KNEE-HRRP,824.0,0.9413,32,H_QUIET_STAR_RATING,Quietness - star rating,Quietness - star rating,2.0,1223.0,20.0
CJW MEDICAL CENTER,490112,VA,READM-30-HIP-KNEE-HRRP,824.0,0.9413,32,H_HSP_RATING_STAR_RATING,Overall hospital rating - star rating,Overall hospital rating - star rating,3.0,1223.0,20.0
CJW MEDICAL CENTER,490112,VA,READM-30-HIP-KNEE-HRRP,824.0,0.9413,32,H_RECMND_STAR_RATING,Recommend hospital - star rating,Recommend hospital - star rating,3.0,1223.0,20.0
CJW MEDICAL CENTER,490112,VA,READM-30-HIP-KNEE-HRRP,824.0,0.9413,32,H_STAR_RATING,Summary star rating,Summary star rating,3.0,1223.0,20.0
CJW MEDICAL CENTER,490112,VA,READM-30-HF-HRRP,1072.0,1.0246,209,H_COMP_1_STAR_RATING,Nurse communication - star rating,Nurse communication - star rating,3.0,1223.0,20.0
CJW MEDICAL CENTER,490112,VA,READM-30-HF-HRRP,1072.0,1.0246,209,H_COMP_2_STAR_RATING,Doctor communication - star rating,Doctor communication - star rating,2.0,1223.0,20.0
CJW MEDICAL CENTER,490112,VA,READM-30-HF-HRRP,1072.0,1.0246,209,H_COMP_5_STAR_RATING,Communication about medicines - star rating,Communication about medicines - star rating,2.0,1223.0,20.0
CJW MEDICAL CENTER,490112,VA,READM-30-HF-HRRP,1072.0,1.0246,209,H_COMP_6_STAR_RATING,Discharge information - star rating,Discharge information - star rating,3.0,1223.0,20.0
CJW MEDICAL CENTER,490112,VA,READM-30-HF-HRRP,1072.0,1.0246,209,H_CLEAN_STAR_RATING,Cleanliness - star rating,Cleanliness - star rating,3.0,1223.0,20.0
CJW MEDICAL CENTER,490112,VA,READM-30-HF-HRRP,1072.0,1.0246,209,H_QUIET_STAR_RATING,Quietness - star rating,Quietness - star rating,2.0,1223.0,20.0
CJW MEDICAL CENTER,490112,VA,READM-30-HF-HRRP,1072.0,1.0246,209,H_HSP_RATING_STAR_RATING,Overall hospital rating - star rating,Overall hospital rating - star rating,3.0,1223.0,20.0
CJW MEDICAL CENTER,490112,VA,READM-30-HF-HRRP,1072.0,1.0246,209,H_RECMND_STAR_RATING,Recommend hospital - star rating,Recommend hospital - star rating,3.0,1223.0,20.0
CJW MEDICAL CENTER,490112,VA,READM-30-HF-HRRP,1072.0,1.0246,209,H_STAR_RATING,Summary star rating,Summary star rating,3.0,1223.0,20.0
CJW MEDICAL CENTER,490112,VA,READM-30-COPD-HRRP,234.0,1.0144,42,H_COMP_1_STAR_RATING,Nurse communication - star rating,Nurse communication - star rating,3.0,1223.0,20.0
CJW MEDICAL CENTER,490112,VA,READM-30-COPD-HRRP,234.0,1.0144,42,H_COMP_2_STAR_RATING,Doctor communication - star rating,Doctor communication - star rating,2.0,1223.0,20.0
CJW MEDICAL CENTER,490112,VA,READM-30-COPD-HRRP,234.0,1.0144,42,H_COMP_5_STAR_RATING,Communication about medicines - star rating,Communication about medicines - star rating,2.0,1223.0,20.0
CJW MEDICAL CENTER,490112,VA,READM-30-COPD-HRRP,234.0,1.0144,42,H_COMP_6_STAR_RATING,Discharge information - star rating,Discharge information - star rating,3.0,1223.0,20.0
CJW MEDICAL CENTER,490112,VA,READM-30-COPD-HRRP,234.0,1.0144,42,H_CLEAN_STAR_RATING,Cleanliness - star rating,Cleanliness - star rating,3.0,1223.0,20.0
CJW MEDICAL CENTER,490112,VA,READM-30-COPD-HRRP,234.0,1.0144,42,H_QUIET_STAR_RATING,Quietness - star rating,Quietness - star rating,2.0,1223.0,20.0
CJW MEDICAL CENTER,490112,VA,READM-30-COPD-HRRP,234.0,1.0144,42,H_HSP_RATING_STAR_RATING,Overall hospital rating - star rating,Overall hospital rating - star rating,3.0,1223.0,20.0
CJW MEDICAL CENTER,490112,VA,READM-30-COPD-HRRP,234.0,1.0144,42,H_RECMND_STAR_RATING,Recommend hospital - star rating,Recommend hospital - star rating,3.0,1223.0,20.0
CJW MEDICAL CENTER,490112,VA,READM-30-COPD-HRRP,234.0,1.0144,42,H_STAR_RATING,Summary star rating,Summary star rating,3.0,1223.0,20.0
CJW MEDICAL CENTER,490112,VA,READM-30-CABG-HRRP,228.0,0.8665,21,H_COMP_1_STAR_RATING,Nurse communication - star rating,Nurse communication - star rating,3.0,1223.0,20.0
CJW MEDICAL CENTER,490112,VA,READM-30-CABG-HRRP,228.0,0.8665,21,H_COMP_2_STAR_RATING,Doctor communication - star rating,Doctor communication - star rating,2.0,1223.0,20.0
CJW MEDICAL CENTER,490112,VA,READM-30-CABG-HRRP,228.0,0.8665,21,H_COMP_5_STAR_RATING,Communication about medicines - star rating,Communication about medicines - star rating,2.0,1223.0,20.0
CJW MEDICAL CENTER,490112,VA,READM-30-CABG-HRRP,228.0,0.8665,21,H_COMP_6_STAR_RATING,Discharge information - star rating,Discharge information - star rating,3.0,1223.0,20.0
CJW MEDICAL CENTER,490112,VA,READM-30-CABG-HRRP,228.0,0.8665,21,H_CLEAN_STAR_RATING,Cleanliness - star rating,Cleanliness - star rating,3.0,1223.0,20.0
CJW MEDICAL CENTER,490112,VA,READM-30-CABG-HRRP,228.0,0.8665,21,H_QUIET_STAR_RATING,Quietness - star rating,Quietness - star rating,2.0,1223.0,20.0
CJW MEDICAL CENTER,490112,VA,READM-30-CABG-HRRP,228.0,0.8665,21,H_HSP_RATING_STAR_RATING,Overall hospital rating - star rating,Overall hospital rating - star rating,3.0,1223.0,20.0
CJW MEDICAL CENTER,490112,VA,READM-30-CABG-HRRP,228.0,0.8665,21,H_RECMND_STAR_RATING,Recommend hospital - star rating,Recommend hospital - star rating,3.0,1223.0,20.0
CJW MEDICAL CENTER,490112,VA,READM-30-CABG-HRRP,228.0,0.8665,21,H_STAR_RATING,Summary star rating,Summary star rating,3.0,1223.0,20.0
CJW MEDICAL CENTER,490112,VA,READM-30-AMI-HRRP,441.0,1.0522,66,H_COMP_1_STAR_RATING,Nurse communication - star rating,Nurse communication - star rating,3.0,1223.0,20.0
CJW MEDICAL CENTER,490112,VA,READM-30-AMI-HRRP,441.0,1.0522,66,H_COMP_2_STAR_RATING,Doctor communication - star rating,Doctor communication - star rating,2.0,1223.0,20.0
CJW MEDICAL CENTER,490112,VA,READM-30-AMI-HRRP,441.0,1.0522,66,H_COMP_5_STAR_RATING,Communication about medicines - star rating,Communication about medicines - star rating,2.0,1223.0,20.0
CJW MEDICAL CENTER,490112,VA,READM-30-AMI-HRRP,441.0,1.0522,66,H_COMP_6_STAR_RATING,Discharge information - star rating,Discharge information - star rating,3.0,1223.0,20.0
CJW MEDICAL CENTER,490112,VA,READM-30-AMI-HRRP,441.0,1.0522,66,H_CLEAN_STAR_RATING,Cleanliness - star rating,Cleanliness - star rating,3.0,1223.0,20.0
CJW MEDICAL CENTER,490112,VA,READM-30-AMI-HRRP,441.0,1.0522,66,H_QUIET_STAR_RATING,Quietness - star rating,Quietness - star rating,2.0,1223.0,20.0
CJW MEDICAL CENTER,490112,VA,READM-30-AMI-HRRP,441.0,1.0522,66,H_HSP_RATING_STAR_RATING,Overall hospital rating - star rating,Overall hospital rating - star rating,3.0,1223.0,20.0
CJW MEDICAL CENTER,490112,VA,READM-30-AMI-HRRP,441.0,1.0522,66,H_RECMND_STAR_RATING,Recommend hospital - star rating,Recommend hospital - star rating,3.0,1223.0,20.0
CJW MEDICAL CENTER,490112,VA,READM-30-AMI-HRRP,441.0,1.0522,66,H_STAR_RATING,Summary star rating,Summary star rating,3.0,1223.0,20.0
SENTARA NORTHERN VIRGINIA MEDICAL CENTER,490113,VA,READM-30-PN-HRRP,443.0,1.0594,79,H_COMP_1_STAR_RATING,Nurse communication - star rating,Nurse communication - star rating,3.0,845.0,16.0
SENTARA NORTHERN VIRGINIA MEDICAL CENTER,490113,VA,READM-30-PN-HRRP,443.0,1.0594,79,H_COMP_2_STAR_RATING,Doctor communication - star rating,Doctor communication - star rating,2.0,845.0,16.0
SENTARA NORTHERN VIRGINIA MEDICAL CENTER,490113,VA,READM-30-PN-HRRP,443.0,1.0594,79,H_COMP_5_STAR_RATING,Communication about medicines - star rating,Communication about medicines - star rating,2.0,845.0,16.0
SENTARA NORTHERN VIRGINIA MEDICAL CENTER,490113,VA,READM-30-PN-HRRP,443.0,1.0594,79,H_COMP_6_STAR_RATING,Discharge information - star rating,Discharge information - star rating,3.0,845.0,16.0
SENTARA NORTHERN VIRGINIA MEDICAL CENTER,490113,VA,READM-30-PN-HRRP,443.0,1.0594,79,H_CLEAN_STAR_RATING,Cleanliness - star rating,Cleanliness - star rating,4.0,845.0,16.0
SENTARA NORTHERN VIRGINIA MEDICAL CENTER,490113,VA,READM-30-PN-HRRP,443.0,1.0594,79,H_QUIET_STAR_RATING,Quietness - star rating,Quietness - star rating,3.0,845.0,16.0
SENTARA NORTHERN VIRGINIA MEDICAL CENTER,490113,VA,READM-30-PN-HRRP,443.0,1.0594,79,H_HSP_RATING_STAR_RATING,Overall hospital rating - star rating,Overall hospital rating - star rating,3.0,845.0,16.0
SENTARA NORTHERN VIRGINIA MEDICAL CENTER,490113,VA,READM-30-PN-HRRP,443.0,1.0594,79,H_RECMND_STAR_RATING,Recommend hospital - star rating,Recommend hospital - star rating,3.0,845.0,16.0
SENTARA NORTHERN VIRGINIA MEDICAL CENTER,490113,VA,READM-30-PN-HRRP,443.0,1.0594,79,H_STAR_RATING,Summary star rating,Summary star rating,3.0,845.0,16.0
SENTARA NORTHERN VIRGINIA MEDICAL CENTER,490113,VA,READM-30-HF-HRRP,506.0,1.0877,116,H_COMP_1_STAR_RATING,Nurse communication - star rating,Nurse communication - star rating,3.0,845.0,16.0
SENTARA NORTHERN VIRGINIA MEDICAL CENTER,490113,VA,READM-30-HF-HRRP,506.0,1.0877,116,H_COMP_2_STAR_RATING,Doctor communication - star rating,Doctor communication - star rating,2.0,845.0,16.0
SENTARA NORTHERN VIRGINIA MEDICAL CENTER,490113,VA,READM-30-HF-HRRP,506.0,1.0877,116,H_COMP_5_STAR_RATING,Communication about medicines - star rating,Communication about medicines - star rating,2.0,845.0,16.0
SENTARA NORTHERN VIRGINIA MEDICAL CENTER,490113,VA,READM-30-HF-HRRP,506.0,1.0877,116,H_COMP_6_STAR_RATING,Discharge information - star rating,Discharge information - star rating,3.0,845.0,16.0
SENTARA NORTHERN VIRGINIA MEDICAL CENTER,490113,VA,READM-30-HF-HRRP,506.0,1.0877,116,H_CLEAN_STAR_RATING,Cleanliness - star rating,Cleanliness - star rating,4.0,845.0,16.0
SENTARA NORTHERN VIRGINIA MEDICAL CENTER,490113,VA,READM-30-HF-HRRP,506.0,1.0877,116,H_QUIET_STAR_RATING,Quietness - star rating,Quietness - star rating,3.0,845.0,16.0
SENTARA NORTHERN VIRGINIA MEDICAL CENTER,490113,VA,READM-30-HF-HRRP,506.0,1.0877,116,H_HSP_RATING_STAR_RATING,Overall hospital rating - star rating,Overall hospital rating - star rating,3.0,845.0,16.0
SENTARA NORTHERN VIRGINIA MEDICAL CENTER,490113,VA,READM-30-HF-HRRP,506.0,1.0877,116,H_RECMND_STAR_RATING,Recommend hospital - star rating,Recommend hospital - star rating,3.0,845.0,16.0
SENTARA NORTHERN VIRGINIA MEDICAL CENTER,490113,VA,READM-30-HF-HRRP,506.0,1.0877,116,H_STAR_RATING,Summary star rating,Summary star rating,3.0,845.0,16.0
SENTARA NORTHERN VIRGINIA MEDICAL CENTER,490113,VA,READM-30-COPD-HRRP,136.0,1.0426,31,H_COMP_1_STAR_RATING,Nurse communication - star rating,Nurse communication - star rating,3.0,845.0,16.0
SENTARA NORTHERN VIRGINIA MEDICAL CENTER,490113,VA,READM-30-COPD-HRRP,136.0,1.0426,31,H_COMP_2_STAR_RATING,Doctor communication - star rating,Doctor communication - star rating,2.0,845.0,16.0
SENTARA NORTHERN VIRGINIA MEDICAL CENTER,490113,VA,READM-30-COPD-HRRP,136.0,1.0426,31,H_COMP_5_STAR_RATING,Communication about medicines - star rating,Communication about medicines - star rating,2.0,845.0,16.0
SENTARA NORTHERN VIRGINIA MEDICAL CENTER,490113,VA,READM-30-COPD-HRRP,136.0,1.0426,31,H_COMP_6_STAR_RATING,Discharge information - star rating,Discharge information - star rating,3.0,845.0,16.0
SENTARA NORTHERN VIRGINIA MEDICAL CENTER,490113,VA,READM-30-COPD-HRRP,136.0,1.0426,31,H_CLEAN_STAR_RATING,Cleanliness - star rating,Cleanliness - star rating,4.0,845.0,16.0
SENTARA NORTHERN VIRGINIA MEDICAL CENTER,490113,VA,READM-30-COPD-HRRP,136.0,1.0426,31,H_QUIET_STAR_RATING,Quietness - star rating,Quietness - star rating,3.0,845.0,16.0
SENTARA NORTHERN VIRGINIA MEDICAL CENTER,490113,VA,READM-30-COPD-HRRP,136.0,1.0426,31,H_HSP_RATING_STAR_RATING,Overall hospital rating - star rating,Overall hospital rating - star rating,3.0,845.0,16.0
SENTARA NORTHERN VIRGINIA MEDICAL CENTER,490113,VA,READM-30-COPD-HRRP,136.0,1.0426,31,H_RECMND_STAR_RATING,Recommend hospital - star rating,Recommend hospital - star rating,3.0,845.0,16.0
SENTARA NORTHERN VIRGINIA MEDICAL CENTER,490113,VA,READM-30-COPD-HRRP,136.0,1.0426,31,H_STAR_RATING,Summary star rating,Summary star rating,3.0,845.0,16.0
SENTARA NORTHERN VIRGINIA MEDICAL CENTER,490113,VA,READM-30-AMI-HRRP,95.0,1.033,15,H_COMP_1_STAR_RATING,Nurse communication - star rating,Nurse communication - star rating,3.0,845.0,16.0
SENTARA NORTHERN VIRGINIA MEDICAL CENTER,490113,VA,READM-30-AMI-HRRP,95.0,1.033,15,H_COMP_2_STAR_RATING,Doctor communication - star rating,Doctor communication - star rating,2.0,845.0,16.0
SENTARA NORTHERN VIRGINIA MEDICAL CENTER,490113,VA,READM-30-AMI-HRRP,95.0,1.033,15,H_COMP_5_STAR_RATING,Communication about medicines - star rating,Communication about medicines - star rating,2.0,845.0,16.0
SENTARA NORTHERN VIRGINIA MEDICAL CENTER,490113,VA,READM-30-AMI-HRRP,95.0,1.033,15,H_COMP_6_STAR_RATING,Discharge information - star rating,Discharge information - star rating,3.0,845.0,16.0
SENTARA NORTHERN VIRGINIA MEDICAL CENTER,490113,VA,READM-30-AMI-HRRP,95.0,1.033,15,H_CLEAN_STAR_RATING,Cleanliness - star rating,Cleanliness - star rating,4.0,845.0,16.0
SENTARA NORTHERN VIRGINIA MEDICAL CENTER,490113,VA,READM-30-AMI-HRRP,95.0,1.033,15,H_QUIET_STAR_RATING,Quietness - star rating,Quietness - star rating,3.0,845.0,16.0
SENTARA NORTHERN VIRGINIA MEDICAL CENTER,490113,VA,READM-30-AMI-HRRP,95.0,1.033,15,H_HSP_RATING_STAR_RATING,Overall hospital rating - star rating,Overall hospital rating - star rating,3.0,845.0,16.0
SENTARA NORTHERN VIRGINIA MEDICAL CENTER,490113,VA,READM-30-AMI-HRRP,95.0,1.033,15,H_RECMND_STAR_RATING,Recommend hospital - star rating,Recommend hospital - star rating,3.0,845.0,16.0
SENTARA NORTHERN VIRGINIA MEDICAL CENTER,490113,VA,READM-30-AMI-HRRP,95.0,1.033,15,H_STAR_RATING,Summary star rating,Summary star rating,3.0,845.0,16.0
LONESOME PINE HOSPITAL,490114,VA,READM-30-PN-HRRP,203.0,1.0454,39,H_COMP_1_STAR_RATING,Nurse communication - star rating,Nurse communication - star rating,5.0,154.0,16.0
LONESOME PINE HOSPITAL,490114,VA,READM-30-PN-HRRP,203.0,1.0454,39,H_COMP_2_STAR_RATING,Doctor communication - star rating,Doctor communication - star rating,5.0,154.0,16.0
LONESOME PINE HOSPITAL,490114,VA,READM-30-PN-HRRP,203.0,1.0454,39,H_COMP_5_STAR_RATING,Communication about medicines - star rating,Communication about medicines - star rating,4.0,154.0,16.0
LONESOME PINE HOSPITAL,490114,VA,READM-30-PN-HRRP,203.0,1.0454,39,H_COMP_6_STAR_RATING,Discharge information - star rating,Discharge information - star rating,5.0,154.0,16.0
LONESOME PINE HOSPITAL,490114,VA,READM-30-PN-HRRP,203.0,1.0454,39,H_CLEAN_STAR_RATING,Cleanliness - star rating,Cleanliness - star rating,5.0,154.0,16.0
LONESOME PINE HOSPITAL,490114,VA,READM-30-PN-HRRP,203.0,1.0454,39,H_QUIET_STAR_RATING,Quietness - star rating,Quietness - star rating,4.0,154.0,16.0
LONESOME PINE HOSPITAL,490114,VA,READM-30-PN-HRRP,203.0,1.0454,39,H_HSP_RATING_STAR_RATING,Overall hospital rating - star rating,Overall hospital rating - star rating,4.0,154.0,16.0
LONESOME PINE HOSPITAL,490114,VA,READM-30-PN-HRRP,203.0,1.0454,39,H_RECMND_STAR_RATING,Recommend hospital - star rating,Recommend hospital - star rating,4.0,154.0,16.0
LONESOME PINE HOSPITAL,490114,VA,READM-30-PN-HRRP,203.0,1.0454,39,H_STAR_RATING,Summary star rating,Summary star rating,5.0,154.0,16.0
LONESOME PINE HOSPITAL,490114,VA,READM-30-COPD-HRRP,53.0,1.0015,11,H_COMP_1_STAR_RATING,Nurse communication - star rating,Nurse communication - star rating,5.0,154.0,16.0
LONESOME PINE HOSPITAL,490114,VA,READM-30-COPD-HRRP,53.0,1.0015,11,H_COMP_2_STAR_RATING,Doctor communication - star rating,Doctor communication - star rating,5.0,154.0,16.0
LONESOME PINE HOSPITAL,490114,VA,READM-30-COPD-HRRP,53.0,1.0015,11,H_COMP_5_STAR_RATING,Communication about medicines - star rating,Communication about medicines - star rating,4.0,154.0,16.0
LONESOME PINE HOSPITAL,490114,VA,READM-30-COPD-HRRP,53.0,1.0015,11,H_COMP_6_STAR_RATING,Discharge information - star rating,Discharge information - star rating,5.0,154.0,16.0
LONESOME PINE HOSPITAL,490114,VA,READM-30-COPD-HRRP,53.0,1.0015,11,H_CLEAN_STAR_RATING,Cleanliness - star rating,Cleanliness - star rating,5.0,154.0,16.0
LONESOME PINE HOSPITAL,490114,VA,READM-30-COPD-HRRP,53.0,1.0015,11,H_QUIET_STAR_RATING,Quietness - star rating,Quietness - star rating,4.0,154.0,16.0
LONESOME PINE HOSPITAL,490114,VA,READM-30-COPD-HRRP,53.0,1.0015,11,H_HSP_RATING_STAR_RATING,Overall hospital rating - star rating,Overall hospital rating - star rating,4.0,154.0,16.0
LONESOME PINE HOSPITAL,490114,VA,READM-30-COPD-HRRP,53.0,1.0015,11,H_RECMND_STAR_RATING,Recommend hospital - star rating,Recommend hospital - star rating,4.0,154.0,16.0
LONESOME PINE HOSPITAL,490114,VA,READM-30-COPD-HRRP,53.0,1.0015,11,H_STAR_RATING,Summary star rating,Summary star rating,5.0,154.0,16.0
TWIN COUNTY REGIONAL HOSPITAL,490115,VA,READM-30-PN-HRRP,154.0,1.0347,28,H_COMP_1_STAR_RATING,Nurse communication - star rating,Nurse communication - star rating,3.0,195.0,18.0
TWIN COUNTY REGIONAL HOSPITAL,490115,VA,READM-30-PN-HRRP,154.0,1.0347,28,H_COMP_2_STAR_RATING,Doctor communication - star rating,Doctor communication - star rating,3.0,195.0,18.0
TWIN COUNTY REGIONAL HOSPITAL,490115,VA,READM-30-PN-HRRP,154.0,1.0347,28,H_COMP_5_STAR_RATING,Communication about medicines - star rating,Communication about medicines - star rating,2.0,195.0,18.0
TWIN COUNTY REGIONAL HOSPITAL,490115,VA,READM-30-PN-HRRP,154.0,1.0347,28,H_COMP_6_STAR_RATING,Discharge information - star rating,Discharge information - star rating,4.0,195.0,18.0
TWIN COUNTY REGIONAL HOSPITAL,490115,VA,READM-30-PN-HRRP,154.0,1.0347,28,H_CLEAN_STAR_RATING,Cleanliness - star rating,Cleanliness - star rating,4.0,195.0,18.0
TWIN COUNTY REGIONAL HOSPITAL,490115,VA,READM-30-PN-HRRP,154.0,1.0347,28,H_QUIET_STAR_RATING,Quietness - star rating,Quietness - star rating,3.0,195.0,18.0
TWIN COUNTY REGIONAL HOSPITAL,490115,VA,READM-30-PN-HRRP,154.0,1.0347,28,H_HSP_RATING_STAR_RATING,Overall hospital rating - star rating,Overall hospital rating - star rating,3.0,195.0,18.0
TWIN COUNTY REGIONAL HOSPITAL,490115,VA,READM-30-PN-HRRP,154.0,1.0347,28,H_RECMND_STAR_RATING,Recommend hospital - star rating,Recommend hospital - star rating,2.0,195.0,18.0
TWIN COUNTY REGIONAL HOSPITAL,490115,VA,READM-30-PN-HRRP,154.0,1.0347,28,H_STAR_RATING,Summary star rating,Summary star rating,3.0,195.0,18.0
TWIN COUNTY REGIONAL HOSPITAL,490115,VA,READM-30-HF-HRRP,107.0,1.0363,26,H_COMP_1_STAR_RATING,Nurse communication - star rating,Nurse communication - star rating,3.0,195.0,18.0
TWIN COUNTY REGIONAL HOSPITAL,490115,VA,READM-30-HF-HRRP,107.0,1.0363,26,H_COMP_2_STAR_RATING,Doctor communication - star rating,Doctor communication - star rating,3.0,195.0,18.0
TWIN COUNTY REGIONAL HOSPITAL,490115,VA,READM-30-HF-HRRP,107.0,1.0363,26,H_COMP_5_STAR_RATING,Communication about medicines - star rating,Communication about medicines - star rating,2.0,195.0,18.0
TWIN COUNTY REGIONAL HOSPITAL,490115,VA,READM-30-HF-HRRP,107.0,1.0363,26,H_COMP_6_STAR_RATING,Discharge information - star rating,Discharge information - star rating,4.0,195.0,18.0
TWIN COUNTY REGIONAL HOSPITAL,490115,VA,READM-30-HF-HRRP,107.0,1.0363,26,H_CLEAN_STAR_RATING,Cleanliness - star rating,Cleanliness - star rating,4.0,195.0,18.0
TWIN COUNTY REGIONAL HOSPITAL,490115,VA,READM-30-HF-HRRP,107.0,1.0363,26,H_QUIET_STAR_RATING,Quietness - star rating,Quietness - star rating,3.0,195.0,18.0
TWIN COUNTY REGIONAL HOSPITAL,490115,VA,READM-30-HF-HRRP,107.0,1.0363,26,H_HSP_RATING_STAR_RATING,Overall hospital rating - star rating,Overall hospital rating - star rating,3.0,195.0,18.0
TWIN COUNTY REGIONAL HOSPITAL,490115,VA,READM-30-HF-HRRP,107.0,1.0363,26,H_RECMND_STAR_RATING,Recommend hospital - star rating,Recommend hospital - star rating,2.0,195.0,18.0
TWIN COUNTY REGIONAL HOSPITAL,490115,VA,READM-30-HF-HRRP,107.0,1.0363,26,H_STAR_RATING,Summary star rating,Summary star rating,3.0,195.0,18.0
LEWISGALE HOSPITAL PULASKI,490116,VA,READM-30-PN-HRRP,100.0,0.987,14,H_COMP_1_STAR_RATING,Nurse communication - star rating,Nurse communication - star rating,5.0,138.0,16.0
LEWISGALE HOSPITAL PULASKI,490116,VA,READM-30-PN-HRRP,100.0,0.987,14,H_COMP_2_STAR_RATING,Doctor communication - star rating,Doctor communication - star rating,5.0,138.0,16.0
LEWISGALE HOSPITAL PULASKI,490116,VA,READM-30-PN-HRRP,100.0,0.987,14,H_COMP_5_STAR_RATING,Communication about medicines - star rating,Communication about medicines - star rating,3.0,138.0,16.0
LEWISGALE HOSPITAL PULASKI,490116,VA,READM-30-PN-HRRP,100.0,0.987,14,H_COMP_6_STAR_RATING,Discharge information - star rating,Discharge information - star rating,4.0,138.0,16.0
LEWISGALE HOSPITAL PULASKI,490116,VA,READM-30-PN-HRRP,100.0,0.987,14,H_CLEAN_STAR_RATING,Cleanliness - star rating,Cleanliness - star rating,5.0,138.0,16.0
LEWISGALE HOSPITAL PULASKI,490116,VA,READM-30-PN-HRRP,100.0,0.987,14,H_QUIET_STAR_RATING,Quietness - star rating,Quietness - star rating,5.0,138.0,16.0
LEWISGALE HOSPITAL PULASKI,490116,VA,READM-30-PN-HRRP,100.0,0.987,14,H_HSP_RATING_STAR_RATING,Overall hospital rating - star rating,Overall hospital rating - star rating,5.0,138.0,16.0
LEWISGALE HOSPITAL PULASKI,490116,VA,READM-30-PN-HRRP,100.0,0.987,14,H_RECMND_STAR_RATING,Recommend hospital - star rating,Recommend hospital - star rating,5.0,138.0,16.0
LEWISGALE HOSPITAL PULASKI,490116,VA,READM-30-PN-HRRP,100.0,0.987,14,H_STAR_RATING,Summary star rating,Summary star rating,5.0,138.0,16.0
LEWISGALE HOSPITAL PULASKI,490116,VA,READM-30-HF-HRRP,92.0,1.0015,18,H_COMP_1_STAR_RATING,Nurse communication - star rating,Nurse communication - star rating,5.0,138.0,16.0
LEWISGALE HOSPITAL PULASKI,490116,VA,READM-30-HF-HRRP,92.0,1.0015,18,H_COMP_2_STAR_RATING,Doctor communication - star rating,Doctor communication - star rating,5.0,138.0,16.0
LEWISGALE HOSPITAL PULASKI,490116,VA,READM-30-HF-HRRP,92.0,1.0015,18,H_COMP_5_STAR_RATING,Communication about medicines - star rating,Communication about medicines - star rating,3.0,138.0,16.0
LEWISGALE HOSPITAL PULASKI,490116,VA,READM-30-HF-HRRP,92.0,1.0015,18,H_COMP_6_STAR_RATING,Discharge information - star rating,Discharge information - star rating,4.0,138.0,16.0
LEWISGALE HOSPITAL PULASKI,490116,VA,READM-30-HF-HRRP,92.0,1.0015,18,H_CLEAN_STAR_RATING,Cleanliness - star rating,Cleanliness - star rating,5.0,138.0,16.0
LEWISGALE HOSPITAL PULASKI,490116,VA,READM-30-HF-HRRP,92.0,1.0015,18,H_QUIET_STAR_RATING,Quietness - star rating,Quietness - star rating,5.0,138.0,16.0
LEWISGALE HOSPITAL PULASKI,490116,VA,READM-30-HF-HRRP,92.0,1.0015,18,H_HSP_RATING_STAR_RATING,Overall hospital rating - star rating,Overall hospital rating - star rating,5.0,138.0,16.0
LEWISGALE HOSPITAL PULASKI,490116,VA,READM-30-HF-HRRP,92.0,1.0015,18,H_RECMND_STAR_RATING,Recommend hospital - star rating,Recommend hospital - star rating,5.0,138.0,16.0
LEWISGALE HOSPITAL PULASKI,490116,VA,READM-30-HF-HRRP,92.0,1.0015,18,H_STAR_RATING,Summary star rating,Summary star rating,5.0,138.0,16.0
HENRICO DOCTORS' HOSPITAL,490118,VA,READM-30-PN-HRRP,558.0,1.0494,91,H_COMP_1_STAR_RATING,Nurse communication - star rating,Nurse communication - star rating,2.0,1224.0,21.0
HENRICO DOCTORS' HOSPITAL,490118,VA,READM-30-PN-HRRP,558.0,1.0494,91,H_COMP_2_STAR_RATING,Doctor communication - star rating,Doctor communication - star rating,2.0,1224.0,21.0
HENRICO DOCTORS' HOSPITAL,490118,VA,READM-30-PN-HRRP,558.0,1.0494,91,H_COMP_5_STAR_RATING,Communication about medicines - star rating,Communication about medicines - star rating,2.0,1224.0,21.0
HENRICO DOCTORS' HOSPITAL,490118,VA,READM-30-PN-HRRP,558.0,1.0494,91,H_COMP_6_STAR_RATING,Discharge information - star rating,Discharge information - star rating,2.0,1224.0,21.0
HENRICO DOCTORS' HOSPITAL,490118,VA,READM-30-PN-HRRP,558.0,1.0494,91,H_CLEAN_STAR_RATING,Cleanliness - star rating,Cleanliness - star rating,3.0,1224.0,21.0
HENRICO DOCTORS' HOSPITAL,490118,VA,READM-30-PN-HRRP,558.0,1.0494,91,H_QUIET_STAR_RATING,Quietness - star rating,Quietness - star rating,3.0,1224.0,21.0
HENRICO DOCTORS' HOSPITAL,490118,VA,READM-30-PN-HRRP,558.0,1.0494,91,H_HSP_RATING_STAR_RATING,Overall hospital rating - star rating,Overall hospital rating - star rating,3.0,1224.0,21.0
HENRICO DOCTORS' HOSPITAL,490118,VA,READM-30-PN-HRRP,558.0,1.0494,91,H_RECMND_STAR_RATING,Recommend hospital - star rating,Recommend hospital - star rating,3.0,1224.0,21.0
HENRICO DOCTORS' HOSPITAL,490118,VA,READM-30-PN-HRRP,558.0,1.0494,91,H_STAR_RATING,Summary star rating,Summary star rating,2.0,1224.0,21.0
HENRICO DOCTORS' HOSPITAL,490118,VA,READM-30-HIP-KNEE-HRRP,164.0,1.2189,12,H_COMP_1_STAR_RATING,Nurse communication - star rating,Nurse communication - star rating,2.0,1224.0,21.0
HENRICO DOCTORS' HOSPITAL,490118,VA,READM-30-HIP-KNEE-HRRP,164.0,1.2189,12,H_COMP_2_STAR_RATING,Doctor communication - star rating,Doctor communication - star rating,2.0,1224.0,21.0
HENRICO DOCTORS' HOSPITAL,490118,VA,READM-30-HIP-KNEE-HRRP,164.0,1.2189,12,H_COMP_5_STAR_RATING,Communication about medicines - star rating,Communication about medicines - star rating,2.0,1224.0,21.0
HENRICO DOCTORS' HOSPITAL,490118,VA,READM-30-HIP-KNEE-HRRP,164.0,1.2189,12,H_COMP_6_STAR_RATING,Discharge information - star rating,Discharge information - star rating,2.0,1224.0,21.0
HENRICO DOCTORS' HOSPITAL,490118,VA,READM-30-HIP-KNEE-HRRP,164.0,1.2189,12,H_CLEAN_STAR_RATING,Cleanliness - star rating,Cleanliness - star rating,3.0,1224.0,21.0
HENRICO DOCTORS' HOSPITAL,490118,VA,READM-30-HIP-KNEE-HRRP,164.0,1.2189,12,H_QUIET_STAR_RATING,Quietness - star rating,Quietness - star rating,3.0,1224.0,21.0
HENRICO DOCTORS' HOSPITAL,490118,VA,READM-30-HIP-KNEE-HRRP,164.0,1.2189,12,H_HSP_RATING_STAR_RATING,Overall hospital rating - star rating,Overall hospital rating - star rating,3.0,1224.0,21.0
HENRICO DOCTORS' HOSPITAL,490118,VA,READM-30-HIP-KNEE-HRRP,164.0,1.2189,12,H_RECMND_STAR_RATING,Recommend hospital - star rating,Recommend hospital - star rating,3.0,1224.0,21.0
HENRICO DOCTORS' HOSPITAL,490118,VA,READM-30-HIP-KNEE-HRRP,164.0,1.2189,12,H_STAR_RATING,Summary star rating,Summary star rating,2.0,1224.0,21.0
HENRICO DOCTORS' HOSPITAL,490118,VA,READM-30-HF-HRRP,686.0,1.0119,125,H_COMP_1_STAR_RATING,Nurse communication - star rating,Nurse communication - star rating,2.0,1224.0,21.0
HENRICO DOCTORS' HOSPITAL,490118,VA,READM-30-HF-HRRP,686.0,1.0119,125,H_COMP_2_STAR_RATING,Doctor communication - star rating,Doctor communication - star rating,2.0,1224.0,21.0
HENRICO DOCTORS' HOSPITAL,490118,VA,READM-30-HF-HRRP,686.0,1.0119,125,H_COMP_5_STAR_RATING,Communication about medicines - star rating,Communication about medicines - star rating,2.0,1224.0,21.0
HENRICO DOCTORS' HOSPITAL,490118,VA,READM-30-HF-HRRP,686.0,1.0119,125,H_COMP_6_STAR_RATING,Discharge information - star rating,Discharge information - star rating,2.0,1224.0,21.0
HENRICO DOCTORS' HOSPITAL,490118,VA,READM-30-HF-HRRP,686.0,1.0119,125,H_CLEAN_STAR_RATING,Cleanliness - star rating,Cleanliness - star rating,3.0,1224.0,21.0
HENRICO DOCTORS' HOSPITAL,490118,VA,READM-30-HF-HRRP,686.0,1.0119,125,H_QUIET_STAR_RATING,Quietness - star rating,Quietness - star rating,3.0,1224.0,21.0
HENRICO DOCTORS' HOSPITAL,490118,VA,READM-30-HF-HRRP,686.0,1.0119,125,H_HSP_RATING_STAR_RATING,Overall hospital rating - star rating,Overall hospital rating - star rating,3.0,1224.0,21.0
HENRICO DOCTORS' HOSPITAL,490118,VA,READM-30-HF-HRRP,686.0,1.0119,125,H_RECMND_STAR_RATING,Recommend hospital - star rating,Recommend hospital - star rating,3.0,1224.0,21.0
HENRICO DOCTORS' HOSPITAL,490118,VA,READM-30-HF-HRRP,686.0,1.0119,125,H_STAR_RATING,Summary star rating,Summary star rating,2.0,1224.0,21.0
HENRICO DOCTORS' HOSPITAL,490118,VA,READM-30-COPD-HRRP,157.0,1.0392,31,H_COMP_1_STAR_RATING,Nurse communication - star rating,Nurse communication - star rating,2.0,1224.0,21.0
HENRICO DOCTORS' HOSPITAL,490118,VA,READM-30-COPD-HRRP,157.0,1.0392,31,H_COMP_2_STAR_RATING,Doctor communication - star rating,Doctor communication - star rating,2.0,1224.0,21.0
HENRICO DOCTORS' HOSPITAL,490118,VA,READM-30-COPD-HRRP,157.0,1.0392,31,H_COMP_5_STAR_RATING,Communication about medicines - star rating,Communication about medicines - star rating,2.0,1224.0,21.0
HENRICO DOCTORS' HOSPITAL,490118,VA,READM-30-COPD-HRRP,157.0,1.0392,31,H_COMP_6_STAR_RATING,Discharge information - star rating,Discharge information - star rating,2.0,1224.0,21.0
HENRICO DOCTORS' HOSPITAL,490118,VA,READM-30-COPD-HRRP,157.0,1.0392,31,H_CLEAN_STAR_RATING,Cleanliness - star rating,Cleanliness - star rating,3.0,1224.0,21.0
HENRICO DOCTORS' HOSPITAL,490118,VA,READM-30-COPD-HRRP,157.0,1.0392,31,H_QUIET_STAR_RATING,Quietness - star rating,Quietness - star rating,3.0,1224.0,21.0
HENRICO DOCTORS' HOSPITAL,490118,VA,READM-30-COPD-HRRP,157.0,1.0392,31,H_HSP_RATING_STAR_RATING,Overall hospital rating - star rating,Overall hospital rating - star rating,3.0,1224.0,21.0
HENRICO DOCTORS' HOSPITAL,490118,VA,READM-30-COPD-HRRP,157.0,1.0392,31,H_RECMND_STAR_RATING,Recommend hospital - star rating,Recommend hospital - star rating,3.0,1224.0,21.0
HENRICO DOCTORS' HOSPITAL,490118,VA,READM-30-COPD-HRRP,157.0,1.0392,31,H_STAR_RATING,Summary star rating,Summary star rating,2.0,1224.0,21.0
HENRICO DOCTORS' HOSPITAL,490118,VA,READM-30-CABG-HRRP,127.0,1.042,16,H_COMP_1_STAR_RATING,Nurse communication - star rating,Nurse communication - star rating,2.0,1224.0,21.0
HENRICO DOCTORS' HOSPITAL,490118,VA,READM-30-CABG-HRRP,127.0,1.042,16,H_COMP_2_STAR_RATING,Doctor communication - star rating,Doctor communication - star rating,2.0,1224.0,21.0
HENRICO DOCTORS' HOSPITAL,490118,VA,READM-30-CABG-HRRP,127.0,1.042,16,H_COMP_5_STAR_RATING,Communication about medicines - star rating,Communication about medicines - star rating,2.0,1224.0,21.0
HENRICO DOCTORS' HOSPITAL,490118,VA,READM-30-CABG-HRRP,127.0,1.042,16,H_COMP_6_STAR_RATING,Discharge information - star rating,Discharge information - star rating,2.0,1224.0,21.0
HENRICO DOCTORS' HOSPITAL,490118,VA,READM-30-CABG-HRRP,127.0,1.042,16,H_CLEAN_STAR_RATING,Cleanliness - star rating,Cleanliness - star rating,3.0,1224.0,21.0
HENRICO DOCTORS' HOSPITAL,490118,VA,READM-30-CABG-HRRP,127.0,1.042,16,H_QUIET_STAR_RATING,Quietness - star rating,Quietness - star rating,3.0,1224.0,21.0
HENRICO DOCTORS' HOSPITAL,490118,VA,READM-30-CABG-HRRP,127.0,1.042,16,H_HSP_RATING_STAR_RATING,Overall hospital rating - star rating,Overall hospital rating - star rating,3.0,1224.0,21.0
HENRICO DOCTORS' HOSPITAL,490118,VA,READM-30-CABG-HRRP,127.0,1.042,16,H_RECMND_STAR_RATING,Recommend hospital - star rating,Recommend hospital - star rating,3.0,1224.0,21.0
HENRICO DOCTORS' HOSPITAL,490118,VA,READM-30-CABG-HRRP,127.0,1.042,16,H_STAR_RATING,Summary star rating,Summary star rating,2.0,1224.0,21.0
HENRICO DOCTORS' HOSPITAL,490118,VA,READM-30-AMI-HRRP,305.0,1.0599,44,H_COMP_1_STAR_RATING,Nurse communication - star rating,Nurse communication - star rating,2.0,1224.0,21.0
HENRICO DOCTORS' HOSPITAL,490118,VA,READM-30-AMI-HRRP,305.0,1.0599,44,H_COMP_2_STAR_RATING,Doctor communication - star rating,Doctor communication - star rating,2.0,1224.0,21.0
HENRICO DOCTORS' HOSPITAL,490118,VA,READM-30-AMI-HRRP,305.0,1.0599,44,H_COMP_5_STAR_RATING,Communication about medicines - star rating,Communication about medicines - star rating,2.0,1224.0,21.0
HENRICO DOCTORS' HOSPITAL,490118,VA,READM-30-AMI-HRRP,305.0,1.0599,44,H_COMP_6_STAR_RATING,Discharge information - star rating,Discharge information - star rating,2.0,1224.0,21.0
HENRICO DOCTORS' HOSPITAL,490118,VA,READM-30-AMI-HRRP,305.0,1.0599,44,H_CLEAN_STAR_RATING,Cleanliness - star rating,Cleanliness - star rating,3.0,1224.0,21.0
HENRICO DOCTORS' HOSPITAL,490118,VA,READM-30-AMI-HRRP,305.0,1.0599,44,H_QUIET_STAR_RATING,Quietness - star rating,Quietness - star rating,3.0,1224.0,21.0
HENRICO DOCTORS' HOSPITAL,490118,VA,READM-30-AMI-HRRP,305.0,1.0599,44,H_HSP_RATING_STAR_RATING,Overall hospital rating - star rating,Overall hospital rating - star rating,3.0,1224.0,21.0
HENRICO DOCTORS' HOSPITAL,490118,VA,READM-30-AMI-HRRP,305.0,1.0599,44,H_RECMND_STAR_RATING,Recommend hospital - star rating,Recommend hospital - star rating,3.0,1224.0,21.0
HENRICO DOCTORS' HOSPITAL,490118,VA,READM-30-AMI-HRRP,305.0,1.0599,44,H_STAR_RATING,Summary star rating,Summary star rating,2.0,1224.0,21.0
SENTARA PRINCESS ANNE HOSPITAL,490119,VA,READM-30-PN-HRRP,578.0,0.9459,87,H_COMP_1_STAR_RATING,Nurse communication - star rating,Nurse communication - star rating,4.0,775.0,22.0
SENTARA PRINCESS ANNE HOSPITAL,490119,VA,READM-30-PN-HRRP,578.0,0.9459,87,H_COMP_2_STAR_RATING,Doctor communication - star rating,Doctor communication - star rating,3.0,775.0,22.0
SENTARA PRINCESS ANNE HOSPITAL,490119,VA,READM-30-PN-HRRP,578.0,0.9459,87,H_COMP_5_STAR_RATING,Communication about medicines - star rating,Communication about medicines - star rating,3.0,775.0,22.0
SENTARA PRINCESS ANNE HOSPITAL,490119,VA,READM-30-PN-HRRP,578.0,0.9459,87,H_COMP_6_STAR_RATING,Discharge information - star rating,Discharge information - star rating,3.0,775.0,22.0
SENTARA PRINCESS ANNE HOSPITAL,490119,VA,READM-30-PN-HRRP,578.0,0.9459,87,H_CLEAN_STAR_RATING,Cleanliness - star rating,Cleanliness - star rating,3.0,775.0,22.0
SENTARA PRINCESS ANNE HOSPITAL,490119,VA,READM-30-PN-HRRP,578.0,0.9459,87,H_QUIET_STAR_RATING,Quietness - star rating,Quietness - star rating,4.0,775.0,22.0
SENTARA PRINCESS ANNE HOSPITAL,490119,VA,READM-30-PN-HRRP,578.0,0.9459,87,H_HSP_RATING_STAR_RATING,Overall hospital rating - star rating,Overall hospital rating - star rating,4.0,775.0,22.0
SENTARA PRINCESS ANNE HOSPITAL,490119,VA,READM-30-PN-HRRP,578.0,0.9459,87,H_RECMND_STAR_RATING,Recommend hospital - star rating,Recommend hospital - star rating,5.0,775.0,22.0
SENTARA PRINCESS ANNE HOSPITAL,490119,VA,READM-30-PN-HRRP,578.0,0.9459,87,H_STAR_RATING,Summary star rating,Summary star rating,4.0,775.0,22.0
SENTARA PRINCESS ANNE HOSPITAL,490119,VA,READM-30-HF-HRRP,834.0,1.0454,179,H_COMP_1_STAR_RATING,Nurse communication - star rating,Nurse communication - star rating,4.0,775.0,22.0
SENTARA PRINCESS ANNE HOSPITAL,490119,VA,READM-30-HF-HRRP,834.0,1.0454,179,H_COMP_2_STAR_RATING,Doctor communication - star rating,Doctor communication - star rating,3.0,775.0,22.0
SENTARA PRINCESS ANNE HOSPITAL,490119,VA,READM-30-HF-HRRP,834.0,1.0454,179,H_COMP_5_STAR_RATING,Communication about medicines - star rating,Communication about medicines - star rating,3.0,775.0,22.0
SENTARA PRINCESS ANNE HOSPITAL,490119,VA,READM-30-HF-HRRP,834.0,1.0454,179,H_COMP_6_STAR_RATING,Discharge information - star rating,Discharge information - star rating,3.0,775.0,22.0
SENTARA PRINCESS ANNE HOSPITAL,490119,VA,READM-30-HF-HRRP,834.0,1.0454,179,H_CLEAN_STAR_RATING,Cleanliness - star rating,Cleanliness - star rating,3.0,775.0,22.0
SENTARA PRINCESS ANNE HOSPITAL,490119,VA,READM-30-HF-HRRP,834.0,1.0454,179,H_QUIET_STAR_RATING,Quietness - star rating,Quietness - star rating,4.0,775.0,22.0
SENTARA PRINCESS ANNE HOSPITAL,490119,VA,READM-30-HF-HRRP,834.0,1.0454,179,H_HSP_RATING_STAR_RATING,Overall hospital rating - star rating,Overall hospital rating - star rating,4.0,775.0,22.0
SENTARA PRINCESS ANNE HOSPITAL,490119,VA,READM-30-HF-HRRP,834.0,1.0454,179,H_RECMND_STAR_RATING,Recommend hospital - star rating,Recommend hospital - star rating,5.0,775.0,22.0
SENTARA PRINCESS ANNE HOSPITAL,490119,VA,READM-30-HF-HRRP,834.0,1.0454,179,H_STAR_RATING,Summary star rating,Summary star rating,4.0,775.0,22.0
SENTARA PRINCESS ANNE HOSPITAL,490119,VA,READM-30-COPD-HRRP,202.0,1.0863,46,H_COMP_1_STAR_RATING,Nurse communication - star rating,Nurse communication - star rating,4.0,775.0,22.0
SENTARA PRINCESS ANNE HOSPITAL,490119,VA,READM-30-COPD-HRRP,202.0,1.0863,46,H_COMP_2_STAR_RATING,Doctor communication - star rating,Doctor communication - star rating,3.0,775.0,22.0
SENTARA PRINCESS ANNE HOSPITAL,490119,VA,READM-30-COPD-HRRP,202.0,1.0863,46,H_COMP_5_STAR_RATING,Communication about medicines - star rating,Communication about medicines - star rating,3.0,775.0,22.0
SENTARA PRINCESS ANNE HOSPITAL,490119,VA,READM-30-COPD-HRRP,202.0,1.0863,46,H_COMP_6_STAR_RATING,Discharge information - star rating,Discharge information - star rating,3.0,775.0,22.0
SENTARA PRINCESS ANNE HOSPITAL,490119,VA,READM-30-COPD-HRRP,202.0,1.0863,46,H_CLEAN_STAR_RATING,Cleanliness - star rating,Cleanliness - star rating,3.0,775.0,22.0
SENTARA PRINCESS ANNE HOSPITAL,490119,VA,READM-30-COPD-HRRP,202.0,1.0863,46,H_QUIET_STAR_RATING,Quietness - star rating,Quietness - star rating,4.0,775.0,22.0
SENTARA PRINCESS ANNE HOSPITAL,490119,VA,READM-30-COPD-HRRP,202.0,1.0863,46,H_HSP_RATING_STAR_RATING,Overall hospital rating - star rating,Overall hospital rating - star rating,4.0,775.0,22.0
SENTARA PRINCESS ANNE HOSPITAL,490119,VA,READM-30-COPD-HRRP,202.0,1.0863,46,H_RECMND_STAR_RATING,Recommend hospital - star rating,Recommend hospital - star rating,5.0,775.0,22.0
SENTARA PRINCESS ANNE HOSPITAL,490119,VA,READM-30-COPD-HRRP,202.0,1.0863,46,H_STAR_RATING,Summary star rating,Summary star rating,4.0,775.0,22.0
CHESAPEAKE GENERAL HOSPITAL,490120,VA,READM-30-PN-HRRP,604.0,0.9858,94,H_COMP_1_STAR_RATING,Nurse communication - star rating,Nurse communication - star rating,3.0,1426.0,19.0
CHESAPEAKE GENERAL HOSPITAL,490120,VA,READM-30-PN-HRRP,604.0,0.9858,94,H_COMP_2_STAR_RATING,Doctor communication - star rating,Doctor communication - star rating,3.0,1426.0,19.0
CHESAPEAKE GENERAL HOSPITAL,490120,VA,READM-30-PN-HRRP,604.0,0.9858,94,H_COMP_5_STAR_RATING,Communication about medicines - star rating,Communication about medicines - star rating,2.0,1426.0,19.0
CHESAPEAKE GENERAL HOSPITAL,490120,VA,READM-30-PN-HRRP,604.0,0.9858,94,H_COMP_6_STAR_RATING,Discharge information - star rating,Discharge information - star rating,3.0,1426.0,19.0
CHESAPEAKE GENERAL HOSPITAL,490120,VA,READM-30-PN-HRRP,604.0,0.9858,94,H_CLEAN_STAR_RATING,Cleanliness - star rating,Cleanliness - star rating,3.0,1426.0,19.0
CHESAPEAKE GENERAL HOSPITAL,490120,VA,READM-30-PN-HRRP,604.0,0.9858,94,H_QUIET_STAR_RATING,Quietness - star rating,Quietness - star rating,3.0,1426.0,19.0
CHESAPEAKE GENERAL HOSPITAL,490120,VA,READM-30-PN-HRRP,604.0,0.9858,94,H_HSP_RATING_STAR_RATING,Overall hospital rating - star rating,Overall hospital rating - star rating,3.0,1426.0,19.0
CHESAPEAKE GENERAL HOSPITAL,490120,VA,READM-30-PN-HRRP,604.0,0.9858,94,H_RECMND_STAR_RATING,Recommend hospital - star rating,Recommend hospital - star rating,3.0,1426.0,19.0
CHESAPEAKE GENERAL HOSPITAL,490120,VA,READM-30-PN-HRRP,604.0,0.9858,94,H_STAR_RATING,Summary star rating,Summary star rating,3.0,1426.0,19.0
CHESAPEAKE GENERAL HOSPITAL,490120,VA,READM-30-HF-HRRP,814.0,0.9934,160,H_COMP_1_STAR_RATING,Nurse communication - star rating,Nurse communication - star rating,3.0,1426.0,19.0
CHESAPEAKE GENERAL HOSPITAL,490120,VA,READM-30-HF-HRRP,814.0,0.9934,160,H_COMP_2_STAR_RATING,Doctor communication - star rating,Doctor communication - star rating,3.0,1426.0,19.0
CHESAPEAKE GENERAL HOSPITAL,490120,VA,READM-30-HF-HRRP,814.0,0.9934,160,H_COMP_5_STAR_RATING,Communication about medicines - star rating,Communication about medicines - star rating,2.0,1426.0,19.0
CHESAPEAKE GENERAL HOSPITAL,490120,VA,READM-30-HF-HRRP,814.0,0.9934,160,H_COMP_6_STAR_RATING,Discharge information - star rating,Discharge information - star rating,3.0,1426.0,19.0
CHESAPEAKE GENERAL HOSPITAL,490120,VA,READM-30-HF-HRRP,814.0,0.9934,160,H_CLEAN_STAR_RATING,Cleanliness - star rating,Cleanliness - star rating,3.0,1426.0,19.0
CHESAPEAKE GENERAL HOSPITAL,490120,VA,READM-30-HF-HRRP,814.0,0.9934,160,H_QUIET_STAR_RATING,Quietness - star rating,Quietness - star rating,3.0,1426.0,19.0
CHESAPEAKE GENERAL HOSPITAL,490120,VA,READM-30-HF-HRRP,814.0,0.9934,160,H_HSP_RATING_STAR_RATING,Overall hospital rating - star rating,Overall hospital rating - star rating,3.0,1426.0,19.0
CHESAPEAKE GENERAL HOSPITAL,490120,VA,READM-30-HF-HRRP,814.0,0.9934,160,H_RECMND_STAR_RATING,Recommend hospital - star rating,Recommend hospital - star rating,3.0,1426.0,19.0
CHESAPEAKE GENERAL HOSPITAL,490120,VA,READM-30-HF-HRRP,814.0,0.9934,160,H_STAR_RATING,Summary star rating,Summary star rating,3.0,1426.0,19.0
CHESAPEAKE GENERAL HOSPITAL,490120,VA,READM-30-COPD-HRRP,283.0,1.0167,55,H_COMP_1_STAR_RATING,Nurse communication - star rating,Nurse communication - star rating,3.0,1426.0,19.0
CHESAPEAKE GENERAL HOSPITAL,490120,VA,READM-30-COPD-HRRP,283.0,1.0167,55,H_COMP_2_STAR_RATING,Doctor communication - star rating,Doctor communication - star rating,3.0,1426.0,19.0
CHESAPEAKE GENERAL HOSPITAL,490120,VA,READM-30-COPD-HRRP,283.0,1.0167,55,H_COMP_5_STAR_RATING,Communication about medicines - star rating,Communication about medicines - star rating,2.0,1426.0,19.0
CHESAPEAKE GENERAL HOSPITAL,490120,VA,READM-30-COPD-HRRP,283.0,1.0167,55,H_COMP_6_STAR_RATING,Discharge information - star rating,Discharge information - star rating,3.0,1426.0,19.0
CHESAPEAKE GENERAL HOSPITAL,490120,VA,READM-30-COPD-HRRP,283.0,1.0167,55,H_CLEAN_STAR_RATING,Cleanliness - star rating,Cleanliness - star rating,3.0,1426.0,19.0
CHESAPEAKE GENERAL HOSPITAL,490120,VA,READM-30-COPD-HRRP,283.0,1.0167,55,H_QUIET_STAR_RATING,Quietness - star rating,Quietness - star rating,3.0,1426.0,19.0
CHESAPEAKE GENERAL HOSPITAL,490120,VA,READM-30-COPD-HRRP,283.0,1.0167,55,H_HSP_RATING_STAR_RATING,Overall hospital rating - star rating,Overall hospital rating - star rating,3.0,1426.0,19.0
CHESAPEAKE GENERAL HOSPITAL,490120,VA,READM-30-COPD-HRRP,283.0,1.0167,55,H_RECMND_STAR_RATING,Recommend hospital - star rating,Recommend hospital - star rating,3.0,1426.0,19.0
CHESAPEAKE GENERAL HOSPITAL,490120,VA,READM-30-COPD-HRRP,283.0,1.0167,55,H_STAR_RATING,Summary star rating,Summary star rating,3.0,1426.0,19.0
CHESAPEAKE GENERAL HOSPITAL,490120,VA,READM-30-AMI-HRRP,240.0,0.9943,33,H_COMP_1_STAR_RATING,Nurse communication - star rating,Nurse communication - star rating,3.0,1426.0,19.0
CHESAPEAKE GENERAL HOSPITAL,490120,VA,READM-30-AMI-HRRP,240.0,0.9943,33,H_COMP_2_STAR_RATING,Doctor communication - star rating,Doctor communication - star rating,3.0,1426.0,19.0
CHESAPEAKE GENERAL HOSPITAL,490120,VA,READM-30-AMI-HRRP,240.0,0.9943,33,H_COMP_5_STAR_RATING,Communication about medicines - star rating,Communication about medicines - star rating,2.0,1426.0,19.0
CHESAPEAKE GENERAL HOSPITAL,490120,VA,READM-30-AMI-HRRP,240.0,0.9943,33,H_COMP_6_STAR_RATING,Discharge information - star rating,Discharge information - star rating,3.0,1426.0,19.0
CHESAPEAKE GENERAL HOSPITAL,490120,VA,READM-30-AMI-HRRP,240.0,0.9943,33,H_CLEAN_STAR_RATING,Cleanliness - star rating,Cleanliness - star rating,3.0,1426.0,19.0
CHESAPEAKE GENERAL HOSPITAL,490120,VA,READM-30-AMI-HRRP,240.0,0.9943,33,H_QUIET_STAR_RATING,Quietness - star rating,Quietness - star rating,3.0,1426.0,19.0
CHESAPEAKE GENERAL HOSPITAL,490120,VA,READM-30-AMI-HRRP,240.0,0.9943,33,H_HSP_RATING_STAR_RATING,Overall hospital rating - star rating,Overall hospital rating - star rating,3.0,1426.0,19.0
CHESAPEAKE GENERAL HOSPITAL,490120,VA,READM-30-AMI-HRRP,240.0,0.9943,33,H_RECMND_STAR_RATING,Recommend hospital - star rating,Recommend hospital - star rating,3.0,1426.0,19.0
CHESAPEAKE GENERAL HOSPITAL,490120,VA,READM-30-AMI-HRRP,240.0,0.9943,33,H_STAR_RATING,Summary star rating,Summary star rating,3.0,1426.0,19.0
INOVA MOUNT VERNON HOSPITAL,490122,VA,READM-30-PN-HRRP,263.0,1.1056,50,H_COMP_1_STAR_RATING,Nurse communication - star rating,Nurse communication - star rating,3.0,375.0,19.0
INOVA MOUNT VERNON HOSPITAL,490122,VA,READM-30-PN-HRRP,263.0,1.1056,50,H_COMP_2_STAR_RATING,Doctor communication - star rating,Doctor communication - star rating,3.0,375.0,19.0
INOVA MOUNT VERNON HOSPITAL,490122,VA,READM-30-PN-HRRP,263.0,1.1056,50,H_COMP_5_STAR_RATING,Communication about medicines - star rating,Communication about medicines - star rating,3.0,375.0,19.0
INOVA MOUNT VERNON HOSPITAL,490122,VA,READM-30-PN-HRRP,263.0,1.1056,50,H_COMP_6_STAR_RATING,Discharge information - star rating,Discharge information - star rating,3.0,375.0,19.0
INOVA MOUNT VERNON HOSPITAL,490122,VA,READM-30-PN-HRRP,263.0,1.1056,50,H_CLEAN_STAR_RATING,Cleanliness - star rating,Cleanliness - star rating,3.0,375.0,19.0
INOVA MOUNT VERNON HOSPITAL,490122,VA,READM-30-PN-HRRP,263.0,1.1056,50,H_QUIET_STAR_RATING,Quietness - star rating,Quietness - star rating,2.0,375.0,19.0
INOVA MOUNT VERNON HOSPITAL,490122,VA,READM-30-PN-HRRP,263.0,1.1056,50,H_HSP_RATING_STAR_RATING,Overall hospital rating - star rating,Overall hospital rating - star rating,3.0,375.0,19.0
INOVA MOUNT VERNON HOSPITAL,490122,VA,READM-30-PN-HRRP,263.0,1.1056,50,H_RECMND_STAR_RATING,Recommend hospital - star rating,Recommend hospital - star rating,4.0,375.0,19.0
INOVA MOUNT VERNON HOSPITAL,490122,VA,READM-30-PN-HRRP,263.0,1.1056,50,H_STAR_RATING,Summary star rating,Summary star rating,3.0,375.0,19.0
INOVA MOUNT VERNON HOSPITAL,490122,VA,READM-30-HIP-KNEE-HRRP,279.0,0.9023,13,H_COMP_1_STAR_RATING,Nurse communication - star rating,Nurse communication - star rating,3.0,375.0,19.0
INOVA MOUNT VERNON HOSPITAL,490122,VA,READM-30-HIP-KNEE-HRRP,279.0,0.9023,13,H_COMP_2_STAR_RATING,Doctor communication - star rating,Doctor communication - star rating,3.0,375.0,19.0
INOVA MOUNT VERNON HOSPITAL,490122,VA,READM-30-HIP-KNEE-HRRP,279.0,0.9023,13,H_COMP_5_STAR_RATING,Communication about medicines - star rating,Communication about medicines - star rating,3.0,375.0,19.0
INOVA MOUNT VERNON HOSPITAL,490122,VA,READM-30-HIP-KNEE-HRRP,279.0,0.9023,13,H_COMP_6_STAR_RATING,Discharge information - star rating,Discharge information - star rating,3.0,375.0,19.0
INOVA MOUNT VERNON HOSPITAL,490122,VA,READM-30-HIP-KNEE-HRRP,279.0,0.9023,13,H_CLEAN_STAR_RATING,Cleanliness - star rating,Cleanliness - star rating,3.0,375.0,19.0
INOVA MOUNT VERNON HOSPITAL,490122,VA,READM-30-HIP-KNEE-HRRP,279.0,0.9023,13,H_QUIET_STAR_RATING,Quietness - star rating,Quietness - star rating,2.0,375.0,19.0
INOVA MOUNT VERNON HOSPITAL,490122,VA,READM-30-HIP-KNEE-HRRP,279.0,0.9023,13,H_HSP_RATING_STAR_RATING,Overall hospital rating - star rating,Overall hospital rating - star rating,3.0,375.0,19.0
INOVA MOUNT VERNON HOSPITAL,490122,VA,READM-30-HIP-KNEE-HRRP,279.0,0.9023,13,H_RECMND_STAR_RATING,Recommend hospital - star rating,Recommend hospital - star rating,4.0,375.0,19.0
INOVA MOUNT VERNON HOSPITAL,490122,VA,READM-30-HIP-KNEE-HRRP,279.0,0.9023,13,H_STAR_RATING,Summary star rating,Summary star rating,3.0,375.0,19.0
INOVA MOUNT VERNON HOSPITAL,490122,VA,READM-30-HF-HRRP,214.0,0.9366,34,H_COMP_1_STAR_RATING,Nurse communication - star rating,Nurse communication - star rating,3.0,375.0,19.0
INOVA MOUNT VERNON HOSPITAL,490122,VA,READM-30-HF-HRRP,214.0,0.9366,34,H_COMP_2_STAR_RATING,Doctor communication - star rating,Doctor communication - star rating,3.0,375.0,19.0
INOVA MOUNT VERNON HOSPITAL,490122,VA,READM-30-HF-HRRP,214.0,0.9366,34,H_COMP_5_STAR_RATING,Communication about medicines - star rating,Communication about medicines - star rating,3.0,375.0,19.0
INOVA MOUNT VERNON HOSPITAL,490122,VA,READM-30-HF-HRRP,214.0,0.9366,34,H_COMP_6_STAR_RATING,Discharge information - star rating,Discharge information - star rating,3.0,375.0,19.0
INOVA MOUNT VERNON HOSPITAL,490122,VA,READM-30-HF-HRRP,214.0,0.9366,34,H_CLEAN_STAR_RATING,Cleanliness - star rating,Cleanliness - star rating,3.0,375.0,19.0
INOVA MOUNT VERNON HOSPITAL,490122,VA,READM-30-HF-HRRP,214.0,0.9366,34,H_QUIET_STAR_RATING,Quietness - star rating,Quietness - star rating,2.0,375.0,19.0
INOVA MOUNT VERNON HOSPITAL,490122,VA,READM-30-HF-HRRP,214.0,0.9366,34,H_HSP_RATING_STAR_RATING,Overall hospital rating - star rating,Overall hospital rating - star rating,3.0,375.0,19.0
INOVA MOUNT VERNON HOSPITAL,490122,VA,READM-30-HF-HRRP,214.0,0.9366,34,H_RECMND_STAR_RATING,Recommend hospital - star rating,Recommend hospital - star rating,4.0,375.0,19.0
INOVA MOUNT VERNON HOSPITAL,490122,VA,READM-30-HF-HRRP,214.0,0.9366,34,H_STAR_RATING,Summary star rating,Summary star rating,3.0,375.0,19.0
INOVA MOUNT VERNON HOSPITAL,490122,VA,READM-30-COPD-HRRP,88.0,1.0266,19,H_COMP_1_STAR_RATING,Nurse communication - star rating,Nurse communication - star rating,3.0,375.0,19.0
INOVA MOUNT VERNON HOSPITAL,490122,VA,READM-30-COPD-HRRP,88.0,1.0266,19,H_COMP_2_STAR_RATING,Doctor communication - star rating,Doctor communication - star rating,3.0,375.0,19.0
INOVA MOUNT VERNON HOSPITAL,490122,VA,READM-30-COPD-HRRP,88.0,1.0266,19,H_COMP_5_STAR_RATING,Communication about medicines - star rating,Communication about medicines - star rating,3.0,375.0,19.0
INOVA MOUNT VERNON HOSPITAL,490122,VA,READM-30-COPD-HRRP,88.0,1.0266,19,H_COMP_6_STAR_RATING,Discharge information - star rating,Discharge information - star rating,3.0,375.0,19.0
INOVA MOUNT VERNON HOSPITAL,490122,VA,READM-30-COPD-HRRP,88.0,1.0266,19,H_CLEAN_STAR_RATING,Cleanliness - star rating,Cleanliness - star rating,3.0,375.0,19.0
INOVA MOUNT VERNON HOSPITAL,490122,VA,READM-30-COPD-HRRP,88.0,1.0266,19,H_QUIET_STAR_RATING,Quietness - star rating,Quietness - star rating,2.0,375.0,19.0
INOVA MOUNT VERNON HOSPITAL,490122,VA,READM-30-COPD-HRRP,88.0,1.0266,19,H_HSP_RATING_STAR_RATING,Overall hospital rating - star rating,Overall hospital rating - star rating,3.0,375.0,19.0
INOVA MOUNT VERNON HOSPITAL,490122,VA,READM-30-COPD-HRRP,88.0,1.0266,19,H_RECMND_STAR_RATING,Recommend hospital - star rating,Recommend hospital - star rating,4.0,375.0,19.0
INOVA MOUNT VERNON HOSPITAL,490122,VA,READM-30-COPD-HRRP,88.0,1.0266,19,H_STAR_RATING,Summary star rating,Summary star rating,3.0,375.0,19.0
LEWISGALE HOSPITAL ALLEGHANY,490126,VA,READM-30-PN-HRRP,124.0,0.9209,13,H_COMP_1_STAR_RATING,Nurse communication - star rating,Nurse communication - star rating,5.0,207.0,22.0
LEWISGALE HOSPITAL ALLEGHANY,490126,VA,READM-30-PN-HRRP,124.0,0.9209,13,H_COMP_2_STAR_RATING,Doctor communication - star rating,Doctor communication - star rating,4.0,207.0,22.0
LEWISGALE HOSPITAL ALLEGHANY,490126,VA,READM-30-PN-HRRP,124.0,0.9209,13,H_COMP_5_STAR_RATING,Communication about medicines - star rating,Communication about medicines - star rating,3.0,207.0,22.0
LEWISGALE HOSPITAL ALLEGHANY,490126,VA,READM-30-PN-HRRP,124.0,0.9209,13,H_COMP_6_STAR_RATING,Discharge information - star rating,Discharge information - star rating,4.0,207.0,22.0
LEWISGALE HOSPITAL ALLEGHANY,490126,VA,READM-30-PN-HRRP,124.0,0.9209,13,H_CLEAN_STAR_RATING,Cleanliness - star rating,Cleanliness - star rating,5.0,207.0,22.0
LEWISGALE HOSPITAL ALLEGHANY,490126,VA,READM-30-PN-HRRP,124.0,0.9209,13,H_QUIET_STAR_RATING,Quietness - star rating,Quietness - star rating,4.0,207.0,22.0
LEWISGALE HOSPITAL ALLEGHANY,490126,VA,READM-30-PN-HRRP,124.0,0.9209,13,H_HSP_RATING_STAR_RATING,Overall hospital rating - star rating,Overall hospital rating - star rating,4.0,207.0,22.0
LEWISGALE HOSPITAL ALLEGHANY,490126,VA,READM-30-PN-HRRP,124.0,0.9209,13,H_RECMND_STAR_RATING,Recommend hospital - star rating,Recommend hospital - star rating,4.0,207.0,22.0
LEWISGALE HOSPITAL ALLEGHANY,490126,VA,READM-30-PN-HRRP,124.0,0.9209,13,H_STAR_RATING,Summary star rating,Summary star rating,4.0,207.0,22.0
LEWISGALE HOSPITAL ALLEGHANY,490126,VA,READM-30-HF-HRRP,119.0,0.9548,19,H_COMP_1_STAR_RATING,Nurse communication - star rating,Nurse communication - star rating,5.0,207.0,22.0
LEWISGALE HOSPITAL ALLEGHANY,490126,VA,READM-30-HF-HRRP,119.0,0.9548,19,H_COMP_2_STAR_RATING,Doctor communication - star rating,Doctor communication - star rating,4.0,207.0,22.0
LEWISGALE HOSPITAL ALLEGHANY,490126,VA,READM-30-HF-HRRP,119.0,0.9548,19,H_COMP_5_STAR_RATING,Communication about medicines - star rating,Communication about medicines - star rating,3.0,207.0,22.0
LEWISGALE HOSPITAL ALLEGHANY,490126,VA,READM-30-HF-HRRP,119.0,0.9548,19,H_COMP_6_STAR_RATING,Discharge information - star rating,Discharge information - star rating,4.0,207.0,22.0
LEWISGALE HOSPITAL ALLEGHANY,490126,VA,READM-30-HF-HRRP,119.0,0.9548,19,H_CLEAN_STAR_RATING,Cleanliness - star rating,Cleanliness - star rating,5.0,207.0,22.0
LEWISGALE HOSPITAL ALLEGHANY,490126,VA,READM-30-HF-HRRP,119.0,0.9548,19,H_QUIET_STAR_RATING,Quietness - star rating,Quietness - star rating,4.0,207.0,22.0
LEWISGALE HOSPITAL ALLEGHANY,490126,VA,READM-30-HF-HRRP,119.0,0.9548,19,H_HSP_RATING_STAR_RATING,Overall hospital rating - star rating,Overall hospital rating - star rating,4.0,207.0,22.0
LEWISGALE HOSPITAL ALLEGHANY,490126,VA,READM-30-HF-HRRP,119.0,0.9548,19,H_RECMND_STAR_RATING,Recommend hospital - star rating,Recommend hospital - star rating,4.0,207.0,22.0
LEWISGALE HOSPITAL ALLEGHANY,490126,VA,READM-30-HF-HRRP,119.0,0.9548,19,H_STAR_RATING,Summary star rating,Summary star rating,4.0,207.0,22.0
RIVERSIDE WALTER REED HOSPITAL,490130,VA,READM-30-PN-HRRP,187.0,0.9363,22,H_COMP_1_STAR_RATING,Nurse communication - star rating,Nurse communication - star rating,5.0,342.0,25.0
RIVERSIDE WALTER REED HOSPITAL,490130,VA,READM-30-PN-HRRP,187.0,0.9363,22,H_COMP_2_STAR_RATING,Doctor communication - star rating,Doctor communication - star rating,4.0,342.0,25.0
RIVERSIDE WALTER REED HOSPITAL,490130,VA,READM-30-PN-HRRP,187.0,0.9363,22,H_COMP_5_STAR_RATING,Communication about medicines - star rating,Communication about medicines - star rating,4.0,342.0,25.0
RIVERSIDE WALTER REED HOSPITAL,490130,VA,READM-30-PN-HRRP,187.0,0.9363,22,H_COMP_6_STAR_RATING,Discharge information - star rating,Discharge information - star rating,4.0,342.0,25.0
RIVERSIDE WALTER REED HOSPITAL,490130,VA,READM-30-PN-HRRP,187.0,0.9363,22,H_CLEAN_STAR_RATING,Cleanliness - star rating,Cleanliness - star rating,4.0,342.0,25.0
RIVERSIDE WALTER REED HOSPITAL,490130,VA,READM-30-PN-HRRP,187.0,0.9363,22,H_QUIET_STAR_RATING,Quietness - star rating,Quietness - star rating,4.0,342.0,25.0
RIVERSIDE WALTER REED HOSPITAL,490130,VA,READM-30-PN-HRRP,187.0,0.9363,22,H_HSP_RATING_STAR_RATING,Overall hospital rating - star rating,Overall hospital rating - star rating,4.0,342.0,25.0
RIVERSIDE WALTER REED HOSPITAL,490130,VA,READM-30-PN-HRRP,187.0,0.9363,22,H_RECMND_STAR_RATING,Recommend hospital - star rating,Recommend hospital - star rating,5.0,342.0,25.0
RIVERSIDE WALTER REED HOSPITAL,490130,VA,READM-30-PN-HRRP,187.0,0.9363,22,H_STAR_RATING,Summary star rating,Summary star rating,4.0,342.0,25.0
RIVERSIDE WALTER REED HOSPITAL,490130,VA,READM-30-HF-HRRP,191.0,0.9628,32,H_COMP_1_STAR_RATING,Nurse communication - star rating,Nurse communication - star rating,5.0,342.0,25.0
RIVERSIDE WALTER REED HOSPITAL,490130,VA,READM-30-HF-HRRP,191.0,0.9628,32,H_COMP_2_STAR_RATING,Doctor communication - star rating,Doctor communication - star rating,4.0,342.0,25.0
RIVERSIDE WALTER REED HOSPITAL,490130,VA,READM-30-HF-HRRP,191.0,0.9628,32,H_COMP_5_STAR_RATING,Communication about medicines - star rating,Communication about medicines - star rating,4.0,342.0,25.0
RIVERSIDE WALTER REED HOSPITAL,490130,VA,READM-30-HF-HRRP,191.0,0.9628,32,H_COMP_6_STAR_RATING,Discharge information - star rating,Discharge information - star rating,4.0,342.0,25.0
RIVERSIDE WALTER REED HOSPITAL,490130,VA,READM-30-HF-HRRP,191.0,0.9628,32,H_CLEAN_STAR_RATING,Cleanliness - star rating,Cleanliness - star rating,4.0,342.0,25.0
RIVERSIDE WALTER REED HOSPITAL,490130,VA,READM-30-HF-HRRP,191.0,0.9628,32,H_QUIET_STAR_RATING,Quietness - star rating,Quietness - star rating,4.0,342.0,25.0
RIVERSIDE WALTER REED HOSPITAL,490130,VA,READM-30-HF-HRRP,191.0,0.9628,32,H_HSP_RATING_STAR_RATING,Overall hospital rating - star rating,Overall hospital rating - star rating,4.0,342.0,25.0
RIVERSIDE WALTER REED HOSPITAL,490130,VA,READM-30-HF-HRRP,191.0,0.9628,32,H_RECMND_STAR_RATING,Recommend hospital - star rating,Recommend hospital - star rating,5.0,342.0,25.0
RIVERSIDE WALTER REED HOSPITAL,490130,VA,READM-30-HF-HRRP,191.0,0.9628,32,H_STAR_RATING,Summary star rating,Summary star rating,4.0,342.0,25.0
BON SECOURS ST FRANCIS MEDICAL CENTER,490136,VA,READM-30-PN-HRRP,378.0,0.9578,48,H_COMP_1_STAR_RATING,Nurse communication - star rating,Nurse communication - star rating,3.0,659.0,18.0
BON SECOURS ST FRANCIS MEDICAL CENTER,490136,VA,READM-30-PN-HRRP,378.0,0.9578,48,H_COMP_2_STAR_RATING,Doctor communication - star rating,Doctor communication - star rating,3.0,659.0,18.0
BON SECOURS ST FRANCIS MEDICAL CENTER,490136,VA,READM-30-PN-HRRP,378.0,0.9578,48,H_COMP_5_STAR_RATING,Communication about medicines - star rating,Communication about medicines - star rating,1.0,659.0,18.0
BON SECOURS ST FRANCIS MEDICAL CENTER,490136,VA,READM-30-PN-HRRP,378.0,0.9578,48,H_COMP_6_STAR_RATING,Discharge information - star rating,Discharge information - star rating,3.0,659.0,18.0
BON SECOURS ST FRANCIS MEDICAL CENTER,490136,VA,READM-30-PN-HRRP,378.0,0.9578,48,H_CLEAN_STAR_RATING,Cleanliness - star rating,Cleanliness - star rating,2.0,659.0,18.0
BON SECOURS ST FRANCIS MEDICAL CENTER,490136,VA,READM-30-PN-HRRP,378.0,0.9578,48,H_QUIET_STAR_RATING,Quietness - star rating,Quietness - star rating,3.0,659.0,18.0
BON SECOURS ST FRANCIS MEDICAL CENTER,490136,VA,READM-30-PN-HRRP,378.0,0.9578,48,H_HSP_RATING_STAR_RATING,Overall hospital rating - star rating,Overall hospital rating - star rating,3.0,659.0,18.0
BON SECOURS ST FRANCIS MEDICAL CENTER,490136,VA,READM-30-PN-HRRP,378.0,0.9578,48,H_RECMND_STAR_RATING,Recommend hospital - star rating,Recommend hospital - star rating,4.0,659.0,18.0
BON SECOURS ST FRANCIS MEDICAL CENTER,490136,VA,READM-30-PN-HRRP,378.0,0.9578,48,H_STAR_RATING,Summary star rating,Summary star rating,3.0,659.0,18.0
BON SECOURS ST FRANCIS MEDICAL CENTER,490136,VA,READM-30-HF-HRRP,458.0,0.9602,80,H_COMP_1_STAR_RATING,Nurse communication - star rating,Nurse communication - star rating,3.0,659.0,18.0
BON SECOURS ST FRANCIS MEDICAL CENTER,490136,VA,READM-30-HF-HRRP,458.0,0.9602,80,H_COMP_2_STAR_RATING,Doctor communication - star rating,Doctor communication - star rating,3.0,659.0,18.0
BON SECOURS ST FRANCIS MEDICAL CENTER,490136,VA,READM-30-HF-HRRP,458.0,0.9602,80,H_COMP_5_STAR_RATING,Communication about medicines - star rating,Communication about medicines - star rating,1.0,659.0,18.0
BON SECOURS ST FRANCIS MEDICAL CENTER,490136,VA,READM-30-HF-HRRP,458.0,0.9602,80,H_COMP_6_STAR_RATING,Discharge information - star rating,Discharge information - star rating,3.0,659.0,18.0
BON SECOURS ST FRANCIS MEDICAL CENTER,490136,VA,READM-30-HF-HRRP,458.0,0.9602,80,H_CLEAN_STAR_RATING,Cleanliness - star rating,Cleanliness - star rating,2.0,659.0,18.0
BON SECOURS ST FRANCIS MEDICAL CENTER,490136,VA,READM-30-HF-HRRP,458.0,0.9602,80,H_QUIET_STAR_RATING,Quietness - star rating,Quietness - star rating,3.0,659.0,18.0
BON SECOURS ST FRANCIS MEDICAL CENTER,490136,VA,READM-30-HF-HRRP,458.0,0.9602,80,H_HSP_RATING_STAR_RATING,Overall hospital rating - star rating,Overall hospital rating - star rating,3.0,659.0,18.0
BON SECOURS ST FRANCIS MEDICAL CENTER,490136,VA,READM-30-HF-HRRP,458.0,0.9602,80,H_RECMND_STAR_RATING,Recommend hospital - star rating,Recommend hospital - star rating,4.0,659.0,18.0
BON SECOURS ST FRANCIS MEDICAL CENTER,490136,VA,READM-30-HF-HRRP,458.0,0.9602,80,H_STAR_RATING,Summary star rating,Summary star rating,3.0,659.0,18.0
BON SECOURS ST FRANCIS MEDICAL CENTER,490136,VA,READM-30-COPD-HRRP,156.0,0.9852,25,H_COMP_1_STAR_RATING,Nurse communication - star rating,Nurse communication - star rating,3.0,659.0,18.0
BON SECOURS ST FRANCIS MEDICAL CENTER,490136,VA,READM-30-COPD-HRRP,156.0,0.9852,25,H_COMP_2_STAR_RATING,Doctor communication - star rating,Doctor communication - star rating,3.0,659.0,18.0
BON SECOURS ST FRANCIS MEDICAL CENTER,490136,VA,READM-30-COPD-HRRP,156.0,0.9852,25,H_COMP_5_STAR_RATING,Communication about medicines - star rating,Communication about medicines - star rating,1.0,659.0,18.0
BON SECOURS ST FRANCIS MEDICAL CENTER,490136,VA,READM-30-COPD-HRRP,156.0,0.9852,25,H_COMP_6_STAR_RATING,Discharge information - star rating,Discharge information - star rating,3.0,659.0,18.0
BON SECOURS ST FRANCIS MEDICAL CENTER,490136,VA,READM-30-COPD-HRRP,156.0,0.9852,25,H_CLEAN_STAR_RATING,Cleanliness - star rating,Cleanliness - star rating,2.0,659.0,18.0
BON SECOURS ST FRANCIS MEDICAL CENTER,490136,VA,READM-30-COPD-HRRP,156.0,0.9852,25,H_QUIET_STAR_RATING,Quietness - star rating,Quietness - star rating,3.0,659.0,18.0
BON SECOURS ST FRANCIS MEDICAL CENTER,490136,VA,READM-30-COPD-HRRP,156.0,0.9852,25,H_HSP_RATING_STAR_RATING,Overall hospital rating - star rating,Overall hospital rating - star rating,3.0,659.0,18.0
BON SECOURS ST FRANCIS MEDICAL CENTER,490136,VA,READM-30-COPD-HRRP,156.0,0.9852,25,H_RECMND_STAR_RATING,Recommend hospital - star rating,Recommend hospital - star rating,4.0,659.0,18.0
BON SECOURS ST FRANCIS MEDICAL CENTER,490136,VA,READM-30-COPD-HRRP,156.0,0.9852,25,H_STAR_RATING,Summary star rating,Summary star rating,3.0,659.0,18.0
BON SECOURS ST FRANCIS MEDICAL CENTER,490136,VA,READM-30-AMI-HRRP,137.0,1.0444,20,H_COMP_1_STAR_RATING,Nurse communication - star rating,Nurse communication - star rating,3.0,659.0,18.0
BON SECOURS ST FRANCIS MEDICAL CENTER,490136,VA,READM-30-AMI-HRRP,137.0,1.0444,20,H_COMP_2_STAR_RATING,Doctor communication - star rating,Doctor communication - star rating,3.0,659.0,18.0
BON SECOURS ST FRANCIS MEDICAL CENTER,490136,VA,READM-30-AMI-HRRP,137.0,1.0444,20,H_COMP_5_STAR_RATING,Communication about medicines - star rating,Communication about medicines - star rating,1.0,659.0,18.0
BON SECOURS ST FRANCIS MEDICAL CENTER,490136,VA,READM-30-AMI-HRRP,137.0,1.0444,20,H_COMP_6_STAR_RATING,Discharge information - star rating,Discharge information - star rating,3.0,659.0,18.0
BON SECOURS ST FRANCIS MEDICAL CENTER,490136,VA,READM-30-AMI-HRRP,137.0,1.0444,20,H_CLEAN_STAR_RATING,Cleanliness - star rating,Cleanliness - star rating,2.0,659.0,18.0
BON SECOURS ST FRANCIS MEDICAL CENTER,490136,VA,READM-30-AMI-HRRP,137.0,1.0444,20,H_QUIET_STAR_RATING,Quietness - star rating,Quietness - star rating,3.0,659.0,18.0
BON SECOURS ST FRANCIS MEDICAL CENTER,490136,VA,READM-30-AMI-HRRP,137.0,1.0444,20,H_HSP_RATING_STAR_RATING,Overall hospital rating - star rating,Overall hospital rating - star rating,3.0,659.0,18.0
BON SECOURS ST FRANCIS MEDICAL CENTER,490136,VA,READM-30-AMI-HRRP,137.0,1.0444,20,H_RECMND_STAR_RATING,Recommend hospital - star rating,Recommend hospital - star rating,4.0,659.0,18.0
BON SECOURS ST FRANCIS MEDICAL CENTER,490136,VA,READM-30-AMI-HRRP,137.0,1.0444,20,H_STAR_RATING,Summary star rating,Summary star rating,3.0,659.0,18.0
"STAFFORD HOSPITAL, LLC",490140,VA,READM-30-PN-HRRP,198.0,1.0997,37,H_COMP_1_STAR_RATING,Nurse communication - star rating,Nurse communication - star rating,2.0,637.0,16.0
"STAFFORD HOSPITAL, LLC",490140,VA,READM-30-PN-HRRP,198.0,1.0997,37,H_COMP_2_STAR_RATING,Doctor communication - star rating,Doctor communication - star rating,2.0,637.0,16.0
"STAFFORD HOSPITAL, LLC",490140,VA,READM-30-PN-HRRP,198.0,1.0997,37,H_COMP_5_STAR_RATING,Communication about medicines - star rating,Communication about medicines - star rating,2.0,637.0,16.0
"STAFFORD HOSPITAL, LLC",490140,VA,READM-30-PN-HRRP,198.0,1.0997,37,H_COMP_6_STAR_RATING,Discharge information - star rating,Discharge information - star rating,4.0,637.0,16.0
"STAFFORD HOSPITAL, LLC",490140,VA,READM-30-PN-HRRP,198.0,1.0997,37,H_CLEAN_STAR_RATING,Cleanliness - star rating,Cleanliness - star rating,4.0,637.0,16.0
"STAFFORD HOSPITAL, LLC",490140,VA,READM-30-PN-HRRP,198.0,1.0997,37,H_QUIET_STAR_RATING,Quietness - star rating,Quietness - star rating,3.0,637.0,16.0
"STAFFORD HOSPITAL, LLC",490140,VA,READM-30-PN-HRRP,198.0,1.0997,37,H_HSP_RATING_STAR_RATING,Overall hospital rating - star rating,Overall hospital rating - star rating,3.0,637.0,16.0
"STAFFORD HOSPITAL, LLC",490140,VA,READM-30-PN-HRRP,198.0,1.0997,37,H_RECMND_STAR_RATING,Recommend hospital - star rating,Recommend hospital - star rating,3.0,637.0,16.0
"STAFFORD HOSPITAL, LLC",490140,VA,READM-30-PN-HRRP,198.0,1.0997,37,H_STAR_RATING,Summary star rating,Summary star rating,3.0,637.0,16.0
"STAFFORD HOSPITAL, LLC",490140,VA,READM-30-HF-HRRP,185.0,1.0106,36,H_COMP_1_STAR_RATING,Nurse communication - star rating,Nurse communication - star rating,2.0,637.0,16.0
"STAFFORD HOSPITAL, LLC",490140,VA,READM-30-HF-HRRP,185.0,1.0106,36,H_COMP_2_STAR_RATING,Doctor communication - star rating,Doctor communication - star rating,2.0,637.0,16.0
"STAFFORD HOSPITAL, LLC",490140,VA,READM-30-HF-HRRP,185.0,1.0106,36,H_COMP_5_STAR_RATING,Communication about medicines - star rating,Communication about medicines - star rating,2.0,637.0,16.0
"STAFFORD HOSPITAL, LLC",490140,VA,READM-30-HF-HRRP,185.0,1.0106,36,H_COMP_6_STAR_RATING,Discharge information - star rating,Discharge information - star rating,4.0,637.0,16.0
"STAFFORD HOSPITAL, LLC",490140,VA,READM-30-HF-HRRP,185.0,1.0106,36,H_CLEAN_STAR_RATING,Cleanliness - star rating,Cleanliness - star rating,4.0,637.0,16.0
"STAFFORD HOSPITAL, LLC",490140,VA,READM-30-HF-HRRP,185.0,1.0106,36,H_QUIET_STAR_RATING,Quietness - star rating,Quietness - star rating,3.0,637.0,16.0
"STAFFORD HOSPITAL, LLC",490140,VA,READM-30-HF-HRRP,185.0,1.0106,36,H_HSP_RATING_STAR_RATING,Overall hospital rating - star rating,Overall hospital rating - star rating,3.0,637.0,16.0
"STAFFORD HOSPITAL, LLC",490140,VA,READM-30-HF-HRRP,185.0,1.0106,36,H_RECMND_STAR_RATING,Recommend hospital - star rating,Recommend hospital - star rating,3.0,637.0,16.0
"STAFFORD HOSPITAL, LLC",490140,VA,READM-30-HF-HRRP,185.0,1.0106,36,H_STAR_RATING,Summary star rating,Summary star rating,3.0,637.0,16.0
"STAFFORD HOSPITAL, LLC",490140,VA,READM-30-COPD-HRRP,82.0,1.0471,16,H_COMP_1_STAR_RATING,Nurse communication - star rating,Nurse communication - star rating,2.0,637.0,16.0
"STAFFORD HOSPITAL, LLC",490140,VA,READM-30-COPD-HRRP,82.0,1.0471,16,H_COMP_2_STAR_RATING,Doctor communication - star rating,Doctor communication - star rating,2.0,637.0,16.0
"STAFFORD HOSPITAL, LLC",490140,VA,READM-30-COPD-HRRP,82.0,1.0471,16,H_COMP_5_STAR_RATING,Communication about medicines - star rating,Communication about medicines - star rating,2.0,637.0,16.0
"STAFFORD HOSPITAL, LLC",490140,VA,READM-30-COPD-HRRP,82.0,1.0471,16,H_COMP_6_STAR_RATING,Discharge information - star rating,Discharge information - star rating,4.0,637.0,16.0
"STAFFORD HOSPITAL, LLC",490140,VA,READM-30-COPD-HRRP,82.0,1.0471,16,H_CLEAN_STAR_RATING,Cleanliness - star rating,Cleanliness - star rating,4.0,637.0,16.0
"STAFFORD HOSPITAL, LLC",490140,VA,READM-30-COPD-HRRP,82.0,1.0471,16,H_QUIET_STAR_RATING,Quietness - star rating,Quietness - star rating,3.0,637.0,16.0
"STAFFORD HOSPITAL, LLC",490140,VA,READM-30-COPD-HRRP,82.0,1.0471,16,H_HSP_RATING_STAR_RATING,Overall hospital rating - star rating,Overall hospital rating - star rating,3.0,637.0,16.0
"STAFFORD HOSPITAL, LLC",490140,VA,READM-30-COPD-HRRP,82.0,1.0471,16,H_RECMND_STAR_RATING,Recommend hospital - star rating,Recommend hospital - star rating,3.0,637.0,16.0
"STAFFORD HOSPITAL, LLC",490140,VA,READM-30-COPD-HRRP,82.0,1.0471,16,H_STAR_RATING,Summary star rating,Summary star rating,3.0,637.0,16.0
SPOTSYLVANIA REGIONAL MEDICAL CENTER,490141,VA,READM-30-PN-HRRP,219.0,1.0756,42,H_COMP_1_STAR_RATING,Nurse communication - star rating,Nurse communication - star rating,2.0,419.0,14.0
SPOTSYLVANIA REGIONAL MEDICAL CENTER,490141,VA,READM-30-PN-HRRP,219.0,1.0756,42,H_COMP_2_STAR_RATING,Doctor communication - star rating,Doctor communication - star rating,1.0,419.0,14.0
SPOTSYLVANIA REGIONAL MEDICAL CENTER,490141,VA,READM-30-PN-HRRP,219.0,1.0756,42,H_COMP_5_STAR_RATING,Communication about medicines - star rating,Communication about medicines - star rating,1.0,419.0,14.0
SPOTSYLVANIA REGIONAL MEDICAL CENTER,490141,VA,READM-30-PN-HRRP,219.0,1.0756,42,H_COMP_6_STAR_RATING,Discharge information - star rating,Discharge information - star rating,1.0,419.0,14.0
SPOTSYLVANIA REGIONAL MEDICAL CENTER,490141,VA,READM-30-PN-HRRP,219.0,1.0756,42,H_CLEAN_STAR_RATING,Cleanliness - star rating,Cleanliness - star rating,3.0,419.0,14.0
SPOTSYLVANIA REGIONAL MEDICAL CENTER,490141,VA,READM-30-PN-HRRP,219.0,1.0756,42,H_QUIET_STAR_RATING,Quietness - star rating,Quietness - star rating,2.0,419.0,14.0
SPOTSYLVANIA REGIONAL MEDICAL CENTER,490141,VA,READM-30-PN-HRRP,219.0,1.0756,42,H_HSP_RATING_STAR_RATING,Overall hospital rating - star rating,Overall hospital rating - star rating,2.0,419.0,14.0
SPOTSYLVANIA REGIONAL MEDICAL CENTER,490141,VA,READM-30-PN-HRRP,219.0,1.0756,42,H_RECMND_STAR_RATING,Recommend hospital - star rating,Recommend hospital - star rating,2.0,419.0,14.0
SPOTSYLVANIA REGIONAL MEDICAL CENTER,490141,VA,READM-30-PN-HRRP,219.0,1.0756,42,H_STAR_RATING,Summary star rating,Summary star rating,2.0,419.0,14.0
SPOTSYLVANIA REGIONAL MEDICAL CENTER,490141,VA,READM-30-HF-HRRP,295.0,1.1463,79,H_COMP_1_STAR_RATING,Nurse communication - star rating,Nurse communication - star rating,2.0,419.0,14.0
SPOTSYLVANIA REGIONAL MEDICAL CENTER,490141,VA,READM-30-HF-HRRP,295.0,1.1463,79,H_COMP_2_STAR_RATING,Doctor communication - star rating,Doctor communication - star rating,1.0,419.0,14.0
SPOTSYLVANIA REGIONAL MEDICAL CENTER,490141,VA,READM-30-HF-HRRP,295.0,1.1463,79,H_COMP_5_STAR_RATING,Communication about medicines - star rating,Communication about medicines - star rating,1.0,419.0,14.0
SPOTSYLVANIA REGIONAL MEDICAL CENTER,490141,VA,READM-30-HF-HRRP,295.0,1.1463,79,H_COMP_6_STAR_RATING,Discharge information - star rating,Discharge information - star rating,1.0,419.0,14.0
SPOTSYLVANIA REGIONAL MEDICAL CENTER,490141,VA,READM-30-HF-HRRP,295.0,1.1463,79,H_CLEAN_STAR_RATING,Cleanliness - star rating,Cleanliness - star rating,3.0,419.0,14.0
SPOTSYLVANIA REGIONAL MEDICAL CENTER,490141,VA,READM-30-HF-HRRP,295.0,1.1463,79,H_QUIET_STAR_RATING,Quietness - star rating,Quietness - star rating,2.0,419.0,14.0
SPOTSYLVANIA REGIONAL MEDICAL CENTER,490141,VA,READM-30-HF-HRRP,295.0,1.1463,79,H_HSP_RATING_STAR_RATING,Overall hospital rating - star rating,Overall hospital rating - star rating,2.0,419.0,14.0
SPOTSYLVANIA REGIONAL MEDICAL CENTER,490141,VA,READM-30-HF-HRRP,295.0,1.1463,79,H_RECMND_STAR_RATING,Recommend hospital - star rating,Recommend hospital - star rating,2.0,419.0,14.0
SPOTSYLVANIA REGIONAL MEDICAL CENTER,490141,VA,READM-30-HF-HRRP,295.0,1.1463,79,H_STAR_RATING,Summary star rating,Summary star rating,2.0,419.0,14.0
SPOTSYLVANIA REGIONAL MEDICAL CENTER,490141,VA,READM-30-COPD-HRRP,120.0,0.9935,21,H_COMP_1_STAR_RATING,Nurse communication - star rating,Nurse communication - star rating,2.0,419.0,14.0
SPOTSYLVANIA REGIONAL MEDICAL CENTER,490141,VA,READM-30-COPD-HRRP,120.0,0.9935,21,H_COMP_2_STAR_RATING,Doctor communication - star rating,Doctor communication - star rating,1.0,419.0,14.0
SPOTSYLVANIA REGIONAL MEDICAL CENTER,490141,VA,READM-30-COPD-HRRP,120.0,0.9935,21,H_COMP_5_STAR_RATING,Communication about medicines - star rating,Communication about medicines - star rating,1.0,419.0,14.0
SPOTSYLVANIA REGIONAL MEDICAL CENTER,490141,VA,READM-30-COPD-HRRP,120.0,0.9935,21,H_COMP_6_STAR_RATING,Discharge information - star rating,Discharge information - star rating,1.0,419.0,14.0
SPOTSYLVANIA REGIONAL MEDICAL CENTER,490141,VA,READM-30-COPD-HRRP,120.0,0.9935,21,H_CLEAN_STAR_RATING,Cleanliness - star rating,Cleanliness - star rating,3.0,419.0,14.0
SPOTSYLVANIA REGIONAL MEDICAL CENTER,490141,VA,READM-30-COPD-HRRP,120.0,0.9935,21,H_QUIET_STAR_RATING,Quietness - star rating,Quietness - star rating,2.0,419.0,14.0
SPOTSYLVANIA REGIONAL MEDICAL CENTER,490141,VA,READM-30-COPD-HRRP,120.0,0.9935,21,H_HSP_RATING_STAR_RATING,Overall hospital rating - star rating,Overall hospital rating - star rating,2.0,419.0,14.0
SPOTSYLVANIA REGIONAL MEDICAL CENTER,490141,VA,READM-30-COPD-HRRP,120.0,0.9935,21,H_RECMND_STAR_RATING,Recommend hospital - star rating,Recommend hospital - star rating,2.0,419.0,14.0
SPOTSYLVANIA REGIONAL MEDICAL CENTER,490141,VA,READM-30-COPD-HRRP,120.0,0.9935,21,H_STAR_RATING,Summary star rating,Summary star rating,2.0,419.0,14.0
SPOTSYLVANIA REGIONAL MEDICAL CENTER,490141,VA,READM-30-AMI-HRRP,114.0,0.9663,12,H_COMP_1_STAR_RATING,Nurse communication - star rating,Nurse communication - star rating,2.0,419.0,14.0
SPOTSYLVANIA REGIONAL MEDICAL CENTER,490141,VA,READM-30-AMI-HRRP,114.0,0.9663,12,H_COMP_2_STAR_RATING,Doctor communication - star rating,Doctor communication - star rating,1.0,419.0,14.0
SPOTSYLVANIA REGIONAL MEDICAL CENTER,490141,VA,READM-30-AMI-HRRP,114.0,0.9663,12,H_COMP_5_STAR_RATING,Communication about medicines - star rating,Communication about medicines - star rating,1.0,419.0,14.0
SPOTSYLVANIA REGIONAL MEDICAL CENTER,490141,VA,READM-30-AMI-HRRP,114.0,0.9663,12,H_COMP_6_STAR_RATING,Discharge information - star rating,Discharge information - star rating,1.0,419.0,14.0
SPOTSYLVANIA REGIONAL MEDICAL CENTER,490141,VA,READM-30-AMI-HRRP,114.0,0.9663,12,H_CLEAN_STAR_RATING,Cleanliness - star rating,Cleanliness - star rating,3.0,419.0,14.0
SPOTSYLVANIA REGIONAL MEDICAL CENTER,490141,VA,READM-30-AMI-HRRP,114.0,0.9663,12,H_QUIET_STAR_RATING,Quietness - star rating,Quietness - star rating,2.0,419.0,14.0
SPOTSYLVANIA REGIONAL MEDICAL CENTER,490141,VA,READM-30-AMI-HRRP,114.0,0.9663,12,H_HSP_RATING_STAR_RATING,Overall hospital rating - star rating,Overall hospital rating - star rating,2.0,419.0,14.0
SPOTSYLVANIA REGIONAL MEDICAL CENTER,490141,VA,READM-30-AMI-HRRP,114.0,0.9663,12,H_RECMND_STAR_RATING,Recommend hospital - star rating,Recommend hospital - star rating,2.0,419.0,14.0
SPOTSYLVANIA REGIONAL MEDICAL CENTER,490141,VA,READM-30-AMI-HRRP,114.0,0.9663,12,H_STAR_RATING,Summary star rating,Summary star rating,2.0,419.0,14.0
RIVERSIDE DOCTORS' HOSPITAL OF WILLIAMSBURG,490143,VA,READM-30-PN-HRRP,152.0,0.9847,19,H_COMP_1_STAR_RATING,Nurse communication - star rating,Nurse communication - star rating,4.0,349.0,28.0
RIVERSIDE DOCTORS' HOSPITAL OF WILLIAMSBURG,490143,VA,READM-30-PN-HRRP,152.0,0.9847,19,H_COMP_2_STAR_RATING,Doctor communication - star rating,Doctor communication - star rating,4.0,349.0,28.0
RIVERSIDE DOCTORS' HOSPITAL OF WILLIAMSBURG,490143,VA,READM-30-PN-HRRP,152.0,0.9847,19,H_COMP_5_STAR_RATING,Communication about medicines - star rating,Communication about medicines - star rating,2.0,349.0,28.0
RIVERSIDE DOCTORS' HOSPITAL OF WILLIAMSBURG,490143,VA,READM-30-PN-HRRP,152.0,0.9847,19,H_COMP_6_STAR_RATING,Discharge information - star rating,Discharge information - star rating,3.0,349.0,28.0
RIVERSIDE DOCTORS' HOSPITAL OF WILLIAMSBURG,490143,VA,READM-30-PN-HRRP,152.0,0.9847,19,H_CLEAN_STAR_RATING,Cleanliness - star rating,Cleanliness - star rating,4.0,349.0,28.0
RIVERSIDE DOCTORS' HOSPITAL OF WILLIAMSBURG,490143,VA,READM-30-PN-HRRP,152.0,0.9847,19,H_QUIET_STAR_RATING,Quietness - star rating,Quietness - star rating,4.0,349.0,28.0
RIVERSIDE DOCTORS' HOSPITAL OF WILLIAMSBURG,490143,VA,READM-30-PN-HRRP,152.0,0.9847,19,H_HSP_RATING_STAR_RATING,Overall hospital rating - star rating,Overall hospital rating - star rating,4.0,349.0,28.0
RIVERSIDE DOCTORS' HOSPITAL OF WILLIAMSBURG,490143,VA,READM-30-PN-HRRP,152.0,0.9847,19,H_RECMND_STAR_RATING,Recommend hospital - star rating,Recommend hospital - star rating,4.0,349.0,28.0
RIVERSIDE DOCTORS' HOSPITAL OF WILLIAMSBURG,490143,VA,READM-30-PN-HRRP,152.0,0.9847,19,H_STAR_RATING,Summary star rating,Summary star rating,4.0,349.0,28.0
RIVERSIDE DOCTORS' HOSPITAL OF WILLIAMSBURG,490143,VA,READM-30-HF-HRRP,193.0,0.9513,27,H_COMP_1_STAR_RATING,Nurse communication - star rating,Nurse communication - star rating,4.0,349.0,28.0
RIVERSIDE DOCTORS' HOSPITAL OF WILLIAMSBURG,490143,VA,READM-30-HF-HRRP,193.0,0.9513,27,H_COMP_2_STAR_RATING,Doctor communication - star rating,Doctor communication - star rating,4.0,349.0,28.0
RIVERSIDE DOCTORS' HOSPITAL OF WILLIAMSBURG,490143,VA,READM-30-HF-HRRP,193.0,0.9513,27,H_COMP_5_STAR_RATING,Communication about medicines - star rating,Communication about medicines - star rating,2.0,349.0,28.0
RIVERSIDE DOCTORS' HOSPITAL OF WILLIAMSBURG,490143,VA,READM-30-HF-HRRP,193.0,0.9513,27,H_COMP_6_STAR_RATING,Discharge information - star rating,Discharge information - star rating,3.0,349.0,28.0
RIVERSIDE DOCTORS' HOSPITAL OF WILLIAMSBURG,490143,VA,READM-30-HF-HRRP,193.0,0.9513,27,H_CLEAN_STAR_RATING,Cleanliness - star rating,Cleanliness - star rating,4.0,349.0,28.0
RIVERSIDE DOCTORS' HOSPITAL OF WILLIAMSBURG,490143,VA,READM-30-HF-HRRP,193.0,0.9513,27,H_QUIET_STAR_RATING,Quietness - star rating,Quietness - star rating,4.0,349.0,28.0
RIVERSIDE DOCTORS' HOSPITAL OF WILLIAMSBURG,490143,VA,READM-30-HF-HRRP,193.0,0.9513,27,H_HSP_RATING_STAR_RATING,Overall hospital rating - star rating,Overall hospital rating - star rating,4.0,349.0,28.0
RIVERSIDE DOCTORS' HOSPITAL OF WILLIAMSBURG,490143,VA,READM-30-HF-HRRP,193.0,0.9513,27,H_RECMND_STAR_RATING,Recommend hospital - star rating,Recommend hospital - star rating,4.0,349.0,28.0
RIVERSIDE DOCTORS' HOSPITAL OF WILLIAMSBURG,490143,VA,READM-30-HF-HRRP,193.0,0.9513,27,H_STAR_RATING,Summary star rating,Summary star rating,4.0,349.0,28.0
UVA HEALTH HAYMARKET MEDICAL CENTER,490144,VA,READM-30-PN-HRRP,244.0,1.0806,42,H_COMP_1_STAR_RATING,Nurse communication - star rating,Nurse communication - star rating,4.0,438.0,23.0
UVA HEALTH HAYMARKET MEDICAL CENTER,490144,VA,READM-30-PN-HRRP,244.0,1.0806,42,H_COMP_2_STAR_RATING,Doctor communication - star rating,Doctor communication - star rating,4.0,438.0,23.0
UVA HEALTH HAYMARKET MEDICAL CENTER,490144,VA,READM-30-PN-HRRP,244.0,1.0806,42,H_COMP_5_STAR_RATING,Communication about medicines - star rating,Communication about medicines - star rating,3.0,438.0,23.0
UVA HEALTH HAYMARKET MEDICAL CENTER,490144,VA,READM-30-PN-HRRP,244.0,1.0806,42,H_COMP_6_STAR_RATING,Discharge information - star rating,Discharge information - star rating,3.0,438.0,23.0
UVA HEALTH HAYMARKET MEDICAL CENTER,490144,VA,READM-30-PN-HRRP,244.0,1.0806,42,H_CLEAN_STAR_RATING,Cleanliness - star rating,Cleanliness - star rating,5.0,438.0,23.0
UVA HEALTH HAYMARKET MEDICAL CENTER,490144,VA,READM-30-PN-HRRP,244.0,1.0806,42,H_QUIET_STAR_RATING,Quietness - star rating,Quietness - star rating,4.0,438.0,23.0
UVA HEALTH HAYMARKET MEDICAL CENTER,490144,VA,READM-30-PN-HRRP,244.0,1.0806,42,H_HSP_RATING_STAR_RATING,Overall hospital rating - star rating,Overall hospital rating - star rating,4.0,438.0,23.0
UVA HEALTH HAYMARKET MEDICAL CENTER,490144,VA,READM-30-PN-HRRP,244.0,1.0806,42,H_RECMND_STAR_RATING,Recommend hospital - star rating,Recommend hospital - star rating,4.0,438.0,23.0
UVA HEALTH HAYMARKET MEDICAL CENTER,490144,VA,READM-30-PN-HRRP,244.0,1.0806,42,H_STAR_RATING,Summary star rating,Summary star rating,4.0,438.0,23.0
UVA HEALTH HAYMARKET MEDICAL CENTER,490144,VA,READM-30-HF-HRRP,201.0,0.9654,33,H_COMP_1_STAR_RATING,Nurse communication - star rating,Nurse communication - star rating,4.0,438.0,23.0
UVA HEALTH HAYMARKET MEDICAL CENTER,490144,VA,READM-30-HF-HRRP,201.0,0.9654,33,H_COMP_2_STAR_RATING,Doctor communication - star rating,Doctor communication - star rating,4.0,438.0,23.0
UVA HEALTH HAYMARKET MEDICAL CENTER,490144,VA,READM-30-HF-HRRP,201.0,0.9654,33,H_COMP_5_STAR_RATING,Communication about medicines - star rating,Communication about medicines - star rating,3.0,438.0,23.0
UVA HEALTH HAYMARKET MEDICAL CENTER,490144,VA,READM-30-HF-HRRP,201.0,0.9654,33,H_COMP_6_STAR_RATING,Discharge information - star rating,Discharge information - star rating,3.0,438.0,23.0
UVA HEALTH HAYMARKET MEDICAL CENTER,490144,VA,READM-30-HF-HRRP,201.0,0.9654,33,H_CLEAN_STAR_RATING,Cleanliness - star rating,Cleanliness - star rating,5.0,438.0,23.0
UVA HEALTH HAYMARKET MEDICAL CENTER,490144,VA,READM-30-HF-HRRP,201.0,0.9654,33,H_QUIET_STAR_RATING,Quietness - star rating,Quietness - star rating,4.0,438.0,23.0
UVA HEALTH HAYMARKET MEDICAL CENTER,490144,VA,READM-30-HF-HRRP,201.0,0.9654,33,H_HSP_RATING_STAR_RATING,Overall hospital rating - star rating,Overall hospital rating - star rating,4.0,438.0,23.0
UVA HEALTH HAYMARKET MEDICAL CENTER,490144,VA,READM-30-HF-HRRP,201.0,0.9654,33,H_RECMND_STAR_RATING,Recommend hospital - star rating,Recommend hospital - star rating,4.0,438.0,23.0
UVA HEALTH HAYMARKET MEDICAL CENTER,490144,VA,READM-30-HF-HRRP,201.0,0.9654,33,H_STAR_RATING,Summary star rating,Summary star rating,4.0,438.0,23.0
STONESPRINGS HOSPITAL CENTER,490145,VA,READM-30-PN-HRRP,87.0,0.9848,11,H_COMP_1_STAR_RATING,Nurse communication - star rating,Nurse communication - star rating,4.0,430.0,16.0
STONESPRINGS HOSPITAL CENTER,490145,VA,READM-30-PN-HRRP,87.0,0.9848,11,H_COMP_2_STAR_RATING,Doctor communication - star rating,Doctor communication - star rating,3.0,430.0,16.0
STONESPRINGS HOSPITAL CENTER,490145,VA,READM-30-PN-HRRP,87.0,0.9848,11,H_COMP_5_STAR_RATING,Communication about medicines - star rating,Communication about medicines - star rating,2.0,430.0,16.0
STONESPRINGS HOSPITAL CENTER,490145,VA,READM-30-PN-HRRP,87.0,0.9848,11,H_COMP_6_STAR_RATING,Discharge information - star rating,Discharge information - star rating,3.0,430.0,16.0
STONESPRINGS HOSPITAL CENTER,490145,VA,READM-30-PN-HRRP,87.0,0.9848,11,H_CLEAN_STAR_RATING,Cleanliness - star rating,Cleanliness - star rating,4.0,430.0,16.0
STONESPRINGS HOSPITAL CENTER,490145,VA,READM-30-PN-HRRP,87.0,0.9848,11,H_QUIET_STAR_RATING,Quietness - star rating,Quietness - star rating,4.0,430.0,16.0
STONESPRINGS HOSPITAL CENTER,490145,VA,READM-30-PN-HRRP,87.0,0.9848,11,H_HSP_RATING_STAR_RATING,Overall hospital rating - star rating,Overall hospital rating - star rating,4.0,430.0,16.0
STONESPRINGS HOSPITAL CENTER,490145,VA,READM-30-PN-HRRP,87.0,0.9848,11,H_RECMND_STAR_RATING,Recommend hospital - star rating,Recommend hospital - star rating,4.0,430.0,16.0
STONESPRINGS HOSPITAL CENTER,490145,VA,READM-30-PN-HRRP,87.0,0.9848,11,H_STAR_RATING,Summary star rating,Summary star rating,3.0,430.0,16.0
STONESPRINGS HOSPITAL CENTER,490145,VA,READM-30-HF-HRRP,60.0,1.0178,13,H_COMP_1_STAR_RATING,Nurse communication - star rating,Nurse communication - star rating,4.0,430.0,16.0
STONESPRINGS HOSPITAL CENTER,490145,VA,READM-30-HF-HRRP,60.0,1.0178,13,H_COMP_2_STAR_RATING,Doctor communication - star rating,Doctor communication - star rating,3.0,430.0,16.0
STONESPRINGS HOSPITAL CENTER,490145,VA,READM-30-HF-HRRP,60.0,1.0178,13,H_COMP_5_STAR_RATING,Communication about medicines - star rating,Communication about medicines - star rating,2.0,430.0,16.0
STONESPRINGS HOSPITAL CENTER,490145,VA,READM-30-HF-HRRP,60.0,1.0178,13,H_COMP_6_STAR_RATING,Discharge information - star rating,Discharge information - star rating,3.0,430.0,16.0
STONESPRINGS HOSPITAL CENTER,490145,VA,READM-30-HF-HRRP,60.0,1.0178,13,H_CLEAN_STAR_RATING,Cleanliness - star rating,Cleanliness - star rating,4.0,430.0,16.0
STONESPRINGS HOSPITAL CENTER,490145,VA,READM-30-HF-HRRP,60.0,1.0178,13,H_QUIET_STAR_RATING,Quietness - star rating,Quietness - star rating,4.0,430.0,16.0
STONESPRINGS HOSPITAL CENTER,490145,VA,READM-30-HF-HRRP,60.0,1.0178,13,H_HSP_RATING_STAR_RATING,Overall hospital rating - star rating,Overall hospital rating - star rating,4.0,430.0,16.0
STONESPRINGS HOSPITAL CENTER,490145,VA,READM-30-HF-HRRP,60.0,1.0178,13,H_RECMND_STAR_RATING,Recommend hospital - star rating,Recommend hospital - star rating,4.0,430.0,16.0
STONESPRINGS HOSPITAL CENTER,490145,VA,READM-30-HF-HRRP,60.0,1.0178,13,H_STAR_RATING,Summary star rating,Summary star rating,3.0,430.0,16.0
